[2026-06-11 00:37:34] local.ERROR: Unable to find component: [filament.pages.auth.login] {"exception":"[object] (Livewire\\Exceptions\\ComponentNotFoundException(code: 0): Unable to find component: [filament.pages.auth.login] at /var/www/indonesia-luxe/vendor/livewire/livewire/src/Factory/Factory.php:76)
[stacktrace]
#0 /var/www/indonesia-luxe/vendor/livewire/livewire/src/Factory/Factory.php(88): Livewire\\Factory\\Factory->resolveComponentNameAndClass()
#1 /var/www/indonesia-luxe/vendor/livewire/livewire/src/Features/SupportReleaseTokens/ReleaseToken.php(15): Livewire\\Factory\\Factory->resolveComponentClass()
#2 /var/www/indonesia-luxe/vendor/livewire/livewire/src/Features/SupportReleaseTokens/SupportReleaseTokens.php(20): Livewire\\Features\\SupportReleaseTokens\\ReleaseToken::verify()
#3 /var/www/indonesia-luxe/vendor/livewire/livewire/src/EventBus.php(87): Livewire\\Features\\SupportReleaseTokens\\SupportReleaseTokens::{closure:Livewire\\Features\\SupportReleaseTokens\\SupportReleaseTokens::provide():19}()
#4 /var/www/indonesia-luxe/vendor/livewire/livewire/src/helpers.php(98): Livewire\\EventBus->trigger()
#5 /var/www/indonesia-luxe/vendor/livewire/livewire/src/Mechanisms/HandleComponents/Checksum.php(22): Livewire\\trigger()
#6 /var/www/indonesia-luxe/vendor/livewire/livewire/src/Mechanisms/HandleComponents/HandleComponents.php(244): Livewire\\Mechanisms\\HandleComponents\\Checksum::verify()
#7 /var/www/indonesia-luxe/vendor/livewire/livewire/src/Mechanisms/HandleComponents/HandleComponents.php(210): Livewire\\Mechanisms\\HandleComponents\\HandleComponents->fromSnapshot()
#8 /var/www/indonesia-luxe/vendor/livewire/livewire/src/LivewireManager.php(131): Livewire\\Mechanisms\\HandleComponents\\HandleComponents->update()
#9 /var/www/indonesia-luxe/vendor/livewire/livewire/src/Mechanisms/HandleRequests/HandleRequests.php(156): Livewire\\LivewireManager->update()
#10 /var/www/indonesia-luxe/vendor/laravel/framework/src/Illuminate/Routing/ControllerDispatcher.php(46): Livewire\\Mechanisms\\HandleRequests\\HandleRequests->handleUpdate()
#11 /var/www/indonesia-luxe/vendor/laravel/framework/src/Illuminate/Routing/Route.php(265): Illuminate\\Routing\\ControllerDispatcher->dispatch()
#12 /var/www/indonesia-luxe/vendor/laravel/framework/src/Illuminate/Routing/Route.php(211): Illuminate\\Routing\\Route->runController()
#13 /var/www/indonesia-luxe/vendor/laravel/framework/src/Illuminate/Routing/Router.php(822): Illuminate\\Routing\\Route->run()
#14 /var/www/indonesia-luxe/vendor/laravel/framework/src/Illuminate/Pipeline/Pipeline.php(180): Illuminate\\Routing\\Router->{closure:Illuminate\\Routing\\Router::runRouteWithinStack():821}()
#15 /var/www/indonesia-luxe/vendor/laravel/boost/src/Middleware/InjectBoost.php(22): Illuminate\\Pipeline\\Pipeline->{closure:Illuminate\\Pipeline\\Pipeline::prepareDestination():178}()
#16 /var/www/indonesia-luxe/vendor/laravel/framework/src/Illuminate/Pipeline/Pipeline.php(219): Laravel\\Boost\\Middleware\\InjectBoost->handle()
#17 /var/www/indonesia-luxe/app/Http/Middleware/SetLocale.php(28): Illuminate\\Pipeline\\Pipeline->{closure:{closure:Illuminate\\Pipeline\\Pipeline::carry():194}:195}()
#18 /var/www/indonesia-luxe/vendor/laravel/framework/src/Illuminate/Pipeline/Pipeline.php(219): App\\Http\\Middleware\\SetLocale->handle()
#19 /var/www/indonesia-luxe/vendor/laravel/framework/src/Illuminate/Routing/Middleware/SubstituteBindings.php(50): Illuminate\\Pipeline\\Pipeline->{closure:{closure:Illuminate\\Pipeline\\Pipeline::carry():194}:195}()
#20 /var/www/indonesia-luxe/vendor/laravel/framework/src/Illuminate/Pipeline/Pipeline.php(219): Illuminate\\Routing\\Middleware\\SubstituteBindings->handle()
#21 /var/www/indonesia-luxe/vendor/laravel/framework/src/Illuminate/Foundation/Http/Middleware/VerifyCsrfToken.php(87): Illuminate\\Pipeline\\Pipeline->{closure:{closure:Illuminate\\Pipeline\\Pipeline::carry():194}:195}()
#22 /var/www/indonesia-luxe/vendor/laravel/framework/src/Illuminate/Pipeline/Pipeline.php(219): Illuminate\\Foundation\\Http\\Middleware\\VerifyCsrfToken->handle()
#23 /var/www/indonesia-luxe/vendor/laravel/framework/src/Illuminate/View/Middleware/ShareErrorsFromSession.php(48): Illuminate\\Pipeline\\Pipeline->{closure:{closure:Illuminate\\Pipeline\\Pipeline::carry():194}:195}()
#24 /var/www/indonesia-luxe/vendor/laravel/framework/src/Illuminate/Pipeline/Pipeline.php(219): Illuminate\\View\\Middleware\\ShareErrorsFromSession->handle()
#25 /var/www/indonesia-luxe/vendor/laravel/framework/src/Illuminate/Session/Middleware/StartSession.php(120): Illuminate\\Pipeline\\Pipeline->{closure:{closure:Illuminate\\Pipeline\\Pipeline::carry():194}:195}()
#26 /var/www/indonesia-luxe/vendor/laravel/framework/src/Illuminate/Session/Middleware/StartSession.php(63): Illuminate\\Session\\Middleware\\StartSession->handleStatefulRequest()
#27 /var/www/indonesia-luxe/vendor/laravel/framework/src/Illuminate/Pipeline/Pipeline.php(219): Illuminate\\Session\\Middleware\\StartSession->handle()
#28 /var/www/indonesia-luxe/vendor/laravel/framework/src/Illuminate/Cookie/Middleware/AddQueuedCookiesToResponse.php(36): Illuminate\\Pipeline\\Pipeline->{closure:{closure:Illuminate\\Pipeline\\Pipeline::carry():194}:195}()
#29 /var/www/indonesia-luxe/vendor/laravel/framework/src/Illuminate/Pipeline/Pipeline.php(219): Illuminate\\Cookie\\Middleware\\AddQueuedCookiesToResponse->handle()
#30 /var/www/indonesia-luxe/vendor/laravel/framework/src/Illuminate/Cookie/Middleware/EncryptCookies.php(74): Illuminate\\Pipeline\\Pipeline->{closure:{closure:Illuminate\\Pipeline\\Pipeline::carry():194}:195}()
#31 /var/www/indonesia-luxe/vendor/laravel/framework/src/Illuminate/Pipeline/Pipeline.php(219): Illuminate\\Cookie\\Middleware\\EncryptCookies->handle()
#32 /var/www/indonesia-luxe/vendor/laravel/framework/src/Illuminate/Pipeline/Pipeline.php(137): Illuminate\\Pipeline\\Pipeline->{closure:{closure:Illuminate\\Pipeline\\Pipeline::carry():194}:195}()
#33 /var/www/indonesia-luxe/vendor/laravel/framework/src/Illuminate/Routing/Router.php(821): Illuminate\\Pipeline\\Pipeline->then()
#34 /var/www/indonesia-luxe/vendor/laravel/framework/src/Illuminate/Routing/Router.php(800): Illuminate\\Routing\\Router->runRouteWithinStack()
#35 /var/www/indonesia-luxe/vendor/laravel/framework/src/Illuminate/Routing/Router.php(764): Illuminate\\Routing\\Router->runRoute()
#36 /var/www/indonesia-luxe/vendor/laravel/framework/src/Illuminate/Routing/Router.php(753): Illuminate\\Routing\\Router->dispatchToRoute()
#37 /var/www/indonesia-luxe/vendor/laravel/framework/src/Illuminate/Foundation/Http/Kernel.php(200): Illuminate\\Routing\\Router->dispatch()
#38 /var/www/indonesia-luxe/vendor/laravel/framework/src/Illuminate/Pipeline/Pipeline.php(180): Illuminate\\Foundation\\Http\\Kernel->{closure:Illuminate\\Foundation\\Http\\Kernel::dispatchToRouter():197}()
#39 /var/www/indonesia-luxe/vendor/livewire/livewire/src/Features/SupportDisablingBackButtonCache/DisableBackButtonCacheMiddleware.php(19): Illuminate\\Pipeline\\Pipeline->{closure:Illuminate\\Pipeline\\Pipeline::prepareDestination():178}()
#40 /var/www/indonesia-luxe/vendor/laravel/framework/src/Illuminate/Pipeline/Pipeline.php(219): Livewire\\Features\\SupportDisablingBackButtonCache\\DisableBackButtonCacheMiddleware->handle()
#41 /var/www/indonesia-luxe/vendor/laravel/framework/src/Illuminate/Foundation/Http/Middleware/ConvertEmptyStringsToNull.php(27): Illuminate\\Pipeline\\Pipeline->{closure:{closure:Illuminate\\Pipeline\\Pipeline::carry():194}:195}()
#42 /var/www/indonesia-luxe/vendor/laravel/framework/src/Illuminate/Pipeline/Pipeline.php(219): Illuminate\\Foundation\\Http\\Middleware\\ConvertEmptyStringsToNull->handle()
#43 /var/www/indonesia-luxe/vendor/laravel/framework/src/Illuminate/Foundation/Http/Middleware/TrimStrings.php(47): Illuminate\\Pipeline\\Pipeline->{closure:{closure:Illuminate\\Pipeline\\Pipeline::carry():194}:195}()
#44 /var/www/indonesia-luxe/vendor/laravel/framework/src/Illuminate/Pipeline/Pipeline.php(219): Illuminate\\Foundation\\Http\\Middleware\\TrimStrings->handle()
#45 /var/www/indonesia-luxe/vendor/laravel/framework/src/Illuminate/Http/Middleware/ValidatePostSize.php(27): Illuminate\\Pipeline\\Pipeline->{closure:{closure:Illuminate\\Pipeline\\Pipeline::carry():194}:195}()
#46 /var/www/indonesia-luxe/vendor/laravel/framework/src/Illuminate/Pipeline/Pipeline.php(219): Illuminate\\Http\\Middleware\\ValidatePostSize->handle()
#47 /var/www/indonesia-luxe/vendor/laravel/framework/src/Illuminate/Foundation/Http/Middleware/PreventRequestsDuringMaintenance.php(109): Illuminate\\Pipeline\\Pipeline->{closure:{closure:Illuminate\\Pipeline\\Pipeline::carry():194}:195}()
#48 /var/www/indonesia-luxe/vendor/laravel/framework/src/Illuminate/Pipeline/Pipeline.php(219): Illuminate\\Foundation\\Http\\Middleware\\PreventRequestsDuringMaintenance->handle()
#49 /var/www/indonesia-luxe/vendor/laravel/framework/src/Illuminate/Http/Middleware/HandleCors.php(61): Illuminate\\Pipeline\\Pipeline->{closure:{closure:Illuminate\\Pipeline\\Pipeline::carry():194}:195}()
#50 /var/www/indonesia-luxe/vendor/laravel/framework/src/Illuminate/Pipeline/Pipeline.php(219): Illuminate\\Http\\Middleware\\HandleCors->handle()
#51 /var/www/indonesia-luxe/vendor/laravel/framework/src/Illuminate/Http/Middleware/TrustProxies.php(58): Illuminate\\Pipeline\\Pipeline->{closure:{closure:Illuminate\\Pipeline\\Pipeline::carry():194}:195}()
#52 /var/www/indonesia-luxe/vendor/laravel/framework/src/Illuminate/Pipeline/Pipeline.php(219): Illuminate\\Http\\Middleware\\TrustProxies->handle()
#53 /var/www/indonesia-luxe/vendor/laravel/framework/src/Illuminate/Foundation/Http/Middleware/InvokeDeferredCallbacks.php(22): Illuminate\\Pipeline\\Pipeline->{closure:{closure:Illuminate\\Pipeline\\Pipeline::carry():194}:195}()
#54 /var/www/indonesia-luxe/vendor/laravel/framework/src/Illuminate/Pipeline/Pipeline.php(219): Illuminate\\Foundation\\Http\\Middleware\\InvokeDeferredCallbacks->handle()
#55 /var/www/indonesia-luxe/vendor/laravel/framework/src/Illuminate/Http/Middleware/ValidatePathEncoding.php(26): Illuminate\\Pipeline\\Pipeline->{closure:{closure:Illuminate\\Pipeline\\Pipeline::carry():194}:195}()
#56 /var/www/indonesia-luxe/vendor/laravel/framework/src/Illuminate/Pipeline/Pipeline.php(219): Illuminate\\Http\\Middleware\\ValidatePathEncoding->handle()
#57 /var/www/indonesia-luxe/vendor/laravel/framework/src/Illuminate/Pipeline/Pipeline.php(137): Illuminate\\Pipeline\\Pipeline->{closure:{closure:Illuminate\\Pipeline\\Pipeline::carry():194}:195}()
#58 /var/www/indonesia-luxe/vendor/laravel/framework/src/Illuminate/Foundation/Http/Kernel.php(175): Illuminate\\Pipeline\\Pipeline->then()
#59 /var/www/indonesia-luxe/vendor/laravel/framework/src/Illuminate/Foundation/Http/Kernel.php(144): Illuminate\\Foundation\\Http\\Kernel->sendRequestThroughRouter()
#60 /var/www/indonesia-luxe/vendor/laravel/framework/src/Illuminate/Foundation/Application.php(1220): Illuminate\\Foundation\\Http\\Kernel->handle()
#61 /var/www/indonesia-luxe/public/index.php(20): Illuminate\\Foundation\\Application->handleRequest()
#62 {main}
"} 
[2026-06-11 00:37:34] local.ERROR: Unable to find component: [filament.pages.auth.login] {"exception":"[object] (Livewire\\Exceptions\\ComponentNotFoundException(code: 0): Unable to find component: [filament.pages.auth.login] at /var/www/indonesia-luxe/vendor/livewire/livewire/src/Factory/Factory.php:76)
[stacktrace]
#0 /var/www/indonesia-luxe/vendor/livewire/livewire/src/Factory/Factory.php(88): Livewire\\Factory\\Factory->resolveComponentNameAndClass()
#1 /var/www/indonesia-luxe/vendor/livewire/livewire/src/Features/SupportReleaseTokens/ReleaseToken.php(15): Livewire\\Factory\\Factory->resolveComponentClass()
#2 /var/www/indonesia-luxe/vendor/livewire/livewire/src/Features/SupportReleaseTokens/SupportReleaseTokens.php(20): Livewire\\Features\\SupportReleaseTokens\\ReleaseToken::verify()
#3 /var/www/indonesia-luxe/vendor/livewire/livewire/src/EventBus.php(87): Livewire\\Features\\SupportReleaseTokens\\SupportReleaseTokens::{closure:Livewire\\Features\\SupportReleaseTokens\\SupportReleaseTokens::provide():19}()
#4 /var/www/indonesia-luxe/vendor/livewire/livewire/src/helpers.php(98): Livewire\\EventBus->trigger()
#5 /var/www/indonesia-luxe/vendor/livewire/livewire/src/Mechanisms/HandleComponents/Checksum.php(22): Livewire\\trigger()
#6 /var/www/indonesia-luxe/vendor/livewire/livewire/src/Mechanisms/HandleComponents/HandleComponents.php(244): Livewire\\Mechanisms\\HandleComponents\\Checksum::verify()
#7 /var/www/indonesia-luxe/vendor/livewire/livewire/src/Mechanisms/HandleComponents/HandleComponents.php(210): Livewire\\Mechanisms\\HandleComponents\\HandleComponents->fromSnapshot()
#8 /var/www/indonesia-luxe/vendor/livewire/livewire/src/LivewireManager.php(131): Livewire\\Mechanisms\\HandleComponents\\HandleComponents->update()
#9 /var/www/indonesia-luxe/vendor/livewire/livewire/src/Mechanisms/HandleRequests/HandleRequests.php(156): Livewire\\LivewireManager->update()
#10 /var/www/indonesia-luxe/vendor/laravel/framework/src/Illuminate/Routing/ControllerDispatcher.php(46): Livewire\\Mechanisms\\HandleRequests\\HandleRequests->handleUpdate()
#11 /var/www/indonesia-luxe/vendor/laravel/framework/src/Illuminate/Routing/Route.php(265): Illuminate\\Routing\\ControllerDispatcher->dispatch()
#12 /var/www/indonesia-luxe/vendor/laravel/framework/src/Illuminate/Routing/Route.php(211): Illuminate\\Routing\\Route->runController()
#13 /var/www/indonesia-luxe/vendor/laravel/framework/src/Illuminate/Routing/Router.php(822): Illuminate\\Routing\\Route->run()
#14 /var/www/indonesia-luxe/vendor/laravel/framework/src/Illuminate/Pipeline/Pipeline.php(180): Illuminate\\Routing\\Router->{closure:Illuminate\\Routing\\Router::runRouteWithinStack():821}()
#15 /var/www/indonesia-luxe/vendor/laravel/boost/src/Middleware/InjectBoost.php(22): Illuminate\\Pipeline\\Pipeline->{closure:Illuminate\\Pipeline\\Pipeline::prepareDestination():178}()
#16 /var/www/indonesia-luxe/vendor/laravel/framework/src/Illuminate/Pipeline/Pipeline.php(219): Laravel\\Boost\\Middleware\\InjectBoost->handle()
#17 /var/www/indonesia-luxe/app/Http/Middleware/SetLocale.php(28): Illuminate\\Pipeline\\Pipeline->{closure:{closure:Illuminate\\Pipeline\\Pipeline::carry():194}:195}()
#18 /var/www/indonesia-luxe/vendor/laravel/framework/src/Illuminate/Pipeline/Pipeline.php(219): App\\Http\\Middleware\\SetLocale->handle()
#19 /var/www/indonesia-luxe/vendor/laravel/framework/src/Illuminate/Routing/Middleware/SubstituteBindings.php(50): Illuminate\\Pipeline\\Pipeline->{closure:{closure:Illuminate\\Pipeline\\Pipeline::carry():194}:195}()
#20 /var/www/indonesia-luxe/vendor/laravel/framework/src/Illuminate/Pipeline/Pipeline.php(219): Illuminate\\Routing\\Middleware\\SubstituteBindings->handle()
#21 /var/www/indonesia-luxe/vendor/laravel/framework/src/Illuminate/Foundation/Http/Middleware/VerifyCsrfToken.php(87): Illuminate\\Pipeline\\Pipeline->{closure:{closure:Illuminate\\Pipeline\\Pipeline::carry():194}:195}()
#22 /var/www/indonesia-luxe/vendor/laravel/framework/src/Illuminate/Pipeline/Pipeline.php(219): Illuminate\\Foundation\\Http\\Middleware\\VerifyCsrfToken->handle()
#23 /var/www/indonesia-luxe/vendor/laravel/framework/src/Illuminate/View/Middleware/ShareErrorsFromSession.php(48): Illuminate\\Pipeline\\Pipeline->{closure:{closure:Illuminate\\Pipeline\\Pipeline::carry():194}:195}()
#24 /var/www/indonesia-luxe/vendor/laravel/framework/src/Illuminate/Pipeline/Pipeline.php(219): Illuminate\\View\\Middleware\\ShareErrorsFromSession->handle()
#25 /var/www/indonesia-luxe/vendor/laravel/framework/src/Illuminate/Session/Middleware/StartSession.php(120): Illuminate\\Pipeline\\Pipeline->{closure:{closure:Illuminate\\Pipeline\\Pipeline::carry():194}:195}()
#26 /var/www/indonesia-luxe/vendor/laravel/framework/src/Illuminate/Session/Middleware/StartSession.php(63): Illuminate\\Session\\Middleware\\StartSession->handleStatefulRequest()
#27 /var/www/indonesia-luxe/vendor/laravel/framework/src/Illuminate/Pipeline/Pipeline.php(219): Illuminate\\Session\\Middleware\\StartSession->handle()
#28 /var/www/indonesia-luxe/vendor/laravel/framework/src/Illuminate/Cookie/Middleware/AddQueuedCookiesToResponse.php(36): Illuminate\\Pipeline\\Pipeline->{closure:{closure:Illuminate\\Pipeline\\Pipeline::carry():194}:195}()
#29 /var/www/indonesia-luxe/vendor/laravel/framework/src/Illuminate/Pipeline/Pipeline.php(219): Illuminate\\Cookie\\Middleware\\AddQueuedCookiesToResponse->handle()
#30 /var/www/indonesia-luxe/vendor/laravel/framework/src/Illuminate/Cookie/Middleware/EncryptCookies.php(74): Illuminate\\Pipeline\\Pipeline->{closure:{closure:Illuminate\\Pipeline\\Pipeline::carry():194}:195}()
#31 /var/www/indonesia-luxe/vendor/laravel/framework/src/Illuminate/Pipeline/Pipeline.php(219): Illuminate\\Cookie\\Middleware\\EncryptCookies->handle()
#32 /var/www/indonesia-luxe/vendor/laravel/framework/src/Illuminate/Pipeline/Pipeline.php(137): Illuminate\\Pipeline\\Pipeline->{closure:{closure:Illuminate\\Pipeline\\Pipeline::carry():194}:195}()
#33 /var/www/indonesia-luxe/vendor/laravel/framework/src/Illuminate/Routing/Router.php(821): Illuminate\\Pipeline\\Pipeline->then()
#34 /var/www/indonesia-luxe/vendor/laravel/framework/src/Illuminate/Routing/Router.php(800): Illuminate\\Routing\\Router->runRouteWithinStack()
#35 /var/www/indonesia-luxe/vendor/laravel/framework/src/Illuminate/Routing/Router.php(764): Illuminate\\Routing\\Router->runRoute()
#36 /var/www/indonesia-luxe/vendor/laravel/framework/src/Illuminate/Routing/Router.php(753): Illuminate\\Routing\\Router->dispatchToRoute()
#37 /var/www/indonesia-luxe/vendor/laravel/framework/src/Illuminate/Foundation/Http/Kernel.php(200): Illuminate\\Routing\\Router->dispatch()
#38 /var/www/indonesia-luxe/vendor/laravel/framework/src/Illuminate/Pipeline/Pipeline.php(180): Illuminate\\Foundation\\Http\\Kernel->{closure:Illuminate\\Foundation\\Http\\Kernel::dispatchToRouter():197}()
#39 /var/www/indonesia-luxe/vendor/livewire/livewire/src/Features/SupportDisablingBackButtonCache/DisableBackButtonCacheMiddleware.php(19): Illuminate\\Pipeline\\Pipeline->{closure:Illuminate\\Pipeline\\Pipeline::prepareDestination():178}()
#40 /var/www/indonesia-luxe/vendor/laravel/framework/src/Illuminate/Pipeline/Pipeline.php(219): Livewire\\Features\\SupportDisablingBackButtonCache\\DisableBackButtonCacheMiddleware->handle()
#41 /var/www/indonesia-luxe/vendor/laravel/framework/src/Illuminate/Foundation/Http/Middleware/ConvertEmptyStringsToNull.php(27): Illuminate\\Pipeline\\Pipeline->{closure:{closure:Illuminate\\Pipeline\\Pipeline::carry():194}:195}()
#42 /var/www/indonesia-luxe/vendor/laravel/framework/src/Illuminate/Pipeline/Pipeline.php(219): Illuminate\\Foundation\\Http\\Middleware\\ConvertEmptyStringsToNull->handle()
#43 /var/www/indonesia-luxe/vendor/laravel/framework/src/Illuminate/Foundation/Http/Middleware/TrimStrings.php(47): Illuminate\\Pipeline\\Pipeline->{closure:{closure:Illuminate\\Pipeline\\Pipeline::carry():194}:195}()
#44 /var/www/indonesia-luxe/vendor/laravel/framework/src/Illuminate/Pipeline/Pipeline.php(219): Illuminate\\Foundation\\Http\\Middleware\\TrimStrings->handle()
#45 /var/www/indonesia-luxe/vendor/laravel/framework/src/Illuminate/Http/Middleware/ValidatePostSize.php(27): Illuminate\\Pipeline\\Pipeline->{closure:{closure:Illuminate\\Pipeline\\Pipeline::carry():194}:195}()
#46 /var/www/indonesia-luxe/vendor/laravel/framework/src/Illuminate/Pipeline/Pipeline.php(219): Illuminate\\Http\\Middleware\\ValidatePostSize->handle()
#47 /var/www/indonesia-luxe/vendor/laravel/framework/src/Illuminate/Foundation/Http/Middleware/PreventRequestsDuringMaintenance.php(109): Illuminate\\Pipeline\\Pipeline->{closure:{closure:Illuminate\\Pipeline\\Pipeline::carry():194}:195}()
#48 /var/www/indonesia-luxe/vendor/laravel/framework/src/Illuminate/Pipeline/Pipeline.php(219): Illuminate\\Foundation\\Http\\Middleware\\PreventRequestsDuringMaintenance->handle()
#49 /var/www/indonesia-luxe/vendor/laravel/framework/src/Illuminate/Http/Middleware/HandleCors.php(61): Illuminate\\Pipeline\\Pipeline->{closure:{closure:Illuminate\\Pipeline\\Pipeline::carry():194}:195}()
#50 /var/www/indonesia-luxe/vendor/laravel/framework/src/Illuminate/Pipeline/Pipeline.php(219): Illuminate\\Http\\Middleware\\HandleCors->handle()
#51 /var/www/indonesia-luxe/vendor/laravel/framework/src/Illuminate/Http/Middleware/TrustProxies.php(58): Illuminate\\Pipeline\\Pipeline->{closure:{closure:Illuminate\\Pipeline\\Pipeline::carry():194}:195}()
#52 /var/www/indonesia-luxe/vendor/laravel/framework/src/Illuminate/Pipeline/Pipeline.php(219): Illuminate\\Http\\Middleware\\TrustProxies->handle()
#53 /var/www/indonesia-luxe/vendor/laravel/framework/src/Illuminate/Foundation/Http/Middleware/InvokeDeferredCallbacks.php(22): Illuminate\\Pipeline\\Pipeline->{closure:{closure:Illuminate\\Pipeline\\Pipeline::carry():194}:195}()
#54 /var/www/indonesia-luxe/vendor/laravel/framework/src/Illuminate/Pipeline/Pipeline.php(219): Illuminate\\Foundation\\Http\\Middleware\\InvokeDeferredCallbacks->handle()
#55 /var/www/indonesia-luxe/vendor/laravel/framework/src/Illuminate/Http/Middleware/ValidatePathEncoding.php(26): Illuminate\\Pipeline\\Pipeline->{closure:{closure:Illuminate\\Pipeline\\Pipeline::carry():194}:195}()
#56 /var/www/indonesia-luxe/vendor/laravel/framework/src/Illuminate/Pipeline/Pipeline.php(219): Illuminate\\Http\\Middleware\\ValidatePathEncoding->handle()
#57 /var/www/indonesia-luxe/vendor/laravel/framework/src/Illuminate/Pipeline/Pipeline.php(137): Illuminate\\Pipeline\\Pipeline->{closure:{closure:Illuminate\\Pipeline\\Pipeline::carry():194}:195}()
#58 /var/www/indonesia-luxe/vendor/laravel/framework/src/Illuminate/Foundation/Http/Kernel.php(175): Illuminate\\Pipeline\\Pipeline->then()
#59 /var/www/indonesia-luxe/vendor/laravel/framework/src/Illuminate/Foundation/Http/Kernel.php(144): Illuminate\\Foundation\\Http\\Kernel->sendRequestThroughRouter()
#60 /var/www/indonesia-luxe/vendor/laravel/framework/src/Illuminate/Foundation/Application.php(1220): Illuminate\\Foundation\\Http\\Kernel->handle()
#61 /var/www/indonesia-luxe/public/index.php(20): Illuminate\\Foundation\\Application->handleRequest()
#62 {main}
"} 
[2026-06-11 00:37:35] local.ERROR: Unable to find component: [filament.pages.auth.register] {"exception":"[object] (Livewire\\Exceptions\\ComponentNotFoundException(code: 0): Unable to find component: [filament.pages.auth.register] at /var/www/indonesia-luxe/vendor/livewire/livewire/src/Factory/Factory.php:76)
[stacktrace]
#0 /var/www/indonesia-luxe/vendor/livewire/livewire/src/Factory/Factory.php(88): Livewire\\Factory\\Factory->resolveComponentNameAndClass()
#1 /var/www/indonesia-luxe/vendor/livewire/livewire/src/Features/SupportReleaseTokens/ReleaseToken.php(15): Livewire\\Factory\\Factory->resolveComponentClass()
#2 /var/www/indonesia-luxe/vendor/livewire/livewire/src/Features/SupportReleaseTokens/SupportReleaseTokens.php(20): Livewire\\Features\\SupportReleaseTokens\\ReleaseToken::verify()
#3 /var/www/indonesia-luxe/vendor/livewire/livewire/src/EventBus.php(87): Livewire\\Features\\SupportReleaseTokens\\SupportReleaseTokens::{closure:Livewire\\Features\\SupportReleaseTokens\\SupportReleaseTokens::provide():19}()
#4 /var/www/indonesia-luxe/vendor/livewire/livewire/src/helpers.php(98): Livewire\\EventBus->trigger()
#5 /var/www/indonesia-luxe/vendor/livewire/livewire/src/Mechanisms/HandleComponents/Checksum.php(22): Livewire\\trigger()
#6 /var/www/indonesia-luxe/vendor/livewire/livewire/src/Mechanisms/HandleComponents/HandleComponents.php(244): Livewire\\Mechanisms\\HandleComponents\\Checksum::verify()
#7 /var/www/indonesia-luxe/vendor/livewire/livewire/src/Mechanisms/HandleComponents/HandleComponents.php(210): Livewire\\Mechanisms\\HandleComponents\\HandleComponents->fromSnapshot()
#8 /var/www/indonesia-luxe/vendor/livewire/livewire/src/LivewireManager.php(131): Livewire\\Mechanisms\\HandleComponents\\HandleComponents->update()
#9 /var/www/indonesia-luxe/vendor/livewire/livewire/src/Mechanisms/HandleRequests/HandleRequests.php(156): Livewire\\LivewireManager->update()
#10 /var/www/indonesia-luxe/vendor/laravel/framework/src/Illuminate/Routing/ControllerDispatcher.php(46): Livewire\\Mechanisms\\HandleRequests\\HandleRequests->handleUpdate()
#11 /var/www/indonesia-luxe/vendor/laravel/framework/src/Illuminate/Routing/Route.php(265): Illuminate\\Routing\\ControllerDispatcher->dispatch()
#12 /var/www/indonesia-luxe/vendor/laravel/framework/src/Illuminate/Routing/Route.php(211): Illuminate\\Routing\\Route->runController()
#13 /var/www/indonesia-luxe/vendor/laravel/framework/src/Illuminate/Routing/Router.php(822): Illuminate\\Routing\\Route->run()
#14 /var/www/indonesia-luxe/vendor/laravel/framework/src/Illuminate/Pipeline/Pipeline.php(180): Illuminate\\Routing\\Router->{closure:Illuminate\\Routing\\Router::runRouteWithinStack():821}()
#15 /var/www/indonesia-luxe/vendor/laravel/boost/src/Middleware/InjectBoost.php(22): Illuminate\\Pipeline\\Pipeline->{closure:Illuminate\\Pipeline\\Pipeline::prepareDestination():178}()
#16 /var/www/indonesia-luxe/vendor/laravel/framework/src/Illuminate/Pipeline/Pipeline.php(219): Laravel\\Boost\\Middleware\\InjectBoost->handle()
#17 /var/www/indonesia-luxe/app/Http/Middleware/SetLocale.php(28): Illuminate\\Pipeline\\Pipeline->{closure:{closure:Illuminate\\Pipeline\\Pipeline::carry():194}:195}()
#18 /var/www/indonesia-luxe/vendor/laravel/framework/src/Illuminate/Pipeline/Pipeline.php(219): App\\Http\\Middleware\\SetLocale->handle()
#19 /var/www/indonesia-luxe/vendor/laravel/framework/src/Illuminate/Routing/Middleware/SubstituteBindings.php(50): Illuminate\\Pipeline\\Pipeline->{closure:{closure:Illuminate\\Pipeline\\Pipeline::carry():194}:195}()
#20 /var/www/indonesia-luxe/vendor/laravel/framework/src/Illuminate/Pipeline/Pipeline.php(219): Illuminate\\Routing\\Middleware\\SubstituteBindings->handle()
#21 /var/www/indonesia-luxe/vendor/laravel/framework/src/Illuminate/Foundation/Http/Middleware/VerifyCsrfToken.php(87): Illuminate\\Pipeline\\Pipeline->{closure:{closure:Illuminate\\Pipeline\\Pipeline::carry():194}:195}()
#22 /var/www/indonesia-luxe/vendor/laravel/framework/src/Illuminate/Pipeline/Pipeline.php(219): Illuminate\\Foundation\\Http\\Middleware\\VerifyCsrfToken->handle()
#23 /var/www/indonesia-luxe/vendor/laravel/framework/src/Illuminate/View/Middleware/ShareErrorsFromSession.php(48): Illuminate\\Pipeline\\Pipeline->{closure:{closure:Illuminate\\Pipeline\\Pipeline::carry():194}:195}()
#24 /var/www/indonesia-luxe/vendor/laravel/framework/src/Illuminate/Pipeline/Pipeline.php(219): Illuminate\\View\\Middleware\\ShareErrorsFromSession->handle()
#25 /var/www/indonesia-luxe/vendor/laravel/framework/src/Illuminate/Session/Middleware/StartSession.php(120): Illuminate\\Pipeline\\Pipeline->{closure:{closure:Illuminate\\Pipeline\\Pipeline::carry():194}:195}()
#26 /var/www/indonesia-luxe/vendor/laravel/framework/src/Illuminate/Session/Middleware/StartSession.php(63): Illuminate\\Session\\Middleware\\StartSession->handleStatefulRequest()
#27 /var/www/indonesia-luxe/vendor/laravel/framework/src/Illuminate/Pipeline/Pipeline.php(219): Illuminate\\Session\\Middleware\\StartSession->handle()
#28 /var/www/indonesia-luxe/vendor/laravel/framework/src/Illuminate/Cookie/Middleware/AddQueuedCookiesToResponse.php(36): Illuminate\\Pipeline\\Pipeline->{closure:{closure:Illuminate\\Pipeline\\Pipeline::carry():194}:195}()
#29 /var/www/indonesia-luxe/vendor/laravel/framework/src/Illuminate/Pipeline/Pipeline.php(219): Illuminate\\Cookie\\Middleware\\AddQueuedCookiesToResponse->handle()
#30 /var/www/indonesia-luxe/vendor/laravel/framework/src/Illuminate/Cookie/Middleware/EncryptCookies.php(74): Illuminate\\Pipeline\\Pipeline->{closure:{closure:Illuminate\\Pipeline\\Pipeline::carry():194}:195}()
#31 /var/www/indonesia-luxe/vendor/laravel/framework/src/Illuminate/Pipeline/Pipeline.php(219): Illuminate\\Cookie\\Middleware\\EncryptCookies->handle()
#32 /var/www/indonesia-luxe/vendor/laravel/framework/src/Illuminate/Pipeline/Pipeline.php(137): Illuminate\\Pipeline\\Pipeline->{closure:{closure:Illuminate\\Pipeline\\Pipeline::carry():194}:195}()
#33 /var/www/indonesia-luxe/vendor/laravel/framework/src/Illuminate/Routing/Router.php(821): Illuminate\\Pipeline\\Pipeline->then()
#34 /var/www/indonesia-luxe/vendor/laravel/framework/src/Illuminate/Routing/Router.php(800): Illuminate\\Routing\\Router->runRouteWithinStack()
#35 /var/www/indonesia-luxe/vendor/laravel/framework/src/Illuminate/Routing/Router.php(764): Illuminate\\Routing\\Router->runRoute()
#36 /var/www/indonesia-luxe/vendor/laravel/framework/src/Illuminate/Routing/Router.php(753): Illuminate\\Routing\\Router->dispatchToRoute()
#37 /var/www/indonesia-luxe/vendor/laravel/framework/src/Illuminate/Foundation/Http/Kernel.php(200): Illuminate\\Routing\\Router->dispatch()
#38 /var/www/indonesia-luxe/vendor/laravel/framework/src/Illuminate/Pipeline/Pipeline.php(180): Illuminate\\Foundation\\Http\\Kernel->{closure:Illuminate\\Foundation\\Http\\Kernel::dispatchToRouter():197}()
#39 /var/www/indonesia-luxe/vendor/livewire/livewire/src/Features/SupportDisablingBackButtonCache/DisableBackButtonCacheMiddleware.php(19): Illuminate\\Pipeline\\Pipeline->{closure:Illuminate\\Pipeline\\Pipeline::prepareDestination():178}()
#40 /var/www/indonesia-luxe/vendor/laravel/framework/src/Illuminate/Pipeline/Pipeline.php(219): Livewire\\Features\\SupportDisablingBackButtonCache\\DisableBackButtonCacheMiddleware->handle()
#41 /var/www/indonesia-luxe/vendor/laravel/framework/src/Illuminate/Foundation/Http/Middleware/ConvertEmptyStringsToNull.php(27): Illuminate\\Pipeline\\Pipeline->{closure:{closure:Illuminate\\Pipeline\\Pipeline::carry():194}:195}()
#42 /var/www/indonesia-luxe/vendor/laravel/framework/src/Illuminate/Pipeline/Pipeline.php(219): Illuminate\\Foundation\\Http\\Middleware\\ConvertEmptyStringsToNull->handle()
#43 /var/www/indonesia-luxe/vendor/laravel/framework/src/Illuminate/Foundation/Http/Middleware/TrimStrings.php(47): Illuminate\\Pipeline\\Pipeline->{closure:{closure:Illuminate\\Pipeline\\Pipeline::carry():194}:195}()
#44 /var/www/indonesia-luxe/vendor/laravel/framework/src/Illuminate/Pipeline/Pipeline.php(219): Illuminate\\Foundation\\Http\\Middleware\\TrimStrings->handle()
#45 /var/www/indonesia-luxe/vendor/laravel/framework/src/Illuminate/Http/Middleware/ValidatePostSize.php(27): Illuminate\\Pipeline\\Pipeline->{closure:{closure:Illuminate\\Pipeline\\Pipeline::carry():194}:195}()
#46 /var/www/indonesia-luxe/vendor/laravel/framework/src/Illuminate/Pipeline/Pipeline.php(219): Illuminate\\Http\\Middleware\\ValidatePostSize->handle()
#47 /var/www/indonesia-luxe/vendor/laravel/framework/src/Illuminate/Foundation/Http/Middleware/PreventRequestsDuringMaintenance.php(109): Illuminate\\Pipeline\\Pipeline->{closure:{closure:Illuminate\\Pipeline\\Pipeline::carry():194}:195}()
#48 /var/www/indonesia-luxe/vendor/laravel/framework/src/Illuminate/Pipeline/Pipeline.php(219): Illuminate\\Foundation\\Http\\Middleware\\PreventRequestsDuringMaintenance->handle()
#49 /var/www/indonesia-luxe/vendor/laravel/framework/src/Illuminate/Http/Middleware/HandleCors.php(61): Illuminate\\Pipeline\\Pipeline->{closure:{closure:Illuminate\\Pipeline\\Pipeline::carry():194}:195}()
#50 /var/www/indonesia-luxe/vendor/laravel/framework/src/Illuminate/Pipeline/Pipeline.php(219): Illuminate\\Http\\Middleware\\HandleCors->handle()
#51 /var/www/indonesia-luxe/vendor/laravel/framework/src/Illuminate/Http/Middleware/TrustProxies.php(58): Illuminate\\Pipeline\\Pipeline->{closure:{closure:Illuminate\\Pipeline\\Pipeline::carry():194}:195}()
#52 /var/www/indonesia-luxe/vendor/laravel/framework/src/Illuminate/Pipeline/Pipeline.php(219): Illuminate\\Http\\Middleware\\TrustProxies->handle()
#53 /var/www/indonesia-luxe/vendor/laravel/framework/src/Illuminate/Foundation/Http/Middleware/InvokeDeferredCallbacks.php(22): Illuminate\\Pipeline\\Pipeline->{closure:{closure:Illuminate\\Pipeline\\Pipeline::carry():194}:195}()
#54 /var/www/indonesia-luxe/vendor/laravel/framework/src/Illuminate/Pipeline/Pipeline.php(219): Illuminate\\Foundation\\Http\\Middleware\\InvokeDeferredCallbacks->handle()
#55 /var/www/indonesia-luxe/vendor/laravel/framework/src/Illuminate/Http/Middleware/ValidatePathEncoding.php(26): Illuminate\\Pipeline\\Pipeline->{closure:{closure:Illuminate\\Pipeline\\Pipeline::carry():194}:195}()
#56 /var/www/indonesia-luxe/vendor/laravel/framework/src/Illuminate/Pipeline/Pipeline.php(219): Illuminate\\Http\\Middleware\\ValidatePathEncoding->handle()
#57 /var/www/indonesia-luxe/vendor/laravel/framework/src/Illuminate/Pipeline/Pipeline.php(137): Illuminate\\Pipeline\\Pipeline->{closure:{closure:Illuminate\\Pipeline\\Pipeline::carry():194}:195}()
#58 /var/www/indonesia-luxe/vendor/laravel/framework/src/Illuminate/Foundation/Http/Kernel.php(175): Illuminate\\Pipeline\\Pipeline->then()
#59 /var/www/indonesia-luxe/vendor/laravel/framework/src/Illuminate/Foundation/Http/Kernel.php(144): Illuminate\\Foundation\\Http\\Kernel->sendRequestThroughRouter()
#60 /var/www/indonesia-luxe/vendor/laravel/framework/src/Illuminate/Foundation/Application.php(1220): Illuminate\\Foundation\\Http\\Kernel->handle()
#61 /var/www/indonesia-luxe/public/index.php(20): Illuminate\\Foundation\\Application->handleRequest()
#62 {main}
"} 
[2026-06-11 00:37:35] local.ERROR: Unable to find component: [filament.pages.auth.register] {"exception":"[object] (Livewire\\Exceptions\\ComponentNotFoundException(code: 0): Unable to find component: [filament.pages.auth.register] at /var/www/indonesia-luxe/vendor/livewire/livewire/src/Factory/Factory.php:76)
[stacktrace]
#0 /var/www/indonesia-luxe/vendor/livewire/livewire/src/Factory/Factory.php(88): Livewire\\Factory\\Factory->resolveComponentNameAndClass()
#1 /var/www/indonesia-luxe/vendor/livewire/livewire/src/Features/SupportReleaseTokens/ReleaseToken.php(15): Livewire\\Factory\\Factory->resolveComponentClass()
#2 /var/www/indonesia-luxe/vendor/livewire/livewire/src/Features/SupportReleaseTokens/SupportReleaseTokens.php(20): Livewire\\Features\\SupportReleaseTokens\\ReleaseToken::verify()
#3 /var/www/indonesia-luxe/vendor/livewire/livewire/src/EventBus.php(87): Livewire\\Features\\SupportReleaseTokens\\SupportReleaseTokens::{closure:Livewire\\Features\\SupportReleaseTokens\\SupportReleaseTokens::provide():19}()
#4 /var/www/indonesia-luxe/vendor/livewire/livewire/src/helpers.php(98): Livewire\\EventBus->trigger()
#5 /var/www/indonesia-luxe/vendor/livewire/livewire/src/Mechanisms/HandleComponents/Checksum.php(22): Livewire\\trigger()
#6 /var/www/indonesia-luxe/vendor/livewire/livewire/src/Mechanisms/HandleComponents/HandleComponents.php(244): Livewire\\Mechanisms\\HandleComponents\\Checksum::verify()
#7 /var/www/indonesia-luxe/vendor/livewire/livewire/src/Mechanisms/HandleComponents/HandleComponents.php(210): Livewire\\Mechanisms\\HandleComponents\\HandleComponents->fromSnapshot()
#8 /var/www/indonesia-luxe/vendor/livewire/livewire/src/LivewireManager.php(131): Livewire\\Mechanisms\\HandleComponents\\HandleComponents->update()
#9 /var/www/indonesia-luxe/vendor/livewire/livewire/src/Mechanisms/HandleRequests/HandleRequests.php(156): Livewire\\LivewireManager->update()
#10 /var/www/indonesia-luxe/vendor/laravel/framework/src/Illuminate/Routing/ControllerDispatcher.php(46): Livewire\\Mechanisms\\HandleRequests\\HandleRequests->handleUpdate()
#11 /var/www/indonesia-luxe/vendor/laravel/framework/src/Illuminate/Routing/Route.php(265): Illuminate\\Routing\\ControllerDispatcher->dispatch()
#12 /var/www/indonesia-luxe/vendor/laravel/framework/src/Illuminate/Routing/Route.php(211): Illuminate\\Routing\\Route->runController()
#13 /var/www/indonesia-luxe/vendor/laravel/framework/src/Illuminate/Routing/Router.php(822): Illuminate\\Routing\\Route->run()
#14 /var/www/indonesia-luxe/vendor/laravel/framework/src/Illuminate/Pipeline/Pipeline.php(180): Illuminate\\Routing\\Router->{closure:Illuminate\\Routing\\Router::runRouteWithinStack():821}()
#15 /var/www/indonesia-luxe/vendor/laravel/boost/src/Middleware/InjectBoost.php(22): Illuminate\\Pipeline\\Pipeline->{closure:Illuminate\\Pipeline\\Pipeline::prepareDestination():178}()
#16 /var/www/indonesia-luxe/vendor/laravel/framework/src/Illuminate/Pipeline/Pipeline.php(219): Laravel\\Boost\\Middleware\\InjectBoost->handle()
#17 /var/www/indonesia-luxe/app/Http/Middleware/SetLocale.php(28): Illuminate\\Pipeline\\Pipeline->{closure:{closure:Illuminate\\Pipeline\\Pipeline::carry():194}:195}()
#18 /var/www/indonesia-luxe/vendor/laravel/framework/src/Illuminate/Pipeline/Pipeline.php(219): App\\Http\\Middleware\\SetLocale->handle()
#19 /var/www/indonesia-luxe/vendor/laravel/framework/src/Illuminate/Routing/Middleware/SubstituteBindings.php(50): Illuminate\\Pipeline\\Pipeline->{closure:{closure:Illuminate\\Pipeline\\Pipeline::carry():194}:195}()
#20 /var/www/indonesia-luxe/vendor/laravel/framework/src/Illuminate/Pipeline/Pipeline.php(219): Illuminate\\Routing\\Middleware\\SubstituteBindings->handle()
#21 /var/www/indonesia-luxe/vendor/laravel/framework/src/Illuminate/Foundation/Http/Middleware/VerifyCsrfToken.php(87): Illuminate\\Pipeline\\Pipeline->{closure:{closure:Illuminate\\Pipeline\\Pipeline::carry():194}:195}()
#22 /var/www/indonesia-luxe/vendor/laravel/framework/src/Illuminate/Pipeline/Pipeline.php(219): Illuminate\\Foundation\\Http\\Middleware\\VerifyCsrfToken->handle()
#23 /var/www/indonesia-luxe/vendor/laravel/framework/src/Illuminate/View/Middleware/ShareErrorsFromSession.php(48): Illuminate\\Pipeline\\Pipeline->{closure:{closure:Illuminate\\Pipeline\\Pipeline::carry():194}:195}()
#24 /var/www/indonesia-luxe/vendor/laravel/framework/src/Illuminate/Pipeline/Pipeline.php(219): Illuminate\\View\\Middleware\\ShareErrorsFromSession->handle()
#25 /var/www/indonesia-luxe/vendor/laravel/framework/src/Illuminate/Session/Middleware/StartSession.php(120): Illuminate\\Pipeline\\Pipeline->{closure:{closure:Illuminate\\Pipeline\\Pipeline::carry():194}:195}()
#26 /var/www/indonesia-luxe/vendor/laravel/framework/src/Illuminate/Session/Middleware/StartSession.php(63): Illuminate\\Session\\Middleware\\StartSession->handleStatefulRequest()
#27 /var/www/indonesia-luxe/vendor/laravel/framework/src/Illuminate/Pipeline/Pipeline.php(219): Illuminate\\Session\\Middleware\\StartSession->handle()
#28 /var/www/indonesia-luxe/vendor/laravel/framework/src/Illuminate/Cookie/Middleware/AddQueuedCookiesToResponse.php(36): Illuminate\\Pipeline\\Pipeline->{closure:{closure:Illuminate\\Pipeline\\Pipeline::carry():194}:195}()
#29 /var/www/indonesia-luxe/vendor/laravel/framework/src/Illuminate/Pipeline/Pipeline.php(219): Illuminate\\Cookie\\Middleware\\AddQueuedCookiesToResponse->handle()
#30 /var/www/indonesia-luxe/vendor/laravel/framework/src/Illuminate/Cookie/Middleware/EncryptCookies.php(74): Illuminate\\Pipeline\\Pipeline->{closure:{closure:Illuminate\\Pipeline\\Pipeline::carry():194}:195}()
#31 /var/www/indonesia-luxe/vendor/laravel/framework/src/Illuminate/Pipeline/Pipeline.php(219): Illuminate\\Cookie\\Middleware\\EncryptCookies->handle()
#32 /var/www/indonesia-luxe/vendor/laravel/framework/src/Illuminate/Pipeline/Pipeline.php(137): Illuminate\\Pipeline\\Pipeline->{closure:{closure:Illuminate\\Pipeline\\Pipeline::carry():194}:195}()
#33 /var/www/indonesia-luxe/vendor/laravel/framework/src/Illuminate/Routing/Router.php(821): Illuminate\\Pipeline\\Pipeline->then()
#34 /var/www/indonesia-luxe/vendor/laravel/framework/src/Illuminate/Routing/Router.php(800): Illuminate\\Routing\\Router->runRouteWithinStack()
#35 /var/www/indonesia-luxe/vendor/laravel/framework/src/Illuminate/Routing/Router.php(764): Illuminate\\Routing\\Router->runRoute()
#36 /var/www/indonesia-luxe/vendor/laravel/framework/src/Illuminate/Routing/Router.php(753): Illuminate\\Routing\\Router->dispatchToRoute()
#37 /var/www/indonesia-luxe/vendor/laravel/framework/src/Illuminate/Foundation/Http/Kernel.php(200): Illuminate\\Routing\\Router->dispatch()
#38 /var/www/indonesia-luxe/vendor/laravel/framework/src/Illuminate/Pipeline/Pipeline.php(180): Illuminate\\Foundation\\Http\\Kernel->{closure:Illuminate\\Foundation\\Http\\Kernel::dispatchToRouter():197}()
#39 /var/www/indonesia-luxe/vendor/livewire/livewire/src/Features/SupportDisablingBackButtonCache/DisableBackButtonCacheMiddleware.php(19): Illuminate\\Pipeline\\Pipeline->{closure:Illuminate\\Pipeline\\Pipeline::prepareDestination():178}()
#40 /var/www/indonesia-luxe/vendor/laravel/framework/src/Illuminate/Pipeline/Pipeline.php(219): Livewire\\Features\\SupportDisablingBackButtonCache\\DisableBackButtonCacheMiddleware->handle()
#41 /var/www/indonesia-luxe/vendor/laravel/framework/src/Illuminate/Foundation/Http/Middleware/ConvertEmptyStringsToNull.php(27): Illuminate\\Pipeline\\Pipeline->{closure:{closure:Illuminate\\Pipeline\\Pipeline::carry():194}:195}()
#42 /var/www/indonesia-luxe/vendor/laravel/framework/src/Illuminate/Pipeline/Pipeline.php(219): Illuminate\\Foundation\\Http\\Middleware\\ConvertEmptyStringsToNull->handle()
#43 /var/www/indonesia-luxe/vendor/laravel/framework/src/Illuminate/Foundation/Http/Middleware/TrimStrings.php(47): Illuminate\\Pipeline\\Pipeline->{closure:{closure:Illuminate\\Pipeline\\Pipeline::carry():194}:195}()
#44 /var/www/indonesia-luxe/vendor/laravel/framework/src/Illuminate/Pipeline/Pipeline.php(219): Illuminate\\Foundation\\Http\\Middleware\\TrimStrings->handle()
#45 /var/www/indonesia-luxe/vendor/laravel/framework/src/Illuminate/Http/Middleware/ValidatePostSize.php(27): Illuminate\\Pipeline\\Pipeline->{closure:{closure:Illuminate\\Pipeline\\Pipeline::carry():194}:195}()
#46 /var/www/indonesia-luxe/vendor/laravel/framework/src/Illuminate/Pipeline/Pipeline.php(219): Illuminate\\Http\\Middleware\\ValidatePostSize->handle()
#47 /var/www/indonesia-luxe/vendor/laravel/framework/src/Illuminate/Foundation/Http/Middleware/PreventRequestsDuringMaintenance.php(109): Illuminate\\Pipeline\\Pipeline->{closure:{closure:Illuminate\\Pipeline\\Pipeline::carry():194}:195}()
#48 /var/www/indonesia-luxe/vendor/laravel/framework/src/Illuminate/Pipeline/Pipeline.php(219): Illuminate\\Foundation\\Http\\Middleware\\PreventRequestsDuringMaintenance->handle()
#49 /var/www/indonesia-luxe/vendor/laravel/framework/src/Illuminate/Http/Middleware/HandleCors.php(61): Illuminate\\Pipeline\\Pipeline->{closure:{closure:Illuminate\\Pipeline\\Pipeline::carry():194}:195}()
#50 /var/www/indonesia-luxe/vendor/laravel/framework/src/Illuminate/Pipeline/Pipeline.php(219): Illuminate\\Http\\Middleware\\HandleCors->handle()
#51 /var/www/indonesia-luxe/vendor/laravel/framework/src/Illuminate/Http/Middleware/TrustProxies.php(58): Illuminate\\Pipeline\\Pipeline->{closure:{closure:Illuminate\\Pipeline\\Pipeline::carry():194}:195}()
#52 /var/www/indonesia-luxe/vendor/laravel/framework/src/Illuminate/Pipeline/Pipeline.php(219): Illuminate\\Http\\Middleware\\TrustProxies->handle()
#53 /var/www/indonesia-luxe/vendor/laravel/framework/src/Illuminate/Foundation/Http/Middleware/InvokeDeferredCallbacks.php(22): Illuminate\\Pipeline\\Pipeline->{closure:{closure:Illuminate\\Pipeline\\Pipeline::carry():194}:195}()
#54 /var/www/indonesia-luxe/vendor/laravel/framework/src/Illuminate/Pipeline/Pipeline.php(219): Illuminate\\Foundation\\Http\\Middleware\\InvokeDeferredCallbacks->handle()
#55 /var/www/indonesia-luxe/vendor/laravel/framework/src/Illuminate/Http/Middleware/ValidatePathEncoding.php(26): Illuminate\\Pipeline\\Pipeline->{closure:{closure:Illuminate\\Pipeline\\Pipeline::carry():194}:195}()
#56 /var/www/indonesia-luxe/vendor/laravel/framework/src/Illuminate/Pipeline/Pipeline.php(219): Illuminate\\Http\\Middleware\\ValidatePathEncoding->handle()
#57 /var/www/indonesia-luxe/vendor/laravel/framework/src/Illuminate/Pipeline/Pipeline.php(137): Illuminate\\Pipeline\\Pipeline->{closure:{closure:Illuminate\\Pipeline\\Pipeline::carry():194}:195}()
#58 /var/www/indonesia-luxe/vendor/laravel/framework/src/Illuminate/Foundation/Http/Kernel.php(175): Illuminate\\Pipeline\\Pipeline->then()
#59 /var/www/indonesia-luxe/vendor/laravel/framework/src/Illuminate/Foundation/Http/Kernel.php(144): Illuminate\\Foundation\\Http\\Kernel->sendRequestThroughRouter()
#60 /var/www/indonesia-luxe/vendor/laravel/framework/src/Illuminate/Foundation/Application.php(1220): Illuminate\\Foundation\\Http\\Kernel->handle()
#61 /var/www/indonesia-luxe/public/index.php(20): Illuminate\\Foundation\\Application->handleRequest()
#62 {main}
"} 
[2026-06-11 00:37:36] local.ERROR: Unable to find component: [filament.pages.dashboard] {"exception":"[object] (Livewire\\Exceptions\\ComponentNotFoundException(code: 0): Unable to find component: [filament.pages.dashboard] at /var/www/indonesia-luxe/vendor/livewire/livewire/src/Factory/Factory.php:76)
[stacktrace]
#0 /var/www/indonesia-luxe/vendor/livewire/livewire/src/Factory/Factory.php(88): Livewire\\Factory\\Factory->resolveComponentNameAndClass()
#1 /var/www/indonesia-luxe/vendor/livewire/livewire/src/Features/SupportReleaseTokens/ReleaseToken.php(15): Livewire\\Factory\\Factory->resolveComponentClass()
#2 /var/www/indonesia-luxe/vendor/livewire/livewire/src/Features/SupportReleaseTokens/SupportReleaseTokens.php(20): Livewire\\Features\\SupportReleaseTokens\\ReleaseToken::verify()
#3 /var/www/indonesia-luxe/vendor/livewire/livewire/src/EventBus.php(87): Livewire\\Features\\SupportReleaseTokens\\SupportReleaseTokens::{closure:Livewire\\Features\\SupportReleaseTokens\\SupportReleaseTokens::provide():19}()
#4 /var/www/indonesia-luxe/vendor/livewire/livewire/src/helpers.php(98): Livewire\\EventBus->trigger()
#5 /var/www/indonesia-luxe/vendor/livewire/livewire/src/Mechanisms/HandleComponents/Checksum.php(22): Livewire\\trigger()
#6 /var/www/indonesia-luxe/vendor/livewire/livewire/src/Mechanisms/HandleComponents/HandleComponents.php(244): Livewire\\Mechanisms\\HandleComponents\\Checksum::verify()
#7 /var/www/indonesia-luxe/vendor/livewire/livewire/src/Mechanisms/HandleComponents/HandleComponents.php(210): Livewire\\Mechanisms\\HandleComponents\\HandleComponents->fromSnapshot()
#8 /var/www/indonesia-luxe/vendor/livewire/livewire/src/LivewireManager.php(131): Livewire\\Mechanisms\\HandleComponents\\HandleComponents->update()
#9 /var/www/indonesia-luxe/vendor/livewire/livewire/src/Mechanisms/HandleRequests/HandleRequests.php(156): Livewire\\LivewireManager->update()
#10 /var/www/indonesia-luxe/vendor/laravel/framework/src/Illuminate/Routing/ControllerDispatcher.php(46): Livewire\\Mechanisms\\HandleRequests\\HandleRequests->handleUpdate()
#11 /var/www/indonesia-luxe/vendor/laravel/framework/src/Illuminate/Routing/Route.php(265): Illuminate\\Routing\\ControllerDispatcher->dispatch()
#12 /var/www/indonesia-luxe/vendor/laravel/framework/src/Illuminate/Routing/Route.php(211): Illuminate\\Routing\\Route->runController()
#13 /var/www/indonesia-luxe/vendor/laravel/framework/src/Illuminate/Routing/Router.php(822): Illuminate\\Routing\\Route->run()
#14 /var/www/indonesia-luxe/vendor/laravel/framework/src/Illuminate/Pipeline/Pipeline.php(180): Illuminate\\Routing\\Router->{closure:Illuminate\\Routing\\Router::runRouteWithinStack():821}()
#15 /var/www/indonesia-luxe/vendor/laravel/boost/src/Middleware/InjectBoost.php(22): Illuminate\\Pipeline\\Pipeline->{closure:Illuminate\\Pipeline\\Pipeline::prepareDestination():178}()
#16 /var/www/indonesia-luxe/vendor/laravel/framework/src/Illuminate/Pipeline/Pipeline.php(219): Laravel\\Boost\\Middleware\\InjectBoost->handle()
#17 /var/www/indonesia-luxe/app/Http/Middleware/SetLocale.php(28): Illuminate\\Pipeline\\Pipeline->{closure:{closure:Illuminate\\Pipeline\\Pipeline::carry():194}:195}()
#18 /var/www/indonesia-luxe/vendor/laravel/framework/src/Illuminate/Pipeline/Pipeline.php(219): App\\Http\\Middleware\\SetLocale->handle()
#19 /var/www/indonesia-luxe/vendor/laravel/framework/src/Illuminate/Routing/Middleware/SubstituteBindings.php(50): Illuminate\\Pipeline\\Pipeline->{closure:{closure:Illuminate\\Pipeline\\Pipeline::carry():194}:195}()
#20 /var/www/indonesia-luxe/vendor/laravel/framework/src/Illuminate/Pipeline/Pipeline.php(219): Illuminate\\Routing\\Middleware\\SubstituteBindings->handle()
#21 /var/www/indonesia-luxe/vendor/laravel/framework/src/Illuminate/Foundation/Http/Middleware/VerifyCsrfToken.php(87): Illuminate\\Pipeline\\Pipeline->{closure:{closure:Illuminate\\Pipeline\\Pipeline::carry():194}:195}()
#22 /var/www/indonesia-luxe/vendor/laravel/framework/src/Illuminate/Pipeline/Pipeline.php(219): Illuminate\\Foundation\\Http\\Middleware\\VerifyCsrfToken->handle()
#23 /var/www/indonesia-luxe/vendor/laravel/framework/src/Illuminate/View/Middleware/ShareErrorsFromSession.php(48): Illuminate\\Pipeline\\Pipeline->{closure:{closure:Illuminate\\Pipeline\\Pipeline::carry():194}:195}()
#24 /var/www/indonesia-luxe/vendor/laravel/framework/src/Illuminate/Pipeline/Pipeline.php(219): Illuminate\\View\\Middleware\\ShareErrorsFromSession->handle()
#25 /var/www/indonesia-luxe/vendor/laravel/framework/src/Illuminate/Session/Middleware/StartSession.php(120): Illuminate\\Pipeline\\Pipeline->{closure:{closure:Illuminate\\Pipeline\\Pipeline::carry():194}:195}()
#26 /var/www/indonesia-luxe/vendor/laravel/framework/src/Illuminate/Session/Middleware/StartSession.php(63): Illuminate\\Session\\Middleware\\StartSession->handleStatefulRequest()
#27 /var/www/indonesia-luxe/vendor/laravel/framework/src/Illuminate/Pipeline/Pipeline.php(219): Illuminate\\Session\\Middleware\\StartSession->handle()
#28 /var/www/indonesia-luxe/vendor/laravel/framework/src/Illuminate/Cookie/Middleware/AddQueuedCookiesToResponse.php(36): Illuminate\\Pipeline\\Pipeline->{closure:{closure:Illuminate\\Pipeline\\Pipeline::carry():194}:195}()
#29 /var/www/indonesia-luxe/vendor/laravel/framework/src/Illuminate/Pipeline/Pipeline.php(219): Illuminate\\Cookie\\Middleware\\AddQueuedCookiesToResponse->handle()
#30 /var/www/indonesia-luxe/vendor/laravel/framework/src/Illuminate/Cookie/Middleware/EncryptCookies.php(74): Illuminate\\Pipeline\\Pipeline->{closure:{closure:Illuminate\\Pipeline\\Pipeline::carry():194}:195}()
#31 /var/www/indonesia-luxe/vendor/laravel/framework/src/Illuminate/Pipeline/Pipeline.php(219): Illuminate\\Cookie\\Middleware\\EncryptCookies->handle()
#32 /var/www/indonesia-luxe/vendor/laravel/framework/src/Illuminate/Pipeline/Pipeline.php(137): Illuminate\\Pipeline\\Pipeline->{closure:{closure:Illuminate\\Pipeline\\Pipeline::carry():194}:195}()
#33 /var/www/indonesia-luxe/vendor/laravel/framework/src/Illuminate/Routing/Router.php(821): Illuminate\\Pipeline\\Pipeline->then()
#34 /var/www/indonesia-luxe/vendor/laravel/framework/src/Illuminate/Routing/Router.php(800): Illuminate\\Routing\\Router->runRouteWithinStack()
#35 /var/www/indonesia-luxe/vendor/laravel/framework/src/Illuminate/Routing/Router.php(764): Illuminate\\Routing\\Router->runRoute()
#36 /var/www/indonesia-luxe/vendor/laravel/framework/src/Illuminate/Routing/Router.php(753): Illuminate\\Routing\\Router->dispatchToRoute()
#37 /var/www/indonesia-luxe/vendor/laravel/framework/src/Illuminate/Foundation/Http/Kernel.php(200): Illuminate\\Routing\\Router->dispatch()
#38 /var/www/indonesia-luxe/vendor/laravel/framework/src/Illuminate/Pipeline/Pipeline.php(180): Illuminate\\Foundation\\Http\\Kernel->{closure:Illuminate\\Foundation\\Http\\Kernel::dispatchToRouter():197}()
#39 /var/www/indonesia-luxe/vendor/livewire/livewire/src/Features/SupportDisablingBackButtonCache/DisableBackButtonCacheMiddleware.php(19): Illuminate\\Pipeline\\Pipeline->{closure:Illuminate\\Pipeline\\Pipeline::prepareDestination():178}()
#40 /var/www/indonesia-luxe/vendor/laravel/framework/src/Illuminate/Pipeline/Pipeline.php(219): Livewire\\Features\\SupportDisablingBackButtonCache\\DisableBackButtonCacheMiddleware->handle()
#41 /var/www/indonesia-luxe/vendor/laravel/framework/src/Illuminate/Foundation/Http/Middleware/ConvertEmptyStringsToNull.php(27): Illuminate\\Pipeline\\Pipeline->{closure:{closure:Illuminate\\Pipeline\\Pipeline::carry():194}:195}()
#42 /var/www/indonesia-luxe/vendor/laravel/framework/src/Illuminate/Pipeline/Pipeline.php(219): Illuminate\\Foundation\\Http\\Middleware\\ConvertEmptyStringsToNull->handle()
#43 /var/www/indonesia-luxe/vendor/laravel/framework/src/Illuminate/Foundation/Http/Middleware/TrimStrings.php(47): Illuminate\\Pipeline\\Pipeline->{closure:{closure:Illuminate\\Pipeline\\Pipeline::carry():194}:195}()
#44 /var/www/indonesia-luxe/vendor/laravel/framework/src/Illuminate/Pipeline/Pipeline.php(219): Illuminate\\Foundation\\Http\\Middleware\\TrimStrings->handle()
#45 /var/www/indonesia-luxe/vendor/laravel/framework/src/Illuminate/Http/Middleware/ValidatePostSize.php(27): Illuminate\\Pipeline\\Pipeline->{closure:{closure:Illuminate\\Pipeline\\Pipeline::carry():194}:195}()
#46 /var/www/indonesia-luxe/vendor/laravel/framework/src/Illuminate/Pipeline/Pipeline.php(219): Illuminate\\Http\\Middleware\\ValidatePostSize->handle()
#47 /var/www/indonesia-luxe/vendor/laravel/framework/src/Illuminate/Foundation/Http/Middleware/PreventRequestsDuringMaintenance.php(109): Illuminate\\Pipeline\\Pipeline->{closure:{closure:Illuminate\\Pipeline\\Pipeline::carry():194}:195}()
#48 /var/www/indonesia-luxe/vendor/laravel/framework/src/Illuminate/Pipeline/Pipeline.php(219): Illuminate\\Foundation\\Http\\Middleware\\PreventRequestsDuringMaintenance->handle()
#49 /var/www/indonesia-luxe/vendor/laravel/framework/src/Illuminate/Http/Middleware/HandleCors.php(61): Illuminate\\Pipeline\\Pipeline->{closure:{closure:Illuminate\\Pipeline\\Pipeline::carry():194}:195}()
#50 /var/www/indonesia-luxe/vendor/laravel/framework/src/Illuminate/Pipeline/Pipeline.php(219): Illuminate\\Http\\Middleware\\HandleCors->handle()
#51 /var/www/indonesia-luxe/vendor/laravel/framework/src/Illuminate/Http/Middleware/TrustProxies.php(58): Illuminate\\Pipeline\\Pipeline->{closure:{closure:Illuminate\\Pipeline\\Pipeline::carry():194}:195}()
#52 /var/www/indonesia-luxe/vendor/laravel/framework/src/Illuminate/Pipeline/Pipeline.php(219): Illuminate\\Http\\Middleware\\TrustProxies->handle()
#53 /var/www/indonesia-luxe/vendor/laravel/framework/src/Illuminate/Foundation/Http/Middleware/InvokeDeferredCallbacks.php(22): Illuminate\\Pipeline\\Pipeline->{closure:{closure:Illuminate\\Pipeline\\Pipeline::carry():194}:195}()
#54 /var/www/indonesia-luxe/vendor/laravel/framework/src/Illuminate/Pipeline/Pipeline.php(219): Illuminate\\Foundation\\Http\\Middleware\\InvokeDeferredCallbacks->handle()
#55 /var/www/indonesia-luxe/vendor/laravel/framework/src/Illuminate/Http/Middleware/ValidatePathEncoding.php(26): Illuminate\\Pipeline\\Pipeline->{closure:{closure:Illuminate\\Pipeline\\Pipeline::carry():194}:195}()
#56 /var/www/indonesia-luxe/vendor/laravel/framework/src/Illuminate/Pipeline/Pipeline.php(219): Illuminate\\Http\\Middleware\\ValidatePathEncoding->handle()
#57 /var/www/indonesia-luxe/vendor/laravel/framework/src/Illuminate/Pipeline/Pipeline.php(137): Illuminate\\Pipeline\\Pipeline->{closure:{closure:Illuminate\\Pipeline\\Pipeline::carry():194}:195}()
#58 /var/www/indonesia-luxe/vendor/laravel/framework/src/Illuminate/Foundation/Http/Kernel.php(175): Illuminate\\Pipeline\\Pipeline->then()
#59 /var/www/indonesia-luxe/vendor/laravel/framework/src/Illuminate/Foundation/Http/Kernel.php(144): Illuminate\\Foundation\\Http\\Kernel->sendRequestThroughRouter()
#60 /var/www/indonesia-luxe/vendor/laravel/framework/src/Illuminate/Foundation/Application.php(1220): Illuminate\\Foundation\\Http\\Kernel->handle()
#61 /var/www/indonesia-luxe/public/index.php(20): Illuminate\\Foundation\\Application->handleRequest()
#62 {main}
"} 
[2026-06-11 00:37:37] local.ERROR: Unable to find component: [filament.pages.dashboard] {"exception":"[object] (Livewire\\Exceptions\\ComponentNotFoundException(code: 0): Unable to find component: [filament.pages.dashboard] at /var/www/indonesia-luxe/vendor/livewire/livewire/src/Factory/Factory.php:76)
[stacktrace]
#0 /var/www/indonesia-luxe/vendor/livewire/livewire/src/Factory/Factory.php(88): Livewire\\Factory\\Factory->resolveComponentNameAndClass()
#1 /var/www/indonesia-luxe/vendor/livewire/livewire/src/Features/SupportReleaseTokens/ReleaseToken.php(15): Livewire\\Factory\\Factory->resolveComponentClass()
#2 /var/www/indonesia-luxe/vendor/livewire/livewire/src/Features/SupportReleaseTokens/SupportReleaseTokens.php(20): Livewire\\Features\\SupportReleaseTokens\\ReleaseToken::verify()
#3 /var/www/indonesia-luxe/vendor/livewire/livewire/src/EventBus.php(87): Livewire\\Features\\SupportReleaseTokens\\SupportReleaseTokens::{closure:Livewire\\Features\\SupportReleaseTokens\\SupportReleaseTokens::provide():19}()
#4 /var/www/indonesia-luxe/vendor/livewire/livewire/src/helpers.php(98): Livewire\\EventBus->trigger()
#5 /var/www/indonesia-luxe/vendor/livewire/livewire/src/Mechanisms/HandleComponents/Checksum.php(22): Livewire\\trigger()
#6 /var/www/indonesia-luxe/vendor/livewire/livewire/src/Mechanisms/HandleComponents/HandleComponents.php(244): Livewire\\Mechanisms\\HandleComponents\\Checksum::verify()
#7 /var/www/indonesia-luxe/vendor/livewire/livewire/src/Mechanisms/HandleComponents/HandleComponents.php(210): Livewire\\Mechanisms\\HandleComponents\\HandleComponents->fromSnapshot()
#8 /var/www/indonesia-luxe/vendor/livewire/livewire/src/LivewireManager.php(131): Livewire\\Mechanisms\\HandleComponents\\HandleComponents->update()
#9 /var/www/indonesia-luxe/vendor/livewire/livewire/src/Mechanisms/HandleRequests/HandleRequests.php(156): Livewire\\LivewireManager->update()
#10 /var/www/indonesia-luxe/vendor/laravel/framework/src/Illuminate/Routing/ControllerDispatcher.php(46): Livewire\\Mechanisms\\HandleRequests\\HandleRequests->handleUpdate()
#11 /var/www/indonesia-luxe/vendor/laravel/framework/src/Illuminate/Routing/Route.php(265): Illuminate\\Routing\\ControllerDispatcher->dispatch()
#12 /var/www/indonesia-luxe/vendor/laravel/framework/src/Illuminate/Routing/Route.php(211): Illuminate\\Routing\\Route->runController()
#13 /var/www/indonesia-luxe/vendor/laravel/framework/src/Illuminate/Routing/Router.php(822): Illuminate\\Routing\\Route->run()
#14 /var/www/indonesia-luxe/vendor/laravel/framework/src/Illuminate/Pipeline/Pipeline.php(180): Illuminate\\Routing\\Router->{closure:Illuminate\\Routing\\Router::runRouteWithinStack():821}()
#15 /var/www/indonesia-luxe/vendor/laravel/boost/src/Middleware/InjectBoost.php(22): Illuminate\\Pipeline\\Pipeline->{closure:Illuminate\\Pipeline\\Pipeline::prepareDestination():178}()
#16 /var/www/indonesia-luxe/vendor/laravel/framework/src/Illuminate/Pipeline/Pipeline.php(219): Laravel\\Boost\\Middleware\\InjectBoost->handle()
#17 /var/www/indonesia-luxe/app/Http/Middleware/SetLocale.php(28): Illuminate\\Pipeline\\Pipeline->{closure:{closure:Illuminate\\Pipeline\\Pipeline::carry():194}:195}()
#18 /var/www/indonesia-luxe/vendor/laravel/framework/src/Illuminate/Pipeline/Pipeline.php(219): App\\Http\\Middleware\\SetLocale->handle()
#19 /var/www/indonesia-luxe/vendor/laravel/framework/src/Illuminate/Routing/Middleware/SubstituteBindings.php(50): Illuminate\\Pipeline\\Pipeline->{closure:{closure:Illuminate\\Pipeline\\Pipeline::carry():194}:195}()
#20 /var/www/indonesia-luxe/vendor/laravel/framework/src/Illuminate/Pipeline/Pipeline.php(219): Illuminate\\Routing\\Middleware\\SubstituteBindings->handle()
#21 /var/www/indonesia-luxe/vendor/laravel/framework/src/Illuminate/Foundation/Http/Middleware/VerifyCsrfToken.php(87): Illuminate\\Pipeline\\Pipeline->{closure:{closure:Illuminate\\Pipeline\\Pipeline::carry():194}:195}()
#22 /var/www/indonesia-luxe/vendor/laravel/framework/src/Illuminate/Pipeline/Pipeline.php(219): Illuminate\\Foundation\\Http\\Middleware\\VerifyCsrfToken->handle()
#23 /var/www/indonesia-luxe/vendor/laravel/framework/src/Illuminate/View/Middleware/ShareErrorsFromSession.php(48): Illuminate\\Pipeline\\Pipeline->{closure:{closure:Illuminate\\Pipeline\\Pipeline::carry():194}:195}()
#24 /var/www/indonesia-luxe/vendor/laravel/framework/src/Illuminate/Pipeline/Pipeline.php(219): Illuminate\\View\\Middleware\\ShareErrorsFromSession->handle()
#25 /var/www/indonesia-luxe/vendor/laravel/framework/src/Illuminate/Session/Middleware/StartSession.php(120): Illuminate\\Pipeline\\Pipeline->{closure:{closure:Illuminate\\Pipeline\\Pipeline::carry():194}:195}()
#26 /var/www/indonesia-luxe/vendor/laravel/framework/src/Illuminate/Session/Middleware/StartSession.php(63): Illuminate\\Session\\Middleware\\StartSession->handleStatefulRequest()
#27 /var/www/indonesia-luxe/vendor/laravel/framework/src/Illuminate/Pipeline/Pipeline.php(219): Illuminate\\Session\\Middleware\\StartSession->handle()
#28 /var/www/indonesia-luxe/vendor/laravel/framework/src/Illuminate/Cookie/Middleware/AddQueuedCookiesToResponse.php(36): Illuminate\\Pipeline\\Pipeline->{closure:{closure:Illuminate\\Pipeline\\Pipeline::carry():194}:195}()
#29 /var/www/indonesia-luxe/vendor/laravel/framework/src/Illuminate/Pipeline/Pipeline.php(219): Illuminate\\Cookie\\Middleware\\AddQueuedCookiesToResponse->handle()
#30 /var/www/indonesia-luxe/vendor/laravel/framework/src/Illuminate/Cookie/Middleware/EncryptCookies.php(74): Illuminate\\Pipeline\\Pipeline->{closure:{closure:Illuminate\\Pipeline\\Pipeline::carry():194}:195}()
#31 /var/www/indonesia-luxe/vendor/laravel/framework/src/Illuminate/Pipeline/Pipeline.php(219): Illuminate\\Cookie\\Middleware\\EncryptCookies->handle()
#32 /var/www/indonesia-luxe/vendor/laravel/framework/src/Illuminate/Pipeline/Pipeline.php(137): Illuminate\\Pipeline\\Pipeline->{closure:{closure:Illuminate\\Pipeline\\Pipeline::carry():194}:195}()
#33 /var/www/indonesia-luxe/vendor/laravel/framework/src/Illuminate/Routing/Router.php(821): Illuminate\\Pipeline\\Pipeline->then()
#34 /var/www/indonesia-luxe/vendor/laravel/framework/src/Illuminate/Routing/Router.php(800): Illuminate\\Routing\\Router->runRouteWithinStack()
#35 /var/www/indonesia-luxe/vendor/laravel/framework/src/Illuminate/Routing/Router.php(764): Illuminate\\Routing\\Router->runRoute()
#36 /var/www/indonesia-luxe/vendor/laravel/framework/src/Illuminate/Routing/Router.php(753): Illuminate\\Routing\\Router->dispatchToRoute()
#37 /var/www/indonesia-luxe/vendor/laravel/framework/src/Illuminate/Foundation/Http/Kernel.php(200): Illuminate\\Routing\\Router->dispatch()
#38 /var/www/indonesia-luxe/vendor/laravel/framework/src/Illuminate/Pipeline/Pipeline.php(180): Illuminate\\Foundation\\Http\\Kernel->{closure:Illuminate\\Foundation\\Http\\Kernel::dispatchToRouter():197}()
#39 /var/www/indonesia-luxe/vendor/livewire/livewire/src/Features/SupportDisablingBackButtonCache/DisableBackButtonCacheMiddleware.php(19): Illuminate\\Pipeline\\Pipeline->{closure:Illuminate\\Pipeline\\Pipeline::prepareDestination():178}()
#40 /var/www/indonesia-luxe/vendor/laravel/framework/src/Illuminate/Pipeline/Pipeline.php(219): Livewire\\Features\\SupportDisablingBackButtonCache\\DisableBackButtonCacheMiddleware->handle()
#41 /var/www/indonesia-luxe/vendor/laravel/framework/src/Illuminate/Foundation/Http/Middleware/ConvertEmptyStringsToNull.php(27): Illuminate\\Pipeline\\Pipeline->{closure:{closure:Illuminate\\Pipeline\\Pipeline::carry():194}:195}()
#42 /var/www/indonesia-luxe/vendor/laravel/framework/src/Illuminate/Pipeline/Pipeline.php(219): Illuminate\\Foundation\\Http\\Middleware\\ConvertEmptyStringsToNull->handle()
#43 /var/www/indonesia-luxe/vendor/laravel/framework/src/Illuminate/Foundation/Http/Middleware/TrimStrings.php(47): Illuminate\\Pipeline\\Pipeline->{closure:{closure:Illuminate\\Pipeline\\Pipeline::carry():194}:195}()
#44 /var/www/indonesia-luxe/vendor/laravel/framework/src/Illuminate/Pipeline/Pipeline.php(219): Illuminate\\Foundation\\Http\\Middleware\\TrimStrings->handle()
#45 /var/www/indonesia-luxe/vendor/laravel/framework/src/Illuminate/Http/Middleware/ValidatePostSize.php(27): Illuminate\\Pipeline\\Pipeline->{closure:{closure:Illuminate\\Pipeline\\Pipeline::carry():194}:195}()
#46 /var/www/indonesia-luxe/vendor/laravel/framework/src/Illuminate/Pipeline/Pipeline.php(219): Illuminate\\Http\\Middleware\\ValidatePostSize->handle()
#47 /var/www/indonesia-luxe/vendor/laravel/framework/src/Illuminate/Foundation/Http/Middleware/PreventRequestsDuringMaintenance.php(109): Illuminate\\Pipeline\\Pipeline->{closure:{closure:Illuminate\\Pipeline\\Pipeline::carry():194}:195}()
#48 /var/www/indonesia-luxe/vendor/laravel/framework/src/Illuminate/Pipeline/Pipeline.php(219): Illuminate\\Foundation\\Http\\Middleware\\PreventRequestsDuringMaintenance->handle()
#49 /var/www/indonesia-luxe/vendor/laravel/framework/src/Illuminate/Http/Middleware/HandleCors.php(61): Illuminate\\Pipeline\\Pipeline->{closure:{closure:Illuminate\\Pipeline\\Pipeline::carry():194}:195}()
#50 /var/www/indonesia-luxe/vendor/laravel/framework/src/Illuminate/Pipeline/Pipeline.php(219): Illuminate\\Http\\Middleware\\HandleCors->handle()
#51 /var/www/indonesia-luxe/vendor/laravel/framework/src/Illuminate/Http/Middleware/TrustProxies.php(58): Illuminate\\Pipeline\\Pipeline->{closure:{closure:Illuminate\\Pipeline\\Pipeline::carry():194}:195}()
#52 /var/www/indonesia-luxe/vendor/laravel/framework/src/Illuminate/Pipeline/Pipeline.php(219): Illuminate\\Http\\Middleware\\TrustProxies->handle()
#53 /var/www/indonesia-luxe/vendor/laravel/framework/src/Illuminate/Foundation/Http/Middleware/InvokeDeferredCallbacks.php(22): Illuminate\\Pipeline\\Pipeline->{closure:{closure:Illuminate\\Pipeline\\Pipeline::carry():194}:195}()
#54 /var/www/indonesia-luxe/vendor/laravel/framework/src/Illuminate/Pipeline/Pipeline.php(219): Illuminate\\Foundation\\Http\\Middleware\\InvokeDeferredCallbacks->handle()
#55 /var/www/indonesia-luxe/vendor/laravel/framework/src/Illuminate/Http/Middleware/ValidatePathEncoding.php(26): Illuminate\\Pipeline\\Pipeline->{closure:{closure:Illuminate\\Pipeline\\Pipeline::carry():194}:195}()
#56 /var/www/indonesia-luxe/vendor/laravel/framework/src/Illuminate/Pipeline/Pipeline.php(219): Illuminate\\Http\\Middleware\\ValidatePathEncoding->handle()
#57 /var/www/indonesia-luxe/vendor/laravel/framework/src/Illuminate/Pipeline/Pipeline.php(137): Illuminate\\Pipeline\\Pipeline->{closure:{closure:Illuminate\\Pipeline\\Pipeline::carry():194}:195}()
#58 /var/www/indonesia-luxe/vendor/laravel/framework/src/Illuminate/Foundation/Http/Kernel.php(175): Illuminate\\Pipeline\\Pipeline->then()
#59 /var/www/indonesia-luxe/vendor/laravel/framework/src/Illuminate/Foundation/Http/Kernel.php(144): Illuminate\\Foundation\\Http\\Kernel->sendRequestThroughRouter()
#60 /var/www/indonesia-luxe/vendor/laravel/framework/src/Illuminate/Foundation/Application.php(1220): Illuminate\\Foundation\\Http\\Kernel->handle()
#61 /var/www/indonesia-luxe/public/index.php(20): Illuminate\\Foundation\\Application->handleRequest()
#62 {main}
"} 
[2026-06-11 00:37:37] local.ERROR: Unable to find component: [filament.livewire.global-search] {"exception":"[object] (Livewire\\Exceptions\\ComponentNotFoundException(code: 0): Unable to find component: [filament.livewire.global-search] at /var/www/indonesia-luxe/vendor/livewire/livewire/src/Factory/Factory.php:76)
[stacktrace]
#0 /var/www/indonesia-luxe/vendor/livewire/livewire/src/Factory/Factory.php(88): Livewire\\Factory\\Factory->resolveComponentNameAndClass()
#1 /var/www/indonesia-luxe/vendor/livewire/livewire/src/Features/SupportReleaseTokens/ReleaseToken.php(15): Livewire\\Factory\\Factory->resolveComponentClass()
#2 /var/www/indonesia-luxe/vendor/livewire/livewire/src/Features/SupportReleaseTokens/SupportReleaseTokens.php(20): Livewire\\Features\\SupportReleaseTokens\\ReleaseToken::verify()
#3 /var/www/indonesia-luxe/vendor/livewire/livewire/src/EventBus.php(87): Livewire\\Features\\SupportReleaseTokens\\SupportReleaseTokens::{closure:Livewire\\Features\\SupportReleaseTokens\\SupportReleaseTokens::provide():19}()
#4 /var/www/indonesia-luxe/vendor/livewire/livewire/src/helpers.php(98): Livewire\\EventBus->trigger()
#5 /var/www/indonesia-luxe/vendor/livewire/livewire/src/Mechanisms/HandleComponents/Checksum.php(22): Livewire\\trigger()
#6 /var/www/indonesia-luxe/vendor/livewire/livewire/src/Mechanisms/HandleComponents/HandleComponents.php(244): Livewire\\Mechanisms\\HandleComponents\\Checksum::verify()
#7 /var/www/indonesia-luxe/vendor/livewire/livewire/src/Mechanisms/HandleComponents/HandleComponents.php(210): Livewire\\Mechanisms\\HandleComponents\\HandleComponents->fromSnapshot()
#8 /var/www/indonesia-luxe/vendor/livewire/livewire/src/LivewireManager.php(131): Livewire\\Mechanisms\\HandleComponents\\HandleComponents->update()
#9 /var/www/indonesia-luxe/vendor/livewire/livewire/src/Mechanisms/HandleRequests/HandleRequests.php(156): Livewire\\LivewireManager->update()
#10 /var/www/indonesia-luxe/vendor/laravel/framework/src/Illuminate/Routing/ControllerDispatcher.php(46): Livewire\\Mechanisms\\HandleRequests\\HandleRequests->handleUpdate()
#11 /var/www/indonesia-luxe/vendor/laravel/framework/src/Illuminate/Routing/Route.php(265): Illuminate\\Routing\\ControllerDispatcher->dispatch()
#12 /var/www/indonesia-luxe/vendor/laravel/framework/src/Illuminate/Routing/Route.php(211): Illuminate\\Routing\\Route->runController()
#13 /var/www/indonesia-luxe/vendor/laravel/framework/src/Illuminate/Routing/Router.php(822): Illuminate\\Routing\\Route->run()
#14 /var/www/indonesia-luxe/vendor/laravel/framework/src/Illuminate/Pipeline/Pipeline.php(180): Illuminate\\Routing\\Router->{closure:Illuminate\\Routing\\Router::runRouteWithinStack():821}()
#15 /var/www/indonesia-luxe/vendor/laravel/boost/src/Middleware/InjectBoost.php(22): Illuminate\\Pipeline\\Pipeline->{closure:Illuminate\\Pipeline\\Pipeline::prepareDestination():178}()
#16 /var/www/indonesia-luxe/vendor/laravel/framework/src/Illuminate/Pipeline/Pipeline.php(219): Laravel\\Boost\\Middleware\\InjectBoost->handle()
#17 /var/www/indonesia-luxe/app/Http/Middleware/SetLocale.php(28): Illuminate\\Pipeline\\Pipeline->{closure:{closure:Illuminate\\Pipeline\\Pipeline::carry():194}:195}()
#18 /var/www/indonesia-luxe/vendor/laravel/framework/src/Illuminate/Pipeline/Pipeline.php(219): App\\Http\\Middleware\\SetLocale->handle()
#19 /var/www/indonesia-luxe/vendor/laravel/framework/src/Illuminate/Routing/Middleware/SubstituteBindings.php(50): Illuminate\\Pipeline\\Pipeline->{closure:{closure:Illuminate\\Pipeline\\Pipeline::carry():194}:195}()
#20 /var/www/indonesia-luxe/vendor/laravel/framework/src/Illuminate/Pipeline/Pipeline.php(219): Illuminate\\Routing\\Middleware\\SubstituteBindings->handle()
#21 /var/www/indonesia-luxe/vendor/laravel/framework/src/Illuminate/Foundation/Http/Middleware/VerifyCsrfToken.php(87): Illuminate\\Pipeline\\Pipeline->{closure:{closure:Illuminate\\Pipeline\\Pipeline::carry():194}:195}()
#22 /var/www/indonesia-luxe/vendor/laravel/framework/src/Illuminate/Pipeline/Pipeline.php(219): Illuminate\\Foundation\\Http\\Middleware\\VerifyCsrfToken->handle()
#23 /var/www/indonesia-luxe/vendor/laravel/framework/src/Illuminate/View/Middleware/ShareErrorsFromSession.php(48): Illuminate\\Pipeline\\Pipeline->{closure:{closure:Illuminate\\Pipeline\\Pipeline::carry():194}:195}()
#24 /var/www/indonesia-luxe/vendor/laravel/framework/src/Illuminate/Pipeline/Pipeline.php(219): Illuminate\\View\\Middleware\\ShareErrorsFromSession->handle()
#25 /var/www/indonesia-luxe/vendor/laravel/framework/src/Illuminate/Session/Middleware/StartSession.php(120): Illuminate\\Pipeline\\Pipeline->{closure:{closure:Illuminate\\Pipeline\\Pipeline::carry():194}:195}()
#26 /var/www/indonesia-luxe/vendor/laravel/framework/src/Illuminate/Session/Middleware/StartSession.php(63): Illuminate\\Session\\Middleware\\StartSession->handleStatefulRequest()
#27 /var/www/indonesia-luxe/vendor/laravel/framework/src/Illuminate/Pipeline/Pipeline.php(219): Illuminate\\Session\\Middleware\\StartSession->handle()
#28 /var/www/indonesia-luxe/vendor/laravel/framework/src/Illuminate/Cookie/Middleware/AddQueuedCookiesToResponse.php(36): Illuminate\\Pipeline\\Pipeline->{closure:{closure:Illuminate\\Pipeline\\Pipeline::carry():194}:195}()
#29 /var/www/indonesia-luxe/vendor/laravel/framework/src/Illuminate/Pipeline/Pipeline.php(219): Illuminate\\Cookie\\Middleware\\AddQueuedCookiesToResponse->handle()
#30 /var/www/indonesia-luxe/vendor/laravel/framework/src/Illuminate/Cookie/Middleware/EncryptCookies.php(74): Illuminate\\Pipeline\\Pipeline->{closure:{closure:Illuminate\\Pipeline\\Pipeline::carry():194}:195}()
#31 /var/www/indonesia-luxe/vendor/laravel/framework/src/Illuminate/Pipeline/Pipeline.php(219): Illuminate\\Cookie\\Middleware\\EncryptCookies->handle()
#32 /var/www/indonesia-luxe/vendor/laravel/framework/src/Illuminate/Pipeline/Pipeline.php(137): Illuminate\\Pipeline\\Pipeline->{closure:{closure:Illuminate\\Pipeline\\Pipeline::carry():194}:195}()
#33 /var/www/indonesia-luxe/vendor/laravel/framework/src/Illuminate/Routing/Router.php(821): Illuminate\\Pipeline\\Pipeline->then()
#34 /var/www/indonesia-luxe/vendor/laravel/framework/src/Illuminate/Routing/Router.php(800): Illuminate\\Routing\\Router->runRouteWithinStack()
#35 /var/www/indonesia-luxe/vendor/laravel/framework/src/Illuminate/Routing/Router.php(764): Illuminate\\Routing\\Router->runRoute()
#36 /var/www/indonesia-luxe/vendor/laravel/framework/src/Illuminate/Routing/Router.php(753): Illuminate\\Routing\\Router->dispatchToRoute()
#37 /var/www/indonesia-luxe/vendor/laravel/framework/src/Illuminate/Foundation/Http/Kernel.php(200): Illuminate\\Routing\\Router->dispatch()
#38 /var/www/indonesia-luxe/vendor/laravel/framework/src/Illuminate/Pipeline/Pipeline.php(180): Illuminate\\Foundation\\Http\\Kernel->{closure:Illuminate\\Foundation\\Http\\Kernel::dispatchToRouter():197}()
#39 /var/www/indonesia-luxe/vendor/livewire/livewire/src/Features/SupportDisablingBackButtonCache/DisableBackButtonCacheMiddleware.php(19): Illuminate\\Pipeline\\Pipeline->{closure:Illuminate\\Pipeline\\Pipeline::prepareDestination():178}()
#40 /var/www/indonesia-luxe/vendor/laravel/framework/src/Illuminate/Pipeline/Pipeline.php(219): Livewire\\Features\\SupportDisablingBackButtonCache\\DisableBackButtonCacheMiddleware->handle()
#41 /var/www/indonesia-luxe/vendor/laravel/framework/src/Illuminate/Foundation/Http/Middleware/ConvertEmptyStringsToNull.php(27): Illuminate\\Pipeline\\Pipeline->{closure:{closure:Illuminate\\Pipeline\\Pipeline::carry():194}:195}()
#42 /var/www/indonesia-luxe/vendor/laravel/framework/src/Illuminate/Pipeline/Pipeline.php(219): Illuminate\\Foundation\\Http\\Middleware\\ConvertEmptyStringsToNull->handle()
#43 /var/www/indonesia-luxe/vendor/laravel/framework/src/Illuminate/Foundation/Http/Middleware/TrimStrings.php(47): Illuminate\\Pipeline\\Pipeline->{closure:{closure:Illuminate\\Pipeline\\Pipeline::carry():194}:195}()
#44 /var/www/indonesia-luxe/vendor/laravel/framework/src/Illuminate/Pipeline/Pipeline.php(219): Illuminate\\Foundation\\Http\\Middleware\\TrimStrings->handle()
#45 /var/www/indonesia-luxe/vendor/laravel/framework/src/Illuminate/Http/Middleware/ValidatePostSize.php(27): Illuminate\\Pipeline\\Pipeline->{closure:{closure:Illuminate\\Pipeline\\Pipeline::carry():194}:195}()
#46 /var/www/indonesia-luxe/vendor/laravel/framework/src/Illuminate/Pipeline/Pipeline.php(219): Illuminate\\Http\\Middleware\\ValidatePostSize->handle()
#47 /var/www/indonesia-luxe/vendor/laravel/framework/src/Illuminate/Foundation/Http/Middleware/PreventRequestsDuringMaintenance.php(109): Illuminate\\Pipeline\\Pipeline->{closure:{closure:Illuminate\\Pipeline\\Pipeline::carry():194}:195}()
#48 /var/www/indonesia-luxe/vendor/laravel/framework/src/Illuminate/Pipeline/Pipeline.php(219): Illuminate\\Foundation\\Http\\Middleware\\PreventRequestsDuringMaintenance->handle()
#49 /var/www/indonesia-luxe/vendor/laravel/framework/src/Illuminate/Http/Middleware/HandleCors.php(61): Illuminate\\Pipeline\\Pipeline->{closure:{closure:Illuminate\\Pipeline\\Pipeline::carry():194}:195}()
#50 /var/www/indonesia-luxe/vendor/laravel/framework/src/Illuminate/Pipeline/Pipeline.php(219): Illuminate\\Http\\Middleware\\HandleCors->handle()
#51 /var/www/indonesia-luxe/vendor/laravel/framework/src/Illuminate/Http/Middleware/TrustProxies.php(58): Illuminate\\Pipeline\\Pipeline->{closure:{closure:Illuminate\\Pipeline\\Pipeline::carry():194}:195}()
#52 /var/www/indonesia-luxe/vendor/laravel/framework/src/Illuminate/Pipeline/Pipeline.php(219): Illuminate\\Http\\Middleware\\TrustProxies->handle()
#53 /var/www/indonesia-luxe/vendor/laravel/framework/src/Illuminate/Foundation/Http/Middleware/InvokeDeferredCallbacks.php(22): Illuminate\\Pipeline\\Pipeline->{closure:{closure:Illuminate\\Pipeline\\Pipeline::carry():194}:195}()
#54 /var/www/indonesia-luxe/vendor/laravel/framework/src/Illuminate/Pipeline/Pipeline.php(219): Illuminate\\Foundation\\Http\\Middleware\\InvokeDeferredCallbacks->handle()
#55 /var/www/indonesia-luxe/vendor/laravel/framework/src/Illuminate/Http/Middleware/ValidatePathEncoding.php(26): Illuminate\\Pipeline\\Pipeline->{closure:{closure:Illuminate\\Pipeline\\Pipeline::carry():194}:195}()
#56 /var/www/indonesia-luxe/vendor/laravel/framework/src/Illuminate/Pipeline/Pipeline.php(219): Illuminate\\Http\\Middleware\\ValidatePathEncoding->handle()
#57 /var/www/indonesia-luxe/vendor/laravel/framework/src/Illuminate/Pipeline/Pipeline.php(137): Illuminate\\Pipeline\\Pipeline->{closure:{closure:Illuminate\\Pipeline\\Pipeline::carry():194}:195}()
#58 /var/www/indonesia-luxe/vendor/laravel/framework/src/Illuminate/Foundation/Http/Kernel.php(175): Illuminate\\Pipeline\\Pipeline->then()
#59 /var/www/indonesia-luxe/vendor/laravel/framework/src/Illuminate/Foundation/Http/Kernel.php(144): Illuminate\\Foundation\\Http\\Kernel->sendRequestThroughRouter()
#60 /var/www/indonesia-luxe/vendor/laravel/framework/src/Illuminate/Foundation/Application.php(1220): Illuminate\\Foundation\\Http\\Kernel->handle()
#61 /var/www/indonesia-luxe/public/index.php(20): Illuminate\\Foundation\\Application->handleRequest()
#62 {main}
"} 
[2026-06-11 00:37:38] local.ERROR: Unable to find component: [filament.livewire.global-search] {"exception":"[object] (Livewire\\Exceptions\\ComponentNotFoundException(code: 0): Unable to find component: [filament.livewire.global-search] at /var/www/indonesia-luxe/vendor/livewire/livewire/src/Factory/Factory.php:76)
[stacktrace]
#0 /var/www/indonesia-luxe/vendor/livewire/livewire/src/Factory/Factory.php(88): Livewire\\Factory\\Factory->resolveComponentNameAndClass()
#1 /var/www/indonesia-luxe/vendor/livewire/livewire/src/Features/SupportReleaseTokens/ReleaseToken.php(15): Livewire\\Factory\\Factory->resolveComponentClass()
#2 /var/www/indonesia-luxe/vendor/livewire/livewire/src/Features/SupportReleaseTokens/SupportReleaseTokens.php(20): Livewire\\Features\\SupportReleaseTokens\\ReleaseToken::verify()
#3 /var/www/indonesia-luxe/vendor/livewire/livewire/src/EventBus.php(87): Livewire\\Features\\SupportReleaseTokens\\SupportReleaseTokens::{closure:Livewire\\Features\\SupportReleaseTokens\\SupportReleaseTokens::provide():19}()
#4 /var/www/indonesia-luxe/vendor/livewire/livewire/src/helpers.php(98): Livewire\\EventBus->trigger()
#5 /var/www/indonesia-luxe/vendor/livewire/livewire/src/Mechanisms/HandleComponents/Checksum.php(22): Livewire\\trigger()
#6 /var/www/indonesia-luxe/vendor/livewire/livewire/src/Mechanisms/HandleComponents/HandleComponents.php(244): Livewire\\Mechanisms\\HandleComponents\\Checksum::verify()
#7 /var/www/indonesia-luxe/vendor/livewire/livewire/src/Mechanisms/HandleComponents/HandleComponents.php(210): Livewire\\Mechanisms\\HandleComponents\\HandleComponents->fromSnapshot()
#8 /var/www/indonesia-luxe/vendor/livewire/livewire/src/LivewireManager.php(131): Livewire\\Mechanisms\\HandleComponents\\HandleComponents->update()
#9 /var/www/indonesia-luxe/vendor/livewire/livewire/src/Mechanisms/HandleRequests/HandleRequests.php(156): Livewire\\LivewireManager->update()
#10 /var/www/indonesia-luxe/vendor/laravel/framework/src/Illuminate/Routing/ControllerDispatcher.php(46): Livewire\\Mechanisms\\HandleRequests\\HandleRequests->handleUpdate()
#11 /var/www/indonesia-luxe/vendor/laravel/framework/src/Illuminate/Routing/Route.php(265): Illuminate\\Routing\\ControllerDispatcher->dispatch()
#12 /var/www/indonesia-luxe/vendor/laravel/framework/src/Illuminate/Routing/Route.php(211): Illuminate\\Routing\\Route->runController()
#13 /var/www/indonesia-luxe/vendor/laravel/framework/src/Illuminate/Routing/Router.php(822): Illuminate\\Routing\\Route->run()
#14 /var/www/indonesia-luxe/vendor/laravel/framework/src/Illuminate/Pipeline/Pipeline.php(180): Illuminate\\Routing\\Router->{closure:Illuminate\\Routing\\Router::runRouteWithinStack():821}()
#15 /var/www/indonesia-luxe/vendor/laravel/boost/src/Middleware/InjectBoost.php(22): Illuminate\\Pipeline\\Pipeline->{closure:Illuminate\\Pipeline\\Pipeline::prepareDestination():178}()
#16 /var/www/indonesia-luxe/vendor/laravel/framework/src/Illuminate/Pipeline/Pipeline.php(219): Laravel\\Boost\\Middleware\\InjectBoost->handle()
#17 /var/www/indonesia-luxe/app/Http/Middleware/SetLocale.php(28): Illuminate\\Pipeline\\Pipeline->{closure:{closure:Illuminate\\Pipeline\\Pipeline::carry():194}:195}()
#18 /var/www/indonesia-luxe/vendor/laravel/framework/src/Illuminate/Pipeline/Pipeline.php(219): App\\Http\\Middleware\\SetLocale->handle()
#19 /var/www/indonesia-luxe/vendor/laravel/framework/src/Illuminate/Routing/Middleware/SubstituteBindings.php(50): Illuminate\\Pipeline\\Pipeline->{closure:{closure:Illuminate\\Pipeline\\Pipeline::carry():194}:195}()
#20 /var/www/indonesia-luxe/vendor/laravel/framework/src/Illuminate/Pipeline/Pipeline.php(219): Illuminate\\Routing\\Middleware\\SubstituteBindings->handle()
#21 /var/www/indonesia-luxe/vendor/laravel/framework/src/Illuminate/Foundation/Http/Middleware/VerifyCsrfToken.php(87): Illuminate\\Pipeline\\Pipeline->{closure:{closure:Illuminate\\Pipeline\\Pipeline::carry():194}:195}()
#22 /var/www/indonesia-luxe/vendor/laravel/framework/src/Illuminate/Pipeline/Pipeline.php(219): Illuminate\\Foundation\\Http\\Middleware\\VerifyCsrfToken->handle()
#23 /var/www/indonesia-luxe/vendor/laravel/framework/src/Illuminate/View/Middleware/ShareErrorsFromSession.php(48): Illuminate\\Pipeline\\Pipeline->{closure:{closure:Illuminate\\Pipeline\\Pipeline::carry():194}:195}()
#24 /var/www/indonesia-luxe/vendor/laravel/framework/src/Illuminate/Pipeline/Pipeline.php(219): Illuminate\\View\\Middleware\\ShareErrorsFromSession->handle()
#25 /var/www/indonesia-luxe/vendor/laravel/framework/src/Illuminate/Session/Middleware/StartSession.php(120): Illuminate\\Pipeline\\Pipeline->{closure:{closure:Illuminate\\Pipeline\\Pipeline::carry():194}:195}()
#26 /var/www/indonesia-luxe/vendor/laravel/framework/src/Illuminate/Session/Middleware/StartSession.php(63): Illuminate\\Session\\Middleware\\StartSession->handleStatefulRequest()
#27 /var/www/indonesia-luxe/vendor/laravel/framework/src/Illuminate/Pipeline/Pipeline.php(219): Illuminate\\Session\\Middleware\\StartSession->handle()
#28 /var/www/indonesia-luxe/vendor/laravel/framework/src/Illuminate/Cookie/Middleware/AddQueuedCookiesToResponse.php(36): Illuminate\\Pipeline\\Pipeline->{closure:{closure:Illuminate\\Pipeline\\Pipeline::carry():194}:195}()
#29 /var/www/indonesia-luxe/vendor/laravel/framework/src/Illuminate/Pipeline/Pipeline.php(219): Illuminate\\Cookie\\Middleware\\AddQueuedCookiesToResponse->handle()
#30 /var/www/indonesia-luxe/vendor/laravel/framework/src/Illuminate/Cookie/Middleware/EncryptCookies.php(74): Illuminate\\Pipeline\\Pipeline->{closure:{closure:Illuminate\\Pipeline\\Pipeline::carry():194}:195}()
#31 /var/www/indonesia-luxe/vendor/laravel/framework/src/Illuminate/Pipeline/Pipeline.php(219): Illuminate\\Cookie\\Middleware\\EncryptCookies->handle()
#32 /var/www/indonesia-luxe/vendor/laravel/framework/src/Illuminate/Pipeline/Pipeline.php(137): Illuminate\\Pipeline\\Pipeline->{closure:{closure:Illuminate\\Pipeline\\Pipeline::carry():194}:195}()
#33 /var/www/indonesia-luxe/vendor/laravel/framework/src/Illuminate/Routing/Router.php(821): Illuminate\\Pipeline\\Pipeline->then()
#34 /var/www/indonesia-luxe/vendor/laravel/framework/src/Illuminate/Routing/Router.php(800): Illuminate\\Routing\\Router->runRouteWithinStack()
#35 /var/www/indonesia-luxe/vendor/laravel/framework/src/Illuminate/Routing/Router.php(764): Illuminate\\Routing\\Router->runRoute()
#36 /var/www/indonesia-luxe/vendor/laravel/framework/src/Illuminate/Routing/Router.php(753): Illuminate\\Routing\\Router->dispatchToRoute()
#37 /var/www/indonesia-luxe/vendor/laravel/framework/src/Illuminate/Foundation/Http/Kernel.php(200): Illuminate\\Routing\\Router->dispatch()
#38 /var/www/indonesia-luxe/vendor/laravel/framework/src/Illuminate/Pipeline/Pipeline.php(180): Illuminate\\Foundation\\Http\\Kernel->{closure:Illuminate\\Foundation\\Http\\Kernel::dispatchToRouter():197}()
#39 /var/www/indonesia-luxe/vendor/livewire/livewire/src/Features/SupportDisablingBackButtonCache/DisableBackButtonCacheMiddleware.php(19): Illuminate\\Pipeline\\Pipeline->{closure:Illuminate\\Pipeline\\Pipeline::prepareDestination():178}()
#40 /var/www/indonesia-luxe/vendor/laravel/framework/src/Illuminate/Pipeline/Pipeline.php(219): Livewire\\Features\\SupportDisablingBackButtonCache\\DisableBackButtonCacheMiddleware->handle()
#41 /var/www/indonesia-luxe/vendor/laravel/framework/src/Illuminate/Foundation/Http/Middleware/ConvertEmptyStringsToNull.php(27): Illuminate\\Pipeline\\Pipeline->{closure:{closure:Illuminate\\Pipeline\\Pipeline::carry():194}:195}()
#42 /var/www/indonesia-luxe/vendor/laravel/framework/src/Illuminate/Pipeline/Pipeline.php(219): Illuminate\\Foundation\\Http\\Middleware\\ConvertEmptyStringsToNull->handle()
#43 /var/www/indonesia-luxe/vendor/laravel/framework/src/Illuminate/Foundation/Http/Middleware/TrimStrings.php(47): Illuminate\\Pipeline\\Pipeline->{closure:{closure:Illuminate\\Pipeline\\Pipeline::carry():194}:195}()
#44 /var/www/indonesia-luxe/vendor/laravel/framework/src/Illuminate/Pipeline/Pipeline.php(219): Illuminate\\Foundation\\Http\\Middleware\\TrimStrings->handle()
#45 /var/www/indonesia-luxe/vendor/laravel/framework/src/Illuminate/Http/Middleware/ValidatePostSize.php(27): Illuminate\\Pipeline\\Pipeline->{closure:{closure:Illuminate\\Pipeline\\Pipeline::carry():194}:195}()
#46 /var/www/indonesia-luxe/vendor/laravel/framework/src/Illuminate/Pipeline/Pipeline.php(219): Illuminate\\Http\\Middleware\\ValidatePostSize->handle()
#47 /var/www/indonesia-luxe/vendor/laravel/framework/src/Illuminate/Foundation/Http/Middleware/PreventRequestsDuringMaintenance.php(109): Illuminate\\Pipeline\\Pipeline->{closure:{closure:Illuminate\\Pipeline\\Pipeline::carry():194}:195}()
#48 /var/www/indonesia-luxe/vendor/laravel/framework/src/Illuminate/Pipeline/Pipeline.php(219): Illuminate\\Foundation\\Http\\Middleware\\PreventRequestsDuringMaintenance->handle()
#49 /var/www/indonesia-luxe/vendor/laravel/framework/src/Illuminate/Http/Middleware/HandleCors.php(61): Illuminate\\Pipeline\\Pipeline->{closure:{closure:Illuminate\\Pipeline\\Pipeline::carry():194}:195}()
#50 /var/www/indonesia-luxe/vendor/laravel/framework/src/Illuminate/Pipeline/Pipeline.php(219): Illuminate\\Http\\Middleware\\HandleCors->handle()
#51 /var/www/indonesia-luxe/vendor/laravel/framework/src/Illuminate/Http/Middleware/TrustProxies.php(58): Illuminate\\Pipeline\\Pipeline->{closure:{closure:Illuminate\\Pipeline\\Pipeline::carry():194}:195}()
#52 /var/www/indonesia-luxe/vendor/laravel/framework/src/Illuminate/Pipeline/Pipeline.php(219): Illuminate\\Http\\Middleware\\TrustProxies->handle()
#53 /var/www/indonesia-luxe/vendor/laravel/framework/src/Illuminate/Foundation/Http/Middleware/InvokeDeferredCallbacks.php(22): Illuminate\\Pipeline\\Pipeline->{closure:{closure:Illuminate\\Pipeline\\Pipeline::carry():194}:195}()
#54 /var/www/indonesia-luxe/vendor/laravel/framework/src/Illuminate/Pipeline/Pipeline.php(219): Illuminate\\Foundation\\Http\\Middleware\\InvokeDeferredCallbacks->handle()
#55 /var/www/indonesia-luxe/vendor/laravel/framework/src/Illuminate/Http/Middleware/ValidatePathEncoding.php(26): Illuminate\\Pipeline\\Pipeline->{closure:{closure:Illuminate\\Pipeline\\Pipeline::carry():194}:195}()
#56 /var/www/indonesia-luxe/vendor/laravel/framework/src/Illuminate/Pipeline/Pipeline.php(219): Illuminate\\Http\\Middleware\\ValidatePathEncoding->handle()
#57 /var/www/indonesia-luxe/vendor/laravel/framework/src/Illuminate/Pipeline/Pipeline.php(137): Illuminate\\Pipeline\\Pipeline->{closure:{closure:Illuminate\\Pipeline\\Pipeline::carry():194}:195}()
#58 /var/www/indonesia-luxe/vendor/laravel/framework/src/Illuminate/Foundation/Http/Kernel.php(175): Illuminate\\Pipeline\\Pipeline->then()
#59 /var/www/indonesia-luxe/vendor/laravel/framework/src/Illuminate/Foundation/Http/Kernel.php(144): Illuminate\\Foundation\\Http\\Kernel->sendRequestThroughRouter()
#60 /var/www/indonesia-luxe/vendor/laravel/framework/src/Illuminate/Foundation/Application.php(1220): Illuminate\\Foundation\\Http\\Kernel->handle()
#61 /var/www/indonesia-luxe/public/index.php(20): Illuminate\\Foundation\\Application->handleRequest()
#62 {main}
"} 
[2026-06-11 00:37:38] local.ERROR: Unable to find component: [filament.livewire.notifications] {"exception":"[object] (Livewire\\Exceptions\\ComponentNotFoundException(code: 0): Unable to find component: [filament.livewire.notifications] at /var/www/indonesia-luxe/vendor/livewire/livewire/src/Factory/Factory.php:76)
[stacktrace]
#0 /var/www/indonesia-luxe/vendor/livewire/livewire/src/Factory/Factory.php(88): Livewire\\Factory\\Factory->resolveComponentNameAndClass()
#1 /var/www/indonesia-luxe/vendor/livewire/livewire/src/Features/SupportReleaseTokens/ReleaseToken.php(15): Livewire\\Factory\\Factory->resolveComponentClass()
#2 /var/www/indonesia-luxe/vendor/livewire/livewire/src/Features/SupportReleaseTokens/SupportReleaseTokens.php(20): Livewire\\Features\\SupportReleaseTokens\\ReleaseToken::verify()
#3 /var/www/indonesia-luxe/vendor/livewire/livewire/src/EventBus.php(87): Livewire\\Features\\SupportReleaseTokens\\SupportReleaseTokens::{closure:Livewire\\Features\\SupportReleaseTokens\\SupportReleaseTokens::provide():19}()
#4 /var/www/indonesia-luxe/vendor/livewire/livewire/src/helpers.php(98): Livewire\\EventBus->trigger()
#5 /var/www/indonesia-luxe/vendor/livewire/livewire/src/Mechanisms/HandleComponents/Checksum.php(22): Livewire\\trigger()
#6 /var/www/indonesia-luxe/vendor/livewire/livewire/src/Mechanisms/HandleComponents/HandleComponents.php(244): Livewire\\Mechanisms\\HandleComponents\\Checksum::verify()
#7 /var/www/indonesia-luxe/vendor/livewire/livewire/src/Mechanisms/HandleComponents/HandleComponents.php(210): Livewire\\Mechanisms\\HandleComponents\\HandleComponents->fromSnapshot()
#8 /var/www/indonesia-luxe/vendor/livewire/livewire/src/LivewireManager.php(131): Livewire\\Mechanisms\\HandleComponents\\HandleComponents->update()
#9 /var/www/indonesia-luxe/vendor/livewire/livewire/src/Mechanisms/HandleRequests/HandleRequests.php(156): Livewire\\LivewireManager->update()
#10 /var/www/indonesia-luxe/vendor/laravel/framework/src/Illuminate/Routing/ControllerDispatcher.php(46): Livewire\\Mechanisms\\HandleRequests\\HandleRequests->handleUpdate()
#11 /var/www/indonesia-luxe/vendor/laravel/framework/src/Illuminate/Routing/Route.php(265): Illuminate\\Routing\\ControllerDispatcher->dispatch()
#12 /var/www/indonesia-luxe/vendor/laravel/framework/src/Illuminate/Routing/Route.php(211): Illuminate\\Routing\\Route->runController()
#13 /var/www/indonesia-luxe/vendor/laravel/framework/src/Illuminate/Routing/Router.php(822): Illuminate\\Routing\\Route->run()
#14 /var/www/indonesia-luxe/vendor/laravel/framework/src/Illuminate/Pipeline/Pipeline.php(180): Illuminate\\Routing\\Router->{closure:Illuminate\\Routing\\Router::runRouteWithinStack():821}()
#15 /var/www/indonesia-luxe/vendor/laravel/boost/src/Middleware/InjectBoost.php(22): Illuminate\\Pipeline\\Pipeline->{closure:Illuminate\\Pipeline\\Pipeline::prepareDestination():178}()
#16 /var/www/indonesia-luxe/vendor/laravel/framework/src/Illuminate/Pipeline/Pipeline.php(219): Laravel\\Boost\\Middleware\\InjectBoost->handle()
#17 /var/www/indonesia-luxe/app/Http/Middleware/SetLocale.php(28): Illuminate\\Pipeline\\Pipeline->{closure:{closure:Illuminate\\Pipeline\\Pipeline::carry():194}:195}()
#18 /var/www/indonesia-luxe/vendor/laravel/framework/src/Illuminate/Pipeline/Pipeline.php(219): App\\Http\\Middleware\\SetLocale->handle()
#19 /var/www/indonesia-luxe/vendor/laravel/framework/src/Illuminate/Routing/Middleware/SubstituteBindings.php(50): Illuminate\\Pipeline\\Pipeline->{closure:{closure:Illuminate\\Pipeline\\Pipeline::carry():194}:195}()
#20 /var/www/indonesia-luxe/vendor/laravel/framework/src/Illuminate/Pipeline/Pipeline.php(219): Illuminate\\Routing\\Middleware\\SubstituteBindings->handle()
#21 /var/www/indonesia-luxe/vendor/laravel/framework/src/Illuminate/Foundation/Http/Middleware/VerifyCsrfToken.php(87): Illuminate\\Pipeline\\Pipeline->{closure:{closure:Illuminate\\Pipeline\\Pipeline::carry():194}:195}()
#22 /var/www/indonesia-luxe/vendor/laravel/framework/src/Illuminate/Pipeline/Pipeline.php(219): Illuminate\\Foundation\\Http\\Middleware\\VerifyCsrfToken->handle()
#23 /var/www/indonesia-luxe/vendor/laravel/framework/src/Illuminate/View/Middleware/ShareErrorsFromSession.php(48): Illuminate\\Pipeline\\Pipeline->{closure:{closure:Illuminate\\Pipeline\\Pipeline::carry():194}:195}()
#24 /var/www/indonesia-luxe/vendor/laravel/framework/src/Illuminate/Pipeline/Pipeline.php(219): Illuminate\\View\\Middleware\\ShareErrorsFromSession->handle()
#25 /var/www/indonesia-luxe/vendor/laravel/framework/src/Illuminate/Session/Middleware/StartSession.php(120): Illuminate\\Pipeline\\Pipeline->{closure:{closure:Illuminate\\Pipeline\\Pipeline::carry():194}:195}()
#26 /var/www/indonesia-luxe/vendor/laravel/framework/src/Illuminate/Session/Middleware/StartSession.php(63): Illuminate\\Session\\Middleware\\StartSession->handleStatefulRequest()
#27 /var/www/indonesia-luxe/vendor/laravel/framework/src/Illuminate/Pipeline/Pipeline.php(219): Illuminate\\Session\\Middleware\\StartSession->handle()
#28 /var/www/indonesia-luxe/vendor/laravel/framework/src/Illuminate/Cookie/Middleware/AddQueuedCookiesToResponse.php(36): Illuminate\\Pipeline\\Pipeline->{closure:{closure:Illuminate\\Pipeline\\Pipeline::carry():194}:195}()
#29 /var/www/indonesia-luxe/vendor/laravel/framework/src/Illuminate/Pipeline/Pipeline.php(219): Illuminate\\Cookie\\Middleware\\AddQueuedCookiesToResponse->handle()
#30 /var/www/indonesia-luxe/vendor/laravel/framework/src/Illuminate/Cookie/Middleware/EncryptCookies.php(74): Illuminate\\Pipeline\\Pipeline->{closure:{closure:Illuminate\\Pipeline\\Pipeline::carry():194}:195}()
#31 /var/www/indonesia-luxe/vendor/laravel/framework/src/Illuminate/Pipeline/Pipeline.php(219): Illuminate\\Cookie\\Middleware\\EncryptCookies->handle()
#32 /var/www/indonesia-luxe/vendor/laravel/framework/src/Illuminate/Pipeline/Pipeline.php(137): Illuminate\\Pipeline\\Pipeline->{closure:{closure:Illuminate\\Pipeline\\Pipeline::carry():194}:195}()
#33 /var/www/indonesia-luxe/vendor/laravel/framework/src/Illuminate/Routing/Router.php(821): Illuminate\\Pipeline\\Pipeline->then()
#34 /var/www/indonesia-luxe/vendor/laravel/framework/src/Illuminate/Routing/Router.php(800): Illuminate\\Routing\\Router->runRouteWithinStack()
#35 /var/www/indonesia-luxe/vendor/laravel/framework/src/Illuminate/Routing/Router.php(764): Illuminate\\Routing\\Router->runRoute()
#36 /var/www/indonesia-luxe/vendor/laravel/framework/src/Illuminate/Routing/Router.php(753): Illuminate\\Routing\\Router->dispatchToRoute()
#37 /var/www/indonesia-luxe/vendor/laravel/framework/src/Illuminate/Foundation/Http/Kernel.php(200): Illuminate\\Routing\\Router->dispatch()
#38 /var/www/indonesia-luxe/vendor/laravel/framework/src/Illuminate/Pipeline/Pipeline.php(180): Illuminate\\Foundation\\Http\\Kernel->{closure:Illuminate\\Foundation\\Http\\Kernel::dispatchToRouter():197}()
#39 /var/www/indonesia-luxe/vendor/livewire/livewire/src/Features/SupportDisablingBackButtonCache/DisableBackButtonCacheMiddleware.php(19): Illuminate\\Pipeline\\Pipeline->{closure:Illuminate\\Pipeline\\Pipeline::prepareDestination():178}()
#40 /var/www/indonesia-luxe/vendor/laravel/framework/src/Illuminate/Pipeline/Pipeline.php(219): Livewire\\Features\\SupportDisablingBackButtonCache\\DisableBackButtonCacheMiddleware->handle()
#41 /var/www/indonesia-luxe/vendor/laravel/framework/src/Illuminate/Foundation/Http/Middleware/ConvertEmptyStringsToNull.php(27): Illuminate\\Pipeline\\Pipeline->{closure:{closure:Illuminate\\Pipeline\\Pipeline::carry():194}:195}()
#42 /var/www/indonesia-luxe/vendor/laravel/framework/src/Illuminate/Pipeline/Pipeline.php(219): Illuminate\\Foundation\\Http\\Middleware\\ConvertEmptyStringsToNull->handle()
#43 /var/www/indonesia-luxe/vendor/laravel/framework/src/Illuminate/Foundation/Http/Middleware/TrimStrings.php(47): Illuminate\\Pipeline\\Pipeline->{closure:{closure:Illuminate\\Pipeline\\Pipeline::carry():194}:195}()
#44 /var/www/indonesia-luxe/vendor/laravel/framework/src/Illuminate/Pipeline/Pipeline.php(219): Illuminate\\Foundation\\Http\\Middleware\\TrimStrings->handle()
#45 /var/www/indonesia-luxe/vendor/laravel/framework/src/Illuminate/Http/Middleware/ValidatePostSize.php(27): Illuminate\\Pipeline\\Pipeline->{closure:{closure:Illuminate\\Pipeline\\Pipeline::carry():194}:195}()
#46 /var/www/indonesia-luxe/vendor/laravel/framework/src/Illuminate/Pipeline/Pipeline.php(219): Illuminate\\Http\\Middleware\\ValidatePostSize->handle()
#47 /var/www/indonesia-luxe/vendor/laravel/framework/src/Illuminate/Foundation/Http/Middleware/PreventRequestsDuringMaintenance.php(109): Illuminate\\Pipeline\\Pipeline->{closure:{closure:Illuminate\\Pipeline\\Pipeline::carry():194}:195}()
#48 /var/www/indonesia-luxe/vendor/laravel/framework/src/Illuminate/Pipeline/Pipeline.php(219): Illuminate\\Foundation\\Http\\Middleware\\PreventRequestsDuringMaintenance->handle()
#49 /var/www/indonesia-luxe/vendor/laravel/framework/src/Illuminate/Http/Middleware/HandleCors.php(61): Illuminate\\Pipeline\\Pipeline->{closure:{closure:Illuminate\\Pipeline\\Pipeline::carry():194}:195}()
#50 /var/www/indonesia-luxe/vendor/laravel/framework/src/Illuminate/Pipeline/Pipeline.php(219): Illuminate\\Http\\Middleware\\HandleCors->handle()
#51 /var/www/indonesia-luxe/vendor/laravel/framework/src/Illuminate/Http/Middleware/TrustProxies.php(58): Illuminate\\Pipeline\\Pipeline->{closure:{closure:Illuminate\\Pipeline\\Pipeline::carry():194}:195}()
#52 /var/www/indonesia-luxe/vendor/laravel/framework/src/Illuminate/Pipeline/Pipeline.php(219): Illuminate\\Http\\Middleware\\TrustProxies->handle()
#53 /var/www/indonesia-luxe/vendor/laravel/framework/src/Illuminate/Foundation/Http/Middleware/InvokeDeferredCallbacks.php(22): Illuminate\\Pipeline\\Pipeline->{closure:{closure:Illuminate\\Pipeline\\Pipeline::carry():194}:195}()
#54 /var/www/indonesia-luxe/vendor/laravel/framework/src/Illuminate/Pipeline/Pipeline.php(219): Illuminate\\Foundation\\Http\\Middleware\\InvokeDeferredCallbacks->handle()
#55 /var/www/indonesia-luxe/vendor/laravel/framework/src/Illuminate/Http/Middleware/ValidatePathEncoding.php(26): Illuminate\\Pipeline\\Pipeline->{closure:{closure:Illuminate\\Pipeline\\Pipeline::carry():194}:195}()
#56 /var/www/indonesia-luxe/vendor/laravel/framework/src/Illuminate/Pipeline/Pipeline.php(219): Illuminate\\Http\\Middleware\\ValidatePathEncoding->handle()
#57 /var/www/indonesia-luxe/vendor/laravel/framework/src/Illuminate/Pipeline/Pipeline.php(137): Illuminate\\Pipeline\\Pipeline->{closure:{closure:Illuminate\\Pipeline\\Pipeline::carry():194}:195}()
#58 /var/www/indonesia-luxe/vendor/laravel/framework/src/Illuminate/Foundation/Http/Kernel.php(175): Illuminate\\Pipeline\\Pipeline->then()
#59 /var/www/indonesia-luxe/vendor/laravel/framework/src/Illuminate/Foundation/Http/Kernel.php(144): Illuminate\\Foundation\\Http\\Kernel->sendRequestThroughRouter()
#60 /var/www/indonesia-luxe/vendor/laravel/framework/src/Illuminate/Foundation/Application.php(1220): Illuminate\\Foundation\\Http\\Kernel->handle()
#61 /var/www/indonesia-luxe/public/index.php(20): Illuminate\\Foundation\\Application->handleRequest()
#62 {main}
"} 
[2026-06-11 00:37:39] local.ERROR: Unable to find component: [filament.livewire.notifications] {"exception":"[object] (Livewire\\Exceptions\\ComponentNotFoundException(code: 0): Unable to find component: [filament.livewire.notifications] at /var/www/indonesia-luxe/vendor/livewire/livewire/src/Factory/Factory.php:76)
[stacktrace]
#0 /var/www/indonesia-luxe/vendor/livewire/livewire/src/Factory/Factory.php(88): Livewire\\Factory\\Factory->resolveComponentNameAndClass()
#1 /var/www/indonesia-luxe/vendor/livewire/livewire/src/Features/SupportReleaseTokens/ReleaseToken.php(15): Livewire\\Factory\\Factory->resolveComponentClass()
#2 /var/www/indonesia-luxe/vendor/livewire/livewire/src/Features/SupportReleaseTokens/SupportReleaseTokens.php(20): Livewire\\Features\\SupportReleaseTokens\\ReleaseToken::verify()
#3 /var/www/indonesia-luxe/vendor/livewire/livewire/src/EventBus.php(87): Livewire\\Features\\SupportReleaseTokens\\SupportReleaseTokens::{closure:Livewire\\Features\\SupportReleaseTokens\\SupportReleaseTokens::provide():19}()
#4 /var/www/indonesia-luxe/vendor/livewire/livewire/src/helpers.php(98): Livewire\\EventBus->trigger()
#5 /var/www/indonesia-luxe/vendor/livewire/livewire/src/Mechanisms/HandleComponents/Checksum.php(22): Livewire\\trigger()
#6 /var/www/indonesia-luxe/vendor/livewire/livewire/src/Mechanisms/HandleComponents/HandleComponents.php(244): Livewire\\Mechanisms\\HandleComponents\\Checksum::verify()
#7 /var/www/indonesia-luxe/vendor/livewire/livewire/src/Mechanisms/HandleComponents/HandleComponents.php(210): Livewire\\Mechanisms\\HandleComponents\\HandleComponents->fromSnapshot()
#8 /var/www/indonesia-luxe/vendor/livewire/livewire/src/LivewireManager.php(131): Livewire\\Mechanisms\\HandleComponents\\HandleComponents->update()
#9 /var/www/indonesia-luxe/vendor/livewire/livewire/src/Mechanisms/HandleRequests/HandleRequests.php(156): Livewire\\LivewireManager->update()
#10 /var/www/indonesia-luxe/vendor/laravel/framework/src/Illuminate/Routing/ControllerDispatcher.php(46): Livewire\\Mechanisms\\HandleRequests\\HandleRequests->handleUpdate()
#11 /var/www/indonesia-luxe/vendor/laravel/framework/src/Illuminate/Routing/Route.php(265): Illuminate\\Routing\\ControllerDispatcher->dispatch()
#12 /var/www/indonesia-luxe/vendor/laravel/framework/src/Illuminate/Routing/Route.php(211): Illuminate\\Routing\\Route->runController()
#13 /var/www/indonesia-luxe/vendor/laravel/framework/src/Illuminate/Routing/Router.php(822): Illuminate\\Routing\\Route->run()
#14 /var/www/indonesia-luxe/vendor/laravel/framework/src/Illuminate/Pipeline/Pipeline.php(180): Illuminate\\Routing\\Router->{closure:Illuminate\\Routing\\Router::runRouteWithinStack():821}()
#15 /var/www/indonesia-luxe/vendor/laravel/boost/src/Middleware/InjectBoost.php(22): Illuminate\\Pipeline\\Pipeline->{closure:Illuminate\\Pipeline\\Pipeline::prepareDestination():178}()
#16 /var/www/indonesia-luxe/vendor/laravel/framework/src/Illuminate/Pipeline/Pipeline.php(219): Laravel\\Boost\\Middleware\\InjectBoost->handle()
#17 /var/www/indonesia-luxe/app/Http/Middleware/SetLocale.php(28): Illuminate\\Pipeline\\Pipeline->{closure:{closure:Illuminate\\Pipeline\\Pipeline::carry():194}:195}()
#18 /var/www/indonesia-luxe/vendor/laravel/framework/src/Illuminate/Pipeline/Pipeline.php(219): App\\Http\\Middleware\\SetLocale->handle()
#19 /var/www/indonesia-luxe/vendor/laravel/framework/src/Illuminate/Routing/Middleware/SubstituteBindings.php(50): Illuminate\\Pipeline\\Pipeline->{closure:{closure:Illuminate\\Pipeline\\Pipeline::carry():194}:195}()
#20 /var/www/indonesia-luxe/vendor/laravel/framework/src/Illuminate/Pipeline/Pipeline.php(219): Illuminate\\Routing\\Middleware\\SubstituteBindings->handle()
#21 /var/www/indonesia-luxe/vendor/laravel/framework/src/Illuminate/Foundation/Http/Middleware/VerifyCsrfToken.php(87): Illuminate\\Pipeline\\Pipeline->{closure:{closure:Illuminate\\Pipeline\\Pipeline::carry():194}:195}()
#22 /var/www/indonesia-luxe/vendor/laravel/framework/src/Illuminate/Pipeline/Pipeline.php(219): Illuminate\\Foundation\\Http\\Middleware\\VerifyCsrfToken->handle()
#23 /var/www/indonesia-luxe/vendor/laravel/framework/src/Illuminate/View/Middleware/ShareErrorsFromSession.php(48): Illuminate\\Pipeline\\Pipeline->{closure:{closure:Illuminate\\Pipeline\\Pipeline::carry():194}:195}()
#24 /var/www/indonesia-luxe/vendor/laravel/framework/src/Illuminate/Pipeline/Pipeline.php(219): Illuminate\\View\\Middleware\\ShareErrorsFromSession->handle()
#25 /var/www/indonesia-luxe/vendor/laravel/framework/src/Illuminate/Session/Middleware/StartSession.php(120): Illuminate\\Pipeline\\Pipeline->{closure:{closure:Illuminate\\Pipeline\\Pipeline::carry():194}:195}()
#26 /var/www/indonesia-luxe/vendor/laravel/framework/src/Illuminate/Session/Middleware/StartSession.php(63): Illuminate\\Session\\Middleware\\StartSession->handleStatefulRequest()
#27 /var/www/indonesia-luxe/vendor/laravel/framework/src/Illuminate/Pipeline/Pipeline.php(219): Illuminate\\Session\\Middleware\\StartSession->handle()
#28 /var/www/indonesia-luxe/vendor/laravel/framework/src/Illuminate/Cookie/Middleware/AddQueuedCookiesToResponse.php(36): Illuminate\\Pipeline\\Pipeline->{closure:{closure:Illuminate\\Pipeline\\Pipeline::carry():194}:195}()
#29 /var/www/indonesia-luxe/vendor/laravel/framework/src/Illuminate/Pipeline/Pipeline.php(219): Illuminate\\Cookie\\Middleware\\AddQueuedCookiesToResponse->handle()
#30 /var/www/indonesia-luxe/vendor/laravel/framework/src/Illuminate/Cookie/Middleware/EncryptCookies.php(74): Illuminate\\Pipeline\\Pipeline->{closure:{closure:Illuminate\\Pipeline\\Pipeline::carry():194}:195}()
#31 /var/www/indonesia-luxe/vendor/laravel/framework/src/Illuminate/Pipeline/Pipeline.php(219): Illuminate\\Cookie\\Middleware\\EncryptCookies->handle()
#32 /var/www/indonesia-luxe/vendor/laravel/framework/src/Illuminate/Pipeline/Pipeline.php(137): Illuminate\\Pipeline\\Pipeline->{closure:{closure:Illuminate\\Pipeline\\Pipeline::carry():194}:195}()
#33 /var/www/indonesia-luxe/vendor/laravel/framework/src/Illuminate/Routing/Router.php(821): Illuminate\\Pipeline\\Pipeline->then()
#34 /var/www/indonesia-luxe/vendor/laravel/framework/src/Illuminate/Routing/Router.php(800): Illuminate\\Routing\\Router->runRouteWithinStack()
#35 /var/www/indonesia-luxe/vendor/laravel/framework/src/Illuminate/Routing/Router.php(764): Illuminate\\Routing\\Router->runRoute()
#36 /var/www/indonesia-luxe/vendor/laravel/framework/src/Illuminate/Routing/Router.php(753): Illuminate\\Routing\\Router->dispatchToRoute()
#37 /var/www/indonesia-luxe/vendor/laravel/framework/src/Illuminate/Foundation/Http/Kernel.php(200): Illuminate\\Routing\\Router->dispatch()
#38 /var/www/indonesia-luxe/vendor/laravel/framework/src/Illuminate/Pipeline/Pipeline.php(180): Illuminate\\Foundation\\Http\\Kernel->{closure:Illuminate\\Foundation\\Http\\Kernel::dispatchToRouter():197}()
#39 /var/www/indonesia-luxe/vendor/livewire/livewire/src/Features/SupportDisablingBackButtonCache/DisableBackButtonCacheMiddleware.php(19): Illuminate\\Pipeline\\Pipeline->{closure:Illuminate\\Pipeline\\Pipeline::prepareDestination():178}()
#40 /var/www/indonesia-luxe/vendor/laravel/framework/src/Illuminate/Pipeline/Pipeline.php(219): Livewire\\Features\\SupportDisablingBackButtonCache\\DisableBackButtonCacheMiddleware->handle()
#41 /var/www/indonesia-luxe/vendor/laravel/framework/src/Illuminate/Foundation/Http/Middleware/ConvertEmptyStringsToNull.php(27): Illuminate\\Pipeline\\Pipeline->{closure:{closure:Illuminate\\Pipeline\\Pipeline::carry():194}:195}()
#42 /var/www/indonesia-luxe/vendor/laravel/framework/src/Illuminate/Pipeline/Pipeline.php(219): Illuminate\\Foundation\\Http\\Middleware\\ConvertEmptyStringsToNull->handle()
#43 /var/www/indonesia-luxe/vendor/laravel/framework/src/Illuminate/Foundation/Http/Middleware/TrimStrings.php(47): Illuminate\\Pipeline\\Pipeline->{closure:{closure:Illuminate\\Pipeline\\Pipeline::carry():194}:195}()
#44 /var/www/indonesia-luxe/vendor/laravel/framework/src/Illuminate/Pipeline/Pipeline.php(219): Illuminate\\Foundation\\Http\\Middleware\\TrimStrings->handle()
#45 /var/www/indonesia-luxe/vendor/laravel/framework/src/Illuminate/Http/Middleware/ValidatePostSize.php(27): Illuminate\\Pipeline\\Pipeline->{closure:{closure:Illuminate\\Pipeline\\Pipeline::carry():194}:195}()
#46 /var/www/indonesia-luxe/vendor/laravel/framework/src/Illuminate/Pipeline/Pipeline.php(219): Illuminate\\Http\\Middleware\\ValidatePostSize->handle()
#47 /var/www/indonesia-luxe/vendor/laravel/framework/src/Illuminate/Foundation/Http/Middleware/PreventRequestsDuringMaintenance.php(109): Illuminate\\Pipeline\\Pipeline->{closure:{closure:Illuminate\\Pipeline\\Pipeline::carry():194}:195}()
#48 /var/www/indonesia-luxe/vendor/laravel/framework/src/Illuminate/Pipeline/Pipeline.php(219): Illuminate\\Foundation\\Http\\Middleware\\PreventRequestsDuringMaintenance->handle()
#49 /var/www/indonesia-luxe/vendor/laravel/framework/src/Illuminate/Http/Middleware/HandleCors.php(61): Illuminate\\Pipeline\\Pipeline->{closure:{closure:Illuminate\\Pipeline\\Pipeline::carry():194}:195}()
#50 /var/www/indonesia-luxe/vendor/laravel/framework/src/Illuminate/Pipeline/Pipeline.php(219): Illuminate\\Http\\Middleware\\HandleCors->handle()
#51 /var/www/indonesia-luxe/vendor/laravel/framework/src/Illuminate/Http/Middleware/TrustProxies.php(58): Illuminate\\Pipeline\\Pipeline->{closure:{closure:Illuminate\\Pipeline\\Pipeline::carry():194}:195}()
#52 /var/www/indonesia-luxe/vendor/laravel/framework/src/Illuminate/Pipeline/Pipeline.php(219): Illuminate\\Http\\Middleware\\TrustProxies->handle()
#53 /var/www/indonesia-luxe/vendor/laravel/framework/src/Illuminate/Foundation/Http/Middleware/InvokeDeferredCallbacks.php(22): Illuminate\\Pipeline\\Pipeline->{closure:{closure:Illuminate\\Pipeline\\Pipeline::carry():194}:195}()
#54 /var/www/indonesia-luxe/vendor/laravel/framework/src/Illuminate/Pipeline/Pipeline.php(219): Illuminate\\Foundation\\Http\\Middleware\\InvokeDeferredCallbacks->handle()
#55 /var/www/indonesia-luxe/vendor/laravel/framework/src/Illuminate/Http/Middleware/ValidatePathEncoding.php(26): Illuminate\\Pipeline\\Pipeline->{closure:{closure:Illuminate\\Pipeline\\Pipeline::carry():194}:195}()
#56 /var/www/indonesia-luxe/vendor/laravel/framework/src/Illuminate/Pipeline/Pipeline.php(219): Illuminate\\Http\\Middleware\\ValidatePathEncoding->handle()
#57 /var/www/indonesia-luxe/vendor/laravel/framework/src/Illuminate/Pipeline/Pipeline.php(137): Illuminate\\Pipeline\\Pipeline->{closure:{closure:Illuminate\\Pipeline\\Pipeline::carry():194}:195}()
#58 /var/www/indonesia-luxe/vendor/laravel/framework/src/Illuminate/Foundation/Http/Kernel.php(175): Illuminate\\Pipeline\\Pipeline->then()
#59 /var/www/indonesia-luxe/vendor/laravel/framework/src/Illuminate/Foundation/Http/Kernel.php(144): Illuminate\\Foundation\\Http\\Kernel->sendRequestThroughRouter()
#60 /var/www/indonesia-luxe/vendor/laravel/framework/src/Illuminate/Foundation/Application.php(1220): Illuminate\\Foundation\\Http\\Kernel->handle()
#61 /var/www/indonesia-luxe/public/index.php(20): Illuminate\\Foundation\\Application->handleRequest()
#62 {main}
"} 
[2026-06-11 00:37:39] local.ERROR: Unable to find component: [filament.livewire.database-notifications] {"exception":"[object] (Livewire\\Exceptions\\ComponentNotFoundException(code: 0): Unable to find component: [filament.livewire.database-notifications] at /var/www/indonesia-luxe/vendor/livewire/livewire/src/Factory/Factory.php:76)
[stacktrace]
#0 /var/www/indonesia-luxe/vendor/livewire/livewire/src/Factory/Factory.php(88): Livewire\\Factory\\Factory->resolveComponentNameAndClass()
#1 /var/www/indonesia-luxe/vendor/livewire/livewire/src/Features/SupportReleaseTokens/ReleaseToken.php(15): Livewire\\Factory\\Factory->resolveComponentClass()
#2 /var/www/indonesia-luxe/vendor/livewire/livewire/src/Features/SupportReleaseTokens/SupportReleaseTokens.php(20): Livewire\\Features\\SupportReleaseTokens\\ReleaseToken::verify()
#3 /var/www/indonesia-luxe/vendor/livewire/livewire/src/EventBus.php(87): Livewire\\Features\\SupportReleaseTokens\\SupportReleaseTokens::{closure:Livewire\\Features\\SupportReleaseTokens\\SupportReleaseTokens::provide():19}()
#4 /var/www/indonesia-luxe/vendor/livewire/livewire/src/helpers.php(98): Livewire\\EventBus->trigger()
#5 /var/www/indonesia-luxe/vendor/livewire/livewire/src/Mechanisms/HandleComponents/Checksum.php(22): Livewire\\trigger()
#6 /var/www/indonesia-luxe/vendor/livewire/livewire/src/Mechanisms/HandleComponents/HandleComponents.php(244): Livewire\\Mechanisms\\HandleComponents\\Checksum::verify()
#7 /var/www/indonesia-luxe/vendor/livewire/livewire/src/Mechanisms/HandleComponents/HandleComponents.php(210): Livewire\\Mechanisms\\HandleComponents\\HandleComponents->fromSnapshot()
#8 /var/www/indonesia-luxe/vendor/livewire/livewire/src/LivewireManager.php(131): Livewire\\Mechanisms\\HandleComponents\\HandleComponents->update()
#9 /var/www/indonesia-luxe/vendor/livewire/livewire/src/Mechanisms/HandleRequests/HandleRequests.php(156): Livewire\\LivewireManager->update()
#10 /var/www/indonesia-luxe/vendor/laravel/framework/src/Illuminate/Routing/ControllerDispatcher.php(46): Livewire\\Mechanisms\\HandleRequests\\HandleRequests->handleUpdate()
#11 /var/www/indonesia-luxe/vendor/laravel/framework/src/Illuminate/Routing/Route.php(265): Illuminate\\Routing\\ControllerDispatcher->dispatch()
#12 /var/www/indonesia-luxe/vendor/laravel/framework/src/Illuminate/Routing/Route.php(211): Illuminate\\Routing\\Route->runController()
#13 /var/www/indonesia-luxe/vendor/laravel/framework/src/Illuminate/Routing/Router.php(822): Illuminate\\Routing\\Route->run()
#14 /var/www/indonesia-luxe/vendor/laravel/framework/src/Illuminate/Pipeline/Pipeline.php(180): Illuminate\\Routing\\Router->{closure:Illuminate\\Routing\\Router::runRouteWithinStack():821}()
#15 /var/www/indonesia-luxe/vendor/laravel/boost/src/Middleware/InjectBoost.php(22): Illuminate\\Pipeline\\Pipeline->{closure:Illuminate\\Pipeline\\Pipeline::prepareDestination():178}()
#16 /var/www/indonesia-luxe/vendor/laravel/framework/src/Illuminate/Pipeline/Pipeline.php(219): Laravel\\Boost\\Middleware\\InjectBoost->handle()
#17 /var/www/indonesia-luxe/app/Http/Middleware/SetLocale.php(28): Illuminate\\Pipeline\\Pipeline->{closure:{closure:Illuminate\\Pipeline\\Pipeline::carry():194}:195}()
#18 /var/www/indonesia-luxe/vendor/laravel/framework/src/Illuminate/Pipeline/Pipeline.php(219): App\\Http\\Middleware\\SetLocale->handle()
#19 /var/www/indonesia-luxe/vendor/laravel/framework/src/Illuminate/Routing/Middleware/SubstituteBindings.php(50): Illuminate\\Pipeline\\Pipeline->{closure:{closure:Illuminate\\Pipeline\\Pipeline::carry():194}:195}()
#20 /var/www/indonesia-luxe/vendor/laravel/framework/src/Illuminate/Pipeline/Pipeline.php(219): Illuminate\\Routing\\Middleware\\SubstituteBindings->handle()
#21 /var/www/indonesia-luxe/vendor/laravel/framework/src/Illuminate/Foundation/Http/Middleware/VerifyCsrfToken.php(87): Illuminate\\Pipeline\\Pipeline->{closure:{closure:Illuminate\\Pipeline\\Pipeline::carry():194}:195}()
#22 /var/www/indonesia-luxe/vendor/laravel/framework/src/Illuminate/Pipeline/Pipeline.php(219): Illuminate\\Foundation\\Http\\Middleware\\VerifyCsrfToken->handle()
#23 /var/www/indonesia-luxe/vendor/laravel/framework/src/Illuminate/View/Middleware/ShareErrorsFromSession.php(48): Illuminate\\Pipeline\\Pipeline->{closure:{closure:Illuminate\\Pipeline\\Pipeline::carry():194}:195}()
#24 /var/www/indonesia-luxe/vendor/laravel/framework/src/Illuminate/Pipeline/Pipeline.php(219): Illuminate\\View\\Middleware\\ShareErrorsFromSession->handle()
#25 /var/www/indonesia-luxe/vendor/laravel/framework/src/Illuminate/Session/Middleware/StartSession.php(120): Illuminate\\Pipeline\\Pipeline->{closure:{closure:Illuminate\\Pipeline\\Pipeline::carry():194}:195}()
#26 /var/www/indonesia-luxe/vendor/laravel/framework/src/Illuminate/Session/Middleware/StartSession.php(63): Illuminate\\Session\\Middleware\\StartSession->handleStatefulRequest()
#27 /var/www/indonesia-luxe/vendor/laravel/framework/src/Illuminate/Pipeline/Pipeline.php(219): Illuminate\\Session\\Middleware\\StartSession->handle()
#28 /var/www/indonesia-luxe/vendor/laravel/framework/src/Illuminate/Cookie/Middleware/AddQueuedCookiesToResponse.php(36): Illuminate\\Pipeline\\Pipeline->{closure:{closure:Illuminate\\Pipeline\\Pipeline::carry():194}:195}()
#29 /var/www/indonesia-luxe/vendor/laravel/framework/src/Illuminate/Pipeline/Pipeline.php(219): Illuminate\\Cookie\\Middleware\\AddQueuedCookiesToResponse->handle()
#30 /var/www/indonesia-luxe/vendor/laravel/framework/src/Illuminate/Cookie/Middleware/EncryptCookies.php(74): Illuminate\\Pipeline\\Pipeline->{closure:{closure:Illuminate\\Pipeline\\Pipeline::carry():194}:195}()
#31 /var/www/indonesia-luxe/vendor/laravel/framework/src/Illuminate/Pipeline/Pipeline.php(219): Illuminate\\Cookie\\Middleware\\EncryptCookies->handle()
#32 /var/www/indonesia-luxe/vendor/laravel/framework/src/Illuminate/Pipeline/Pipeline.php(137): Illuminate\\Pipeline\\Pipeline->{closure:{closure:Illuminate\\Pipeline\\Pipeline::carry():194}:195}()
#33 /var/www/indonesia-luxe/vendor/laravel/framework/src/Illuminate/Routing/Router.php(821): Illuminate\\Pipeline\\Pipeline->then()
#34 /var/www/indonesia-luxe/vendor/laravel/framework/src/Illuminate/Routing/Router.php(800): Illuminate\\Routing\\Router->runRouteWithinStack()
#35 /var/www/indonesia-luxe/vendor/laravel/framework/src/Illuminate/Routing/Router.php(764): Illuminate\\Routing\\Router->runRoute()
#36 /var/www/indonesia-luxe/vendor/laravel/framework/src/Illuminate/Routing/Router.php(753): Illuminate\\Routing\\Router->dispatchToRoute()
#37 /var/www/indonesia-luxe/vendor/laravel/framework/src/Illuminate/Foundation/Http/Kernel.php(200): Illuminate\\Routing\\Router->dispatch()
#38 /var/www/indonesia-luxe/vendor/laravel/framework/src/Illuminate/Pipeline/Pipeline.php(180): Illuminate\\Foundation\\Http\\Kernel->{closure:Illuminate\\Foundation\\Http\\Kernel::dispatchToRouter():197}()
#39 /var/www/indonesia-luxe/vendor/livewire/livewire/src/Features/SupportDisablingBackButtonCache/DisableBackButtonCacheMiddleware.php(19): Illuminate\\Pipeline\\Pipeline->{closure:Illuminate\\Pipeline\\Pipeline::prepareDestination():178}()
#40 /var/www/indonesia-luxe/vendor/laravel/framework/src/Illuminate/Pipeline/Pipeline.php(219): Livewire\\Features\\SupportDisablingBackButtonCache\\DisableBackButtonCacheMiddleware->handle()
#41 /var/www/indonesia-luxe/vendor/laravel/framework/src/Illuminate/Foundation/Http/Middleware/ConvertEmptyStringsToNull.php(27): Illuminate\\Pipeline\\Pipeline->{closure:{closure:Illuminate\\Pipeline\\Pipeline::carry():194}:195}()
#42 /var/www/indonesia-luxe/vendor/laravel/framework/src/Illuminate/Pipeline/Pipeline.php(219): Illuminate\\Foundation\\Http\\Middleware\\ConvertEmptyStringsToNull->handle()
#43 /var/www/indonesia-luxe/vendor/laravel/framework/src/Illuminate/Foundation/Http/Middleware/TrimStrings.php(47): Illuminate\\Pipeline\\Pipeline->{closure:{closure:Illuminate\\Pipeline\\Pipeline::carry():194}:195}()
#44 /var/www/indonesia-luxe/vendor/laravel/framework/src/Illuminate/Pipeline/Pipeline.php(219): Illuminate\\Foundation\\Http\\Middleware\\TrimStrings->handle()
#45 /var/www/indonesia-luxe/vendor/laravel/framework/src/Illuminate/Http/Middleware/ValidatePostSize.php(27): Illuminate\\Pipeline\\Pipeline->{closure:{closure:Illuminate\\Pipeline\\Pipeline::carry():194}:195}()
#46 /var/www/indonesia-luxe/vendor/laravel/framework/src/Illuminate/Pipeline/Pipeline.php(219): Illuminate\\Http\\Middleware\\ValidatePostSize->handle()
#47 /var/www/indonesia-luxe/vendor/laravel/framework/src/Illuminate/Foundation/Http/Middleware/PreventRequestsDuringMaintenance.php(109): Illuminate\\Pipeline\\Pipeline->{closure:{closure:Illuminate\\Pipeline\\Pipeline::carry():194}:195}()
#48 /var/www/indonesia-luxe/vendor/laravel/framework/src/Illuminate/Pipeline/Pipeline.php(219): Illuminate\\Foundation\\Http\\Middleware\\PreventRequestsDuringMaintenance->handle()
#49 /var/www/indonesia-luxe/vendor/laravel/framework/src/Illuminate/Http/Middleware/HandleCors.php(61): Illuminate\\Pipeline\\Pipeline->{closure:{closure:Illuminate\\Pipeline\\Pipeline::carry():194}:195}()
#50 /var/www/indonesia-luxe/vendor/laravel/framework/src/Illuminate/Pipeline/Pipeline.php(219): Illuminate\\Http\\Middleware\\HandleCors->handle()
#51 /var/www/indonesia-luxe/vendor/laravel/framework/src/Illuminate/Http/Middleware/TrustProxies.php(58): Illuminate\\Pipeline\\Pipeline->{closure:{closure:Illuminate\\Pipeline\\Pipeline::carry():194}:195}()
#52 /var/www/indonesia-luxe/vendor/laravel/framework/src/Illuminate/Pipeline/Pipeline.php(219): Illuminate\\Http\\Middleware\\TrustProxies->handle()
#53 /var/www/indonesia-luxe/vendor/laravel/framework/src/Illuminate/Foundation/Http/Middleware/InvokeDeferredCallbacks.php(22): Illuminate\\Pipeline\\Pipeline->{closure:{closure:Illuminate\\Pipeline\\Pipeline::carry():194}:195}()
#54 /var/www/indonesia-luxe/vendor/laravel/framework/src/Illuminate/Pipeline/Pipeline.php(219): Illuminate\\Foundation\\Http\\Middleware\\InvokeDeferredCallbacks->handle()
#55 /var/www/indonesia-luxe/vendor/laravel/framework/src/Illuminate/Http/Middleware/ValidatePathEncoding.php(26): Illuminate\\Pipeline\\Pipeline->{closure:{closure:Illuminate\\Pipeline\\Pipeline::carry():194}:195}()
#56 /var/www/indonesia-luxe/vendor/laravel/framework/src/Illuminate/Pipeline/Pipeline.php(219): Illuminate\\Http\\Middleware\\ValidatePathEncoding->handle()
#57 /var/www/indonesia-luxe/vendor/laravel/framework/src/Illuminate/Pipeline/Pipeline.php(137): Illuminate\\Pipeline\\Pipeline->{closure:{closure:Illuminate\\Pipeline\\Pipeline::carry():194}:195}()
#58 /var/www/indonesia-luxe/vendor/laravel/framework/src/Illuminate/Foundation/Http/Kernel.php(175): Illuminate\\Pipeline\\Pipeline->then()
#59 /var/www/indonesia-luxe/vendor/laravel/framework/src/Illuminate/Foundation/Http/Kernel.php(144): Illuminate\\Foundation\\Http\\Kernel->sendRequestThroughRouter()
#60 /var/www/indonesia-luxe/vendor/laravel/framework/src/Illuminate/Foundation/Application.php(1220): Illuminate\\Foundation\\Http\\Kernel->handle()
#61 /var/www/indonesia-luxe/public/index.php(20): Illuminate\\Foundation\\Application->handleRequest()
#62 {main}
"} 
[2026-06-11 00:37:40] local.ERROR: Unable to find component: [filament.livewire.database-notifications] {"exception":"[object] (Livewire\\Exceptions\\ComponentNotFoundException(code: 0): Unable to find component: [filament.livewire.database-notifications] at /var/www/indonesia-luxe/vendor/livewire/livewire/src/Factory/Factory.php:76)
[stacktrace]
#0 /var/www/indonesia-luxe/vendor/livewire/livewire/src/Factory/Factory.php(88): Livewire\\Factory\\Factory->resolveComponentNameAndClass()
#1 /var/www/indonesia-luxe/vendor/livewire/livewire/src/Features/SupportReleaseTokens/ReleaseToken.php(15): Livewire\\Factory\\Factory->resolveComponentClass()
#2 /var/www/indonesia-luxe/vendor/livewire/livewire/src/Features/SupportReleaseTokens/SupportReleaseTokens.php(20): Livewire\\Features\\SupportReleaseTokens\\ReleaseToken::verify()
#3 /var/www/indonesia-luxe/vendor/livewire/livewire/src/EventBus.php(87): Livewire\\Features\\SupportReleaseTokens\\SupportReleaseTokens::{closure:Livewire\\Features\\SupportReleaseTokens\\SupportReleaseTokens::provide():19}()
#4 /var/www/indonesia-luxe/vendor/livewire/livewire/src/helpers.php(98): Livewire\\EventBus->trigger()
#5 /var/www/indonesia-luxe/vendor/livewire/livewire/src/Mechanisms/HandleComponents/Checksum.php(22): Livewire\\trigger()
#6 /var/www/indonesia-luxe/vendor/livewire/livewire/src/Mechanisms/HandleComponents/HandleComponents.php(244): Livewire\\Mechanisms\\HandleComponents\\Checksum::verify()
#7 /var/www/indonesia-luxe/vendor/livewire/livewire/src/Mechanisms/HandleComponents/HandleComponents.php(210): Livewire\\Mechanisms\\HandleComponents\\HandleComponents->fromSnapshot()
#8 /var/www/indonesia-luxe/vendor/livewire/livewire/src/LivewireManager.php(131): Livewire\\Mechanisms\\HandleComponents\\HandleComponents->update()
#9 /var/www/indonesia-luxe/vendor/livewire/livewire/src/Mechanisms/HandleRequests/HandleRequests.php(156): Livewire\\LivewireManager->update()
#10 /var/www/indonesia-luxe/vendor/laravel/framework/src/Illuminate/Routing/ControllerDispatcher.php(46): Livewire\\Mechanisms\\HandleRequests\\HandleRequests->handleUpdate()
#11 /var/www/indonesia-luxe/vendor/laravel/framework/src/Illuminate/Routing/Route.php(265): Illuminate\\Routing\\ControllerDispatcher->dispatch()
#12 /var/www/indonesia-luxe/vendor/laravel/framework/src/Illuminate/Routing/Route.php(211): Illuminate\\Routing\\Route->runController()
#13 /var/www/indonesia-luxe/vendor/laravel/framework/src/Illuminate/Routing/Router.php(822): Illuminate\\Routing\\Route->run()
#14 /var/www/indonesia-luxe/vendor/laravel/framework/src/Illuminate/Pipeline/Pipeline.php(180): Illuminate\\Routing\\Router->{closure:Illuminate\\Routing\\Router::runRouteWithinStack():821}()
#15 /var/www/indonesia-luxe/vendor/laravel/boost/src/Middleware/InjectBoost.php(22): Illuminate\\Pipeline\\Pipeline->{closure:Illuminate\\Pipeline\\Pipeline::prepareDestination():178}()
#16 /var/www/indonesia-luxe/vendor/laravel/framework/src/Illuminate/Pipeline/Pipeline.php(219): Laravel\\Boost\\Middleware\\InjectBoost->handle()
#17 /var/www/indonesia-luxe/app/Http/Middleware/SetLocale.php(28): Illuminate\\Pipeline\\Pipeline->{closure:{closure:Illuminate\\Pipeline\\Pipeline::carry():194}:195}()
#18 /var/www/indonesia-luxe/vendor/laravel/framework/src/Illuminate/Pipeline/Pipeline.php(219): App\\Http\\Middleware\\SetLocale->handle()
#19 /var/www/indonesia-luxe/vendor/laravel/framework/src/Illuminate/Routing/Middleware/SubstituteBindings.php(50): Illuminate\\Pipeline\\Pipeline->{closure:{closure:Illuminate\\Pipeline\\Pipeline::carry():194}:195}()
#20 /var/www/indonesia-luxe/vendor/laravel/framework/src/Illuminate/Pipeline/Pipeline.php(219): Illuminate\\Routing\\Middleware\\SubstituteBindings->handle()
#21 /var/www/indonesia-luxe/vendor/laravel/framework/src/Illuminate/Foundation/Http/Middleware/VerifyCsrfToken.php(87): Illuminate\\Pipeline\\Pipeline->{closure:{closure:Illuminate\\Pipeline\\Pipeline::carry():194}:195}()
#22 /var/www/indonesia-luxe/vendor/laravel/framework/src/Illuminate/Pipeline/Pipeline.php(219): Illuminate\\Foundation\\Http\\Middleware\\VerifyCsrfToken->handle()
#23 /var/www/indonesia-luxe/vendor/laravel/framework/src/Illuminate/View/Middleware/ShareErrorsFromSession.php(48): Illuminate\\Pipeline\\Pipeline->{closure:{closure:Illuminate\\Pipeline\\Pipeline::carry():194}:195}()
#24 /var/www/indonesia-luxe/vendor/laravel/framework/src/Illuminate/Pipeline/Pipeline.php(219): Illuminate\\View\\Middleware\\ShareErrorsFromSession->handle()
#25 /var/www/indonesia-luxe/vendor/laravel/framework/src/Illuminate/Session/Middleware/StartSession.php(120): Illuminate\\Pipeline\\Pipeline->{closure:{closure:Illuminate\\Pipeline\\Pipeline::carry():194}:195}()
#26 /var/www/indonesia-luxe/vendor/laravel/framework/src/Illuminate/Session/Middleware/StartSession.php(63): Illuminate\\Session\\Middleware\\StartSession->handleStatefulRequest()
#27 /var/www/indonesia-luxe/vendor/laravel/framework/src/Illuminate/Pipeline/Pipeline.php(219): Illuminate\\Session\\Middleware\\StartSession->handle()
#28 /var/www/indonesia-luxe/vendor/laravel/framework/src/Illuminate/Cookie/Middleware/AddQueuedCookiesToResponse.php(36): Illuminate\\Pipeline\\Pipeline->{closure:{closure:Illuminate\\Pipeline\\Pipeline::carry():194}:195}()
#29 /var/www/indonesia-luxe/vendor/laravel/framework/src/Illuminate/Pipeline/Pipeline.php(219): Illuminate\\Cookie\\Middleware\\AddQueuedCookiesToResponse->handle()
#30 /var/www/indonesia-luxe/vendor/laravel/framework/src/Illuminate/Cookie/Middleware/EncryptCookies.php(74): Illuminate\\Pipeline\\Pipeline->{closure:{closure:Illuminate\\Pipeline\\Pipeline::carry():194}:195}()
#31 /var/www/indonesia-luxe/vendor/laravel/framework/src/Illuminate/Pipeline/Pipeline.php(219): Illuminate\\Cookie\\Middleware\\EncryptCookies->handle()
#32 /var/www/indonesia-luxe/vendor/laravel/framework/src/Illuminate/Pipeline/Pipeline.php(137): Illuminate\\Pipeline\\Pipeline->{closure:{closure:Illuminate\\Pipeline\\Pipeline::carry():194}:195}()
#33 /var/www/indonesia-luxe/vendor/laravel/framework/src/Illuminate/Routing/Router.php(821): Illuminate\\Pipeline\\Pipeline->then()
#34 /var/www/indonesia-luxe/vendor/laravel/framework/src/Illuminate/Routing/Router.php(800): Illuminate\\Routing\\Router->runRouteWithinStack()
#35 /var/www/indonesia-luxe/vendor/laravel/framework/src/Illuminate/Routing/Router.php(764): Illuminate\\Routing\\Router->runRoute()
#36 /var/www/indonesia-luxe/vendor/laravel/framework/src/Illuminate/Routing/Router.php(753): Illuminate\\Routing\\Router->dispatchToRoute()
#37 /var/www/indonesia-luxe/vendor/laravel/framework/src/Illuminate/Foundation/Http/Kernel.php(200): Illuminate\\Routing\\Router->dispatch()
#38 /var/www/indonesia-luxe/vendor/laravel/framework/src/Illuminate/Pipeline/Pipeline.php(180): Illuminate\\Foundation\\Http\\Kernel->{closure:Illuminate\\Foundation\\Http\\Kernel::dispatchToRouter():197}()
#39 /var/www/indonesia-luxe/vendor/livewire/livewire/src/Features/SupportDisablingBackButtonCache/DisableBackButtonCacheMiddleware.php(19): Illuminate\\Pipeline\\Pipeline->{closure:Illuminate\\Pipeline\\Pipeline::prepareDestination():178}()
#40 /var/www/indonesia-luxe/vendor/laravel/framework/src/Illuminate/Pipeline/Pipeline.php(219): Livewire\\Features\\SupportDisablingBackButtonCache\\DisableBackButtonCacheMiddleware->handle()
#41 /var/www/indonesia-luxe/vendor/laravel/framework/src/Illuminate/Foundation/Http/Middleware/ConvertEmptyStringsToNull.php(27): Illuminate\\Pipeline\\Pipeline->{closure:{closure:Illuminate\\Pipeline\\Pipeline::carry():194}:195}()
#42 /var/www/indonesia-luxe/vendor/laravel/framework/src/Illuminate/Pipeline/Pipeline.php(219): Illuminate\\Foundation\\Http\\Middleware\\ConvertEmptyStringsToNull->handle()
#43 /var/www/indonesia-luxe/vendor/laravel/framework/src/Illuminate/Foundation/Http/Middleware/TrimStrings.php(47): Illuminate\\Pipeline\\Pipeline->{closure:{closure:Illuminate\\Pipeline\\Pipeline::carry():194}:195}()
#44 /var/www/indonesia-luxe/vendor/laravel/framework/src/Illuminate/Pipeline/Pipeline.php(219): Illuminate\\Foundation\\Http\\Middleware\\TrimStrings->handle()
#45 /var/www/indonesia-luxe/vendor/laravel/framework/src/Illuminate/Http/Middleware/ValidatePostSize.php(27): Illuminate\\Pipeline\\Pipeline->{closure:{closure:Illuminate\\Pipeline\\Pipeline::carry():194}:195}()
#46 /var/www/indonesia-luxe/vendor/laravel/framework/src/Illuminate/Pipeline/Pipeline.php(219): Illuminate\\Http\\Middleware\\ValidatePostSize->handle()
#47 /var/www/indonesia-luxe/vendor/laravel/framework/src/Illuminate/Foundation/Http/Middleware/PreventRequestsDuringMaintenance.php(109): Illuminate\\Pipeline\\Pipeline->{closure:{closure:Illuminate\\Pipeline\\Pipeline::carry():194}:195}()
#48 /var/www/indonesia-luxe/vendor/laravel/framework/src/Illuminate/Pipeline/Pipeline.php(219): Illuminate\\Foundation\\Http\\Middleware\\PreventRequestsDuringMaintenance->handle()
#49 /var/www/indonesia-luxe/vendor/laravel/framework/src/Illuminate/Http/Middleware/HandleCors.php(61): Illuminate\\Pipeline\\Pipeline->{closure:{closure:Illuminate\\Pipeline\\Pipeline::carry():194}:195}()
#50 /var/www/indonesia-luxe/vendor/laravel/framework/src/Illuminate/Pipeline/Pipeline.php(219): Illuminate\\Http\\Middleware\\HandleCors->handle()
#51 /var/www/indonesia-luxe/vendor/laravel/framework/src/Illuminate/Http/Middleware/TrustProxies.php(58): Illuminate\\Pipeline\\Pipeline->{closure:{closure:Illuminate\\Pipeline\\Pipeline::carry():194}:195}()
#52 /var/www/indonesia-luxe/vendor/laravel/framework/src/Illuminate/Pipeline/Pipeline.php(219): Illuminate\\Http\\Middleware\\TrustProxies->handle()
#53 /var/www/indonesia-luxe/vendor/laravel/framework/src/Illuminate/Foundation/Http/Middleware/InvokeDeferredCallbacks.php(22): Illuminate\\Pipeline\\Pipeline->{closure:{closure:Illuminate\\Pipeline\\Pipeline::carry():194}:195}()
#54 /var/www/indonesia-luxe/vendor/laravel/framework/src/Illuminate/Pipeline/Pipeline.php(219): Illuminate\\Foundation\\Http\\Middleware\\InvokeDeferredCallbacks->handle()
#55 /var/www/indonesia-luxe/vendor/laravel/framework/src/Illuminate/Http/Middleware/ValidatePathEncoding.php(26): Illuminate\\Pipeline\\Pipeline->{closure:{closure:Illuminate\\Pipeline\\Pipeline::carry():194}:195}()
#56 /var/www/indonesia-luxe/vendor/laravel/framework/src/Illuminate/Pipeline/Pipeline.php(219): Illuminate\\Http\\Middleware\\ValidatePathEncoding->handle()
#57 /var/www/indonesia-luxe/vendor/laravel/framework/src/Illuminate/Pipeline/Pipeline.php(137): Illuminate\\Pipeline\\Pipeline->{closure:{closure:Illuminate\\Pipeline\\Pipeline::carry():194}:195}()
#58 /var/www/indonesia-luxe/vendor/laravel/framework/src/Illuminate/Foundation/Http/Kernel.php(175): Illuminate\\Pipeline\\Pipeline->then()
#59 /var/www/indonesia-luxe/vendor/laravel/framework/src/Illuminate/Foundation/Http/Kernel.php(144): Illuminate\\Foundation\\Http\\Kernel->sendRequestThroughRouter()
#60 /var/www/indonesia-luxe/vendor/laravel/framework/src/Illuminate/Foundation/Application.php(1220): Illuminate\\Foundation\\Http\\Kernel->handle()
#61 /var/www/indonesia-luxe/public/index.php(20): Illuminate\\Foundation\\Application->handleRequest()
#62 {main}
"} 
[2026-06-11 00:37:40] local.ERROR: Unable to find component: [auth.login] {"exception":"[object] (Livewire\\Exceptions\\ComponentNotFoundException(code: 0): Unable to find component: [auth.login] at /var/www/indonesia-luxe/vendor/livewire/livewire/src/Factory/Factory.php:76)
[stacktrace]
#0 /var/www/indonesia-luxe/vendor/livewire/livewire/src/Factory/Factory.php(88): Livewire\\Factory\\Factory->resolveComponentNameAndClass()
#1 /var/www/indonesia-luxe/vendor/livewire/livewire/src/Features/SupportReleaseTokens/ReleaseToken.php(15): Livewire\\Factory\\Factory->resolveComponentClass()
#2 /var/www/indonesia-luxe/vendor/livewire/livewire/src/Features/SupportReleaseTokens/SupportReleaseTokens.php(20): Livewire\\Features\\SupportReleaseTokens\\ReleaseToken::verify()
#3 /var/www/indonesia-luxe/vendor/livewire/livewire/src/EventBus.php(87): Livewire\\Features\\SupportReleaseTokens\\SupportReleaseTokens::{closure:Livewire\\Features\\SupportReleaseTokens\\SupportReleaseTokens::provide():19}()
#4 /var/www/indonesia-luxe/vendor/livewire/livewire/src/helpers.php(98): Livewire\\EventBus->trigger()
#5 /var/www/indonesia-luxe/vendor/livewire/livewire/src/Mechanisms/HandleComponents/Checksum.php(22): Livewire\\trigger()
#6 /var/www/indonesia-luxe/vendor/livewire/livewire/src/Mechanisms/HandleComponents/HandleComponents.php(244): Livewire\\Mechanisms\\HandleComponents\\Checksum::verify()
#7 /var/www/indonesia-luxe/vendor/livewire/livewire/src/Mechanisms/HandleComponents/HandleComponents.php(210): Livewire\\Mechanisms\\HandleComponents\\HandleComponents->fromSnapshot()
#8 /var/www/indonesia-luxe/vendor/livewire/livewire/src/LivewireManager.php(131): Livewire\\Mechanisms\\HandleComponents\\HandleComponents->update()
#9 /var/www/indonesia-luxe/vendor/livewire/livewire/src/Mechanisms/HandleRequests/HandleRequests.php(156): Livewire\\LivewireManager->update()
#10 /var/www/indonesia-luxe/vendor/laravel/framework/src/Illuminate/Routing/ControllerDispatcher.php(46): Livewire\\Mechanisms\\HandleRequests\\HandleRequests->handleUpdate()
#11 /var/www/indonesia-luxe/vendor/laravel/framework/src/Illuminate/Routing/Route.php(265): Illuminate\\Routing\\ControllerDispatcher->dispatch()
#12 /var/www/indonesia-luxe/vendor/laravel/framework/src/Illuminate/Routing/Route.php(211): Illuminate\\Routing\\Route->runController()
#13 /var/www/indonesia-luxe/vendor/laravel/framework/src/Illuminate/Routing/Router.php(822): Illuminate\\Routing\\Route->run()
#14 /var/www/indonesia-luxe/vendor/laravel/framework/src/Illuminate/Pipeline/Pipeline.php(180): Illuminate\\Routing\\Router->{closure:Illuminate\\Routing\\Router::runRouteWithinStack():821}()
#15 /var/www/indonesia-luxe/vendor/laravel/boost/src/Middleware/InjectBoost.php(22): Illuminate\\Pipeline\\Pipeline->{closure:Illuminate\\Pipeline\\Pipeline::prepareDestination():178}()
#16 /var/www/indonesia-luxe/vendor/laravel/framework/src/Illuminate/Pipeline/Pipeline.php(219): Laravel\\Boost\\Middleware\\InjectBoost->handle()
#17 /var/www/indonesia-luxe/app/Http/Middleware/SetLocale.php(28): Illuminate\\Pipeline\\Pipeline->{closure:{closure:Illuminate\\Pipeline\\Pipeline::carry():194}:195}()
#18 /var/www/indonesia-luxe/vendor/laravel/framework/src/Illuminate/Pipeline/Pipeline.php(219): App\\Http\\Middleware\\SetLocale->handle()
#19 /var/www/indonesia-luxe/vendor/laravel/framework/src/Illuminate/Routing/Middleware/SubstituteBindings.php(50): Illuminate\\Pipeline\\Pipeline->{closure:{closure:Illuminate\\Pipeline\\Pipeline::carry():194}:195}()
#20 /var/www/indonesia-luxe/vendor/laravel/framework/src/Illuminate/Pipeline/Pipeline.php(219): Illuminate\\Routing\\Middleware\\SubstituteBindings->handle()
#21 /var/www/indonesia-luxe/vendor/laravel/framework/src/Illuminate/Foundation/Http/Middleware/VerifyCsrfToken.php(87): Illuminate\\Pipeline\\Pipeline->{closure:{closure:Illuminate\\Pipeline\\Pipeline::carry():194}:195}()
#22 /var/www/indonesia-luxe/vendor/laravel/framework/src/Illuminate/Pipeline/Pipeline.php(219): Illuminate\\Foundation\\Http\\Middleware\\VerifyCsrfToken->handle()
#23 /var/www/indonesia-luxe/vendor/laravel/framework/src/Illuminate/View/Middleware/ShareErrorsFromSession.php(48): Illuminate\\Pipeline\\Pipeline->{closure:{closure:Illuminate\\Pipeline\\Pipeline::carry():194}:195}()
#24 /var/www/indonesia-luxe/vendor/laravel/framework/src/Illuminate/Pipeline/Pipeline.php(219): Illuminate\\View\\Middleware\\ShareErrorsFromSession->handle()
#25 /var/www/indonesia-luxe/vendor/laravel/framework/src/Illuminate/Session/Middleware/StartSession.php(120): Illuminate\\Pipeline\\Pipeline->{closure:{closure:Illuminate\\Pipeline\\Pipeline::carry():194}:195}()
#26 /var/www/indonesia-luxe/vendor/laravel/framework/src/Illuminate/Session/Middleware/StartSession.php(63): Illuminate\\Session\\Middleware\\StartSession->handleStatefulRequest()
#27 /var/www/indonesia-luxe/vendor/laravel/framework/src/Illuminate/Pipeline/Pipeline.php(219): Illuminate\\Session\\Middleware\\StartSession->handle()
#28 /var/www/indonesia-luxe/vendor/laravel/framework/src/Illuminate/Cookie/Middleware/AddQueuedCookiesToResponse.php(36): Illuminate\\Pipeline\\Pipeline->{closure:{closure:Illuminate\\Pipeline\\Pipeline::carry():194}:195}()
#29 /var/www/indonesia-luxe/vendor/laravel/framework/src/Illuminate/Pipeline/Pipeline.php(219): Illuminate\\Cookie\\Middleware\\AddQueuedCookiesToResponse->handle()
#30 /var/www/indonesia-luxe/vendor/laravel/framework/src/Illuminate/Cookie/Middleware/EncryptCookies.php(74): Illuminate\\Pipeline\\Pipeline->{closure:{closure:Illuminate\\Pipeline\\Pipeline::carry():194}:195}()
#31 /var/www/indonesia-luxe/vendor/laravel/framework/src/Illuminate/Pipeline/Pipeline.php(219): Illuminate\\Cookie\\Middleware\\EncryptCookies->handle()
#32 /var/www/indonesia-luxe/vendor/laravel/framework/src/Illuminate/Pipeline/Pipeline.php(137): Illuminate\\Pipeline\\Pipeline->{closure:{closure:Illuminate\\Pipeline\\Pipeline::carry():194}:195}()
#33 /var/www/indonesia-luxe/vendor/laravel/framework/src/Illuminate/Routing/Router.php(821): Illuminate\\Pipeline\\Pipeline->then()
#34 /var/www/indonesia-luxe/vendor/laravel/framework/src/Illuminate/Routing/Router.php(800): Illuminate\\Routing\\Router->runRouteWithinStack()
#35 /var/www/indonesia-luxe/vendor/laravel/framework/src/Illuminate/Routing/Router.php(764): Illuminate\\Routing\\Router->runRoute()
#36 /var/www/indonesia-luxe/vendor/laravel/framework/src/Illuminate/Routing/Router.php(753): Illuminate\\Routing\\Router->dispatchToRoute()
#37 /var/www/indonesia-luxe/vendor/laravel/framework/src/Illuminate/Foundation/Http/Kernel.php(200): Illuminate\\Routing\\Router->dispatch()
#38 /var/www/indonesia-luxe/vendor/laravel/framework/src/Illuminate/Pipeline/Pipeline.php(180): Illuminate\\Foundation\\Http\\Kernel->{closure:Illuminate\\Foundation\\Http\\Kernel::dispatchToRouter():197}()
#39 /var/www/indonesia-luxe/vendor/livewire/livewire/src/Features/SupportDisablingBackButtonCache/DisableBackButtonCacheMiddleware.php(19): Illuminate\\Pipeline\\Pipeline->{closure:Illuminate\\Pipeline\\Pipeline::prepareDestination():178}()
#40 /var/www/indonesia-luxe/vendor/laravel/framework/src/Illuminate/Pipeline/Pipeline.php(219): Livewire\\Features\\SupportDisablingBackButtonCache\\DisableBackButtonCacheMiddleware->handle()
#41 /var/www/indonesia-luxe/vendor/laravel/framework/src/Illuminate/Foundation/Http/Middleware/ConvertEmptyStringsToNull.php(27): Illuminate\\Pipeline\\Pipeline->{closure:{closure:Illuminate\\Pipeline\\Pipeline::carry():194}:195}()
#42 /var/www/indonesia-luxe/vendor/laravel/framework/src/Illuminate/Pipeline/Pipeline.php(219): Illuminate\\Foundation\\Http\\Middleware\\ConvertEmptyStringsToNull->handle()
#43 /var/www/indonesia-luxe/vendor/laravel/framework/src/Illuminate/Foundation/Http/Middleware/TrimStrings.php(47): Illuminate\\Pipeline\\Pipeline->{closure:{closure:Illuminate\\Pipeline\\Pipeline::carry():194}:195}()
#44 /var/www/indonesia-luxe/vendor/laravel/framework/src/Illuminate/Pipeline/Pipeline.php(219): Illuminate\\Foundation\\Http\\Middleware\\TrimStrings->handle()
#45 /var/www/indonesia-luxe/vendor/laravel/framework/src/Illuminate/Http/Middleware/ValidatePostSize.php(27): Illuminate\\Pipeline\\Pipeline->{closure:{closure:Illuminate\\Pipeline\\Pipeline::carry():194}:195}()
#46 /var/www/indonesia-luxe/vendor/laravel/framework/src/Illuminate/Pipeline/Pipeline.php(219): Illuminate\\Http\\Middleware\\ValidatePostSize->handle()
#47 /var/www/indonesia-luxe/vendor/laravel/framework/src/Illuminate/Foundation/Http/Middleware/PreventRequestsDuringMaintenance.php(109): Illuminate\\Pipeline\\Pipeline->{closure:{closure:Illuminate\\Pipeline\\Pipeline::carry():194}:195}()
#48 /var/www/indonesia-luxe/vendor/laravel/framework/src/Illuminate/Pipeline/Pipeline.php(219): Illuminate\\Foundation\\Http\\Middleware\\PreventRequestsDuringMaintenance->handle()
#49 /var/www/indonesia-luxe/vendor/laravel/framework/src/Illuminate/Http/Middleware/HandleCors.php(61): Illuminate\\Pipeline\\Pipeline->{closure:{closure:Illuminate\\Pipeline\\Pipeline::carry():194}:195}()
#50 /var/www/indonesia-luxe/vendor/laravel/framework/src/Illuminate/Pipeline/Pipeline.php(219): Illuminate\\Http\\Middleware\\HandleCors->handle()
#51 /var/www/indonesia-luxe/vendor/laravel/framework/src/Illuminate/Http/Middleware/TrustProxies.php(58): Illuminate\\Pipeline\\Pipeline->{closure:{closure:Illuminate\\Pipeline\\Pipeline::carry():194}:195}()
#52 /var/www/indonesia-luxe/vendor/laravel/framework/src/Illuminate/Pipeline/Pipeline.php(219): Illuminate\\Http\\Middleware\\TrustProxies->handle()
#53 /var/www/indonesia-luxe/vendor/laravel/framework/src/Illuminate/Foundation/Http/Middleware/InvokeDeferredCallbacks.php(22): Illuminate\\Pipeline\\Pipeline->{closure:{closure:Illuminate\\Pipeline\\Pipeline::carry():194}:195}()
#54 /var/www/indonesia-luxe/vendor/laravel/framework/src/Illuminate/Pipeline/Pipeline.php(219): Illuminate\\Foundation\\Http\\Middleware\\InvokeDeferredCallbacks->handle()
#55 /var/www/indonesia-luxe/vendor/laravel/framework/src/Illuminate/Http/Middleware/ValidatePathEncoding.php(26): Illuminate\\Pipeline\\Pipeline->{closure:{closure:Illuminate\\Pipeline\\Pipeline::carry():194}:195}()
#56 /var/www/indonesia-luxe/vendor/laravel/framework/src/Illuminate/Pipeline/Pipeline.php(219): Illuminate\\Http\\Middleware\\ValidatePathEncoding->handle()
#57 /var/www/indonesia-luxe/vendor/laravel/framework/src/Illuminate/Pipeline/Pipeline.php(137): Illuminate\\Pipeline\\Pipeline->{closure:{closure:Illuminate\\Pipeline\\Pipeline::carry():194}:195}()
#58 /var/www/indonesia-luxe/vendor/laravel/framework/src/Illuminate/Foundation/Http/Kernel.php(175): Illuminate\\Pipeline\\Pipeline->then()
#59 /var/www/indonesia-luxe/vendor/laravel/framework/src/Illuminate/Foundation/Http/Kernel.php(144): Illuminate\\Foundation\\Http\\Kernel->sendRequestThroughRouter()
#60 /var/www/indonesia-luxe/vendor/laravel/framework/src/Illuminate/Foundation/Application.php(1220): Illuminate\\Foundation\\Http\\Kernel->handle()
#61 /var/www/indonesia-luxe/public/index.php(20): Illuminate\\Foundation\\Application->handleRequest()
#62 {main}
"} 
[2026-06-11 00:37:41] local.ERROR: Unable to find component: [auth.login] {"exception":"[object] (Livewire\\Exceptions\\ComponentNotFoundException(code: 0): Unable to find component: [auth.login] at /var/www/indonesia-luxe/vendor/livewire/livewire/src/Factory/Factory.php:76)
[stacktrace]
#0 /var/www/indonesia-luxe/vendor/livewire/livewire/src/Factory/Factory.php(88): Livewire\\Factory\\Factory->resolveComponentNameAndClass()
#1 /var/www/indonesia-luxe/vendor/livewire/livewire/src/Features/SupportReleaseTokens/ReleaseToken.php(15): Livewire\\Factory\\Factory->resolveComponentClass()
#2 /var/www/indonesia-luxe/vendor/livewire/livewire/src/Features/SupportReleaseTokens/SupportReleaseTokens.php(20): Livewire\\Features\\SupportReleaseTokens\\ReleaseToken::verify()
#3 /var/www/indonesia-luxe/vendor/livewire/livewire/src/EventBus.php(87): Livewire\\Features\\SupportReleaseTokens\\SupportReleaseTokens::{closure:Livewire\\Features\\SupportReleaseTokens\\SupportReleaseTokens::provide():19}()
#4 /var/www/indonesia-luxe/vendor/livewire/livewire/src/helpers.php(98): Livewire\\EventBus->trigger()
#5 /var/www/indonesia-luxe/vendor/livewire/livewire/src/Mechanisms/HandleComponents/Checksum.php(22): Livewire\\trigger()
#6 /var/www/indonesia-luxe/vendor/livewire/livewire/src/Mechanisms/HandleComponents/HandleComponents.php(244): Livewire\\Mechanisms\\HandleComponents\\Checksum::verify()
#7 /var/www/indonesia-luxe/vendor/livewire/livewire/src/Mechanisms/HandleComponents/HandleComponents.php(210): Livewire\\Mechanisms\\HandleComponents\\HandleComponents->fromSnapshot()
#8 /var/www/indonesia-luxe/vendor/livewire/livewire/src/LivewireManager.php(131): Livewire\\Mechanisms\\HandleComponents\\HandleComponents->update()
#9 /var/www/indonesia-luxe/vendor/livewire/livewire/src/Mechanisms/HandleRequests/HandleRequests.php(156): Livewire\\LivewireManager->update()
#10 /var/www/indonesia-luxe/vendor/laravel/framework/src/Illuminate/Routing/ControllerDispatcher.php(46): Livewire\\Mechanisms\\HandleRequests\\HandleRequests->handleUpdate()
#11 /var/www/indonesia-luxe/vendor/laravel/framework/src/Illuminate/Routing/Route.php(265): Illuminate\\Routing\\ControllerDispatcher->dispatch()
#12 /var/www/indonesia-luxe/vendor/laravel/framework/src/Illuminate/Routing/Route.php(211): Illuminate\\Routing\\Route->runController()
#13 /var/www/indonesia-luxe/vendor/laravel/framework/src/Illuminate/Routing/Router.php(822): Illuminate\\Routing\\Route->run()
#14 /var/www/indonesia-luxe/vendor/laravel/framework/src/Illuminate/Pipeline/Pipeline.php(180): Illuminate\\Routing\\Router->{closure:Illuminate\\Routing\\Router::runRouteWithinStack():821}()
#15 /var/www/indonesia-luxe/vendor/laravel/boost/src/Middleware/InjectBoost.php(22): Illuminate\\Pipeline\\Pipeline->{closure:Illuminate\\Pipeline\\Pipeline::prepareDestination():178}()
#16 /var/www/indonesia-luxe/vendor/laravel/framework/src/Illuminate/Pipeline/Pipeline.php(219): Laravel\\Boost\\Middleware\\InjectBoost->handle()
#17 /var/www/indonesia-luxe/app/Http/Middleware/SetLocale.php(28): Illuminate\\Pipeline\\Pipeline->{closure:{closure:Illuminate\\Pipeline\\Pipeline::carry():194}:195}()
#18 /var/www/indonesia-luxe/vendor/laravel/framework/src/Illuminate/Pipeline/Pipeline.php(219): App\\Http\\Middleware\\SetLocale->handle()
#19 /var/www/indonesia-luxe/vendor/laravel/framework/src/Illuminate/Routing/Middleware/SubstituteBindings.php(50): Illuminate\\Pipeline\\Pipeline->{closure:{closure:Illuminate\\Pipeline\\Pipeline::carry():194}:195}()
#20 /var/www/indonesia-luxe/vendor/laravel/framework/src/Illuminate/Pipeline/Pipeline.php(219): Illuminate\\Routing\\Middleware\\SubstituteBindings->handle()
#21 /var/www/indonesia-luxe/vendor/laravel/framework/src/Illuminate/Foundation/Http/Middleware/VerifyCsrfToken.php(87): Illuminate\\Pipeline\\Pipeline->{closure:{closure:Illuminate\\Pipeline\\Pipeline::carry():194}:195}()
#22 /var/www/indonesia-luxe/vendor/laravel/framework/src/Illuminate/Pipeline/Pipeline.php(219): Illuminate\\Foundation\\Http\\Middleware\\VerifyCsrfToken->handle()
#23 /var/www/indonesia-luxe/vendor/laravel/framework/src/Illuminate/View/Middleware/ShareErrorsFromSession.php(48): Illuminate\\Pipeline\\Pipeline->{closure:{closure:Illuminate\\Pipeline\\Pipeline::carry():194}:195}()
#24 /var/www/indonesia-luxe/vendor/laravel/framework/src/Illuminate/Pipeline/Pipeline.php(219): Illuminate\\View\\Middleware\\ShareErrorsFromSession->handle()
#25 /var/www/indonesia-luxe/vendor/laravel/framework/src/Illuminate/Session/Middleware/StartSession.php(120): Illuminate\\Pipeline\\Pipeline->{closure:{closure:Illuminate\\Pipeline\\Pipeline::carry():194}:195}()
#26 /var/www/indonesia-luxe/vendor/laravel/framework/src/Illuminate/Session/Middleware/StartSession.php(63): Illuminate\\Session\\Middleware\\StartSession->handleStatefulRequest()
#27 /var/www/indonesia-luxe/vendor/laravel/framework/src/Illuminate/Pipeline/Pipeline.php(219): Illuminate\\Session\\Middleware\\StartSession->handle()
#28 /var/www/indonesia-luxe/vendor/laravel/framework/src/Illuminate/Cookie/Middleware/AddQueuedCookiesToResponse.php(36): Illuminate\\Pipeline\\Pipeline->{closure:{closure:Illuminate\\Pipeline\\Pipeline::carry():194}:195}()
#29 /var/www/indonesia-luxe/vendor/laravel/framework/src/Illuminate/Pipeline/Pipeline.php(219): Illuminate\\Cookie\\Middleware\\AddQueuedCookiesToResponse->handle()
#30 /var/www/indonesia-luxe/vendor/laravel/framework/src/Illuminate/Cookie/Middleware/EncryptCookies.php(74): Illuminate\\Pipeline\\Pipeline->{closure:{closure:Illuminate\\Pipeline\\Pipeline::carry():194}:195}()
#31 /var/www/indonesia-luxe/vendor/laravel/framework/src/Illuminate/Pipeline/Pipeline.php(219): Illuminate\\Cookie\\Middleware\\EncryptCookies->handle()
#32 /var/www/indonesia-luxe/vendor/laravel/framework/src/Illuminate/Pipeline/Pipeline.php(137): Illuminate\\Pipeline\\Pipeline->{closure:{closure:Illuminate\\Pipeline\\Pipeline::carry():194}:195}()
#33 /var/www/indonesia-luxe/vendor/laravel/framework/src/Illuminate/Routing/Router.php(821): Illuminate\\Pipeline\\Pipeline->then()
#34 /var/www/indonesia-luxe/vendor/laravel/framework/src/Illuminate/Routing/Router.php(800): Illuminate\\Routing\\Router->runRouteWithinStack()
#35 /var/www/indonesia-luxe/vendor/laravel/framework/src/Illuminate/Routing/Router.php(764): Illuminate\\Routing\\Router->runRoute()
#36 /var/www/indonesia-luxe/vendor/laravel/framework/src/Illuminate/Routing/Router.php(753): Illuminate\\Routing\\Router->dispatchToRoute()
#37 /var/www/indonesia-luxe/vendor/laravel/framework/src/Illuminate/Foundation/Http/Kernel.php(200): Illuminate\\Routing\\Router->dispatch()
#38 /var/www/indonesia-luxe/vendor/laravel/framework/src/Illuminate/Pipeline/Pipeline.php(180): Illuminate\\Foundation\\Http\\Kernel->{closure:Illuminate\\Foundation\\Http\\Kernel::dispatchToRouter():197}()
#39 /var/www/indonesia-luxe/vendor/livewire/livewire/src/Features/SupportDisablingBackButtonCache/DisableBackButtonCacheMiddleware.php(19): Illuminate\\Pipeline\\Pipeline->{closure:Illuminate\\Pipeline\\Pipeline::prepareDestination():178}()
#40 /var/www/indonesia-luxe/vendor/laravel/framework/src/Illuminate/Pipeline/Pipeline.php(219): Livewire\\Features\\SupportDisablingBackButtonCache\\DisableBackButtonCacheMiddleware->handle()
#41 /var/www/indonesia-luxe/vendor/laravel/framework/src/Illuminate/Foundation/Http/Middleware/ConvertEmptyStringsToNull.php(27): Illuminate\\Pipeline\\Pipeline->{closure:{closure:Illuminate\\Pipeline\\Pipeline::carry():194}:195}()
#42 /var/www/indonesia-luxe/vendor/laravel/framework/src/Illuminate/Pipeline/Pipeline.php(219): Illuminate\\Foundation\\Http\\Middleware\\ConvertEmptyStringsToNull->handle()
#43 /var/www/indonesia-luxe/vendor/laravel/framework/src/Illuminate/Foundation/Http/Middleware/TrimStrings.php(47): Illuminate\\Pipeline\\Pipeline->{closure:{closure:Illuminate\\Pipeline\\Pipeline::carry():194}:195}()
#44 /var/www/indonesia-luxe/vendor/laravel/framework/src/Illuminate/Pipeline/Pipeline.php(219): Illuminate\\Foundation\\Http\\Middleware\\TrimStrings->handle()
#45 /var/www/indonesia-luxe/vendor/laravel/framework/src/Illuminate/Http/Middleware/ValidatePostSize.php(27): Illuminate\\Pipeline\\Pipeline->{closure:{closure:Illuminate\\Pipeline\\Pipeline::carry():194}:195}()
#46 /var/www/indonesia-luxe/vendor/laravel/framework/src/Illuminate/Pipeline/Pipeline.php(219): Illuminate\\Http\\Middleware\\ValidatePostSize->handle()
#47 /var/www/indonesia-luxe/vendor/laravel/framework/src/Illuminate/Foundation/Http/Middleware/PreventRequestsDuringMaintenance.php(109): Illuminate\\Pipeline\\Pipeline->{closure:{closure:Illuminate\\Pipeline\\Pipeline::carry():194}:195}()
#48 /var/www/indonesia-luxe/vendor/laravel/framework/src/Illuminate/Pipeline/Pipeline.php(219): Illuminate\\Foundation\\Http\\Middleware\\PreventRequestsDuringMaintenance->handle()
#49 /var/www/indonesia-luxe/vendor/laravel/framework/src/Illuminate/Http/Middleware/HandleCors.php(61): Illuminate\\Pipeline\\Pipeline->{closure:{closure:Illuminate\\Pipeline\\Pipeline::carry():194}:195}()
#50 /var/www/indonesia-luxe/vendor/laravel/framework/src/Illuminate/Pipeline/Pipeline.php(219): Illuminate\\Http\\Middleware\\HandleCors->handle()
#51 /var/www/indonesia-luxe/vendor/laravel/framework/src/Illuminate/Http/Middleware/TrustProxies.php(58): Illuminate\\Pipeline\\Pipeline->{closure:{closure:Illuminate\\Pipeline\\Pipeline::carry():194}:195}()
#52 /var/www/indonesia-luxe/vendor/laravel/framework/src/Illuminate/Pipeline/Pipeline.php(219): Illuminate\\Http\\Middleware\\TrustProxies->handle()
#53 /var/www/indonesia-luxe/vendor/laravel/framework/src/Illuminate/Foundation/Http/Middleware/InvokeDeferredCallbacks.php(22): Illuminate\\Pipeline\\Pipeline->{closure:{closure:Illuminate\\Pipeline\\Pipeline::carry():194}:195}()
#54 /var/www/indonesia-luxe/vendor/laravel/framework/src/Illuminate/Pipeline/Pipeline.php(219): Illuminate\\Foundation\\Http\\Middleware\\InvokeDeferredCallbacks->handle()
#55 /var/www/indonesia-luxe/vendor/laravel/framework/src/Illuminate/Http/Middleware/ValidatePathEncoding.php(26): Illuminate\\Pipeline\\Pipeline->{closure:{closure:Illuminate\\Pipeline\\Pipeline::carry():194}:195}()
#56 /var/www/indonesia-luxe/vendor/laravel/framework/src/Illuminate/Pipeline/Pipeline.php(219): Illuminate\\Http\\Middleware\\ValidatePathEncoding->handle()
#57 /var/www/indonesia-luxe/vendor/laravel/framework/src/Illuminate/Pipeline/Pipeline.php(137): Illuminate\\Pipeline\\Pipeline->{closure:{closure:Illuminate\\Pipeline\\Pipeline::carry():194}:195}()
#58 /var/www/indonesia-luxe/vendor/laravel/framework/src/Illuminate/Foundation/Http/Kernel.php(175): Illuminate\\Pipeline\\Pipeline->then()
#59 /var/www/indonesia-luxe/vendor/laravel/framework/src/Illuminate/Foundation/Http/Kernel.php(144): Illuminate\\Foundation\\Http\\Kernel->sendRequestThroughRouter()
#60 /var/www/indonesia-luxe/vendor/laravel/framework/src/Illuminate/Foundation/Application.php(1220): Illuminate\\Foundation\\Http\\Kernel->handle()
#61 /var/www/indonesia-luxe/public/index.php(20): Illuminate\\Foundation\\Application->handleRequest()
#62 {main}
"} 
[2026-06-11 00:37:41] local.ERROR: Unable to find component: [auth.register] {"exception":"[object] (Livewire\\Exceptions\\ComponentNotFoundException(code: 0): Unable to find component: [auth.register] at /var/www/indonesia-luxe/vendor/livewire/livewire/src/Factory/Factory.php:76)
[stacktrace]
#0 /var/www/indonesia-luxe/vendor/livewire/livewire/src/Factory/Factory.php(88): Livewire\\Factory\\Factory->resolveComponentNameAndClass()
#1 /var/www/indonesia-luxe/vendor/livewire/livewire/src/Features/SupportReleaseTokens/ReleaseToken.php(15): Livewire\\Factory\\Factory->resolveComponentClass()
#2 /var/www/indonesia-luxe/vendor/livewire/livewire/src/Features/SupportReleaseTokens/SupportReleaseTokens.php(20): Livewire\\Features\\SupportReleaseTokens\\ReleaseToken::verify()
#3 /var/www/indonesia-luxe/vendor/livewire/livewire/src/EventBus.php(87): Livewire\\Features\\SupportReleaseTokens\\SupportReleaseTokens::{closure:Livewire\\Features\\SupportReleaseTokens\\SupportReleaseTokens::provide():19}()
#4 /var/www/indonesia-luxe/vendor/livewire/livewire/src/helpers.php(98): Livewire\\EventBus->trigger()
#5 /var/www/indonesia-luxe/vendor/livewire/livewire/src/Mechanisms/HandleComponents/Checksum.php(22): Livewire\\trigger()
#6 /var/www/indonesia-luxe/vendor/livewire/livewire/src/Mechanisms/HandleComponents/HandleComponents.php(244): Livewire\\Mechanisms\\HandleComponents\\Checksum::verify()
#7 /var/www/indonesia-luxe/vendor/livewire/livewire/src/Mechanisms/HandleComponents/HandleComponents.php(210): Livewire\\Mechanisms\\HandleComponents\\HandleComponents->fromSnapshot()
#8 /var/www/indonesia-luxe/vendor/livewire/livewire/src/LivewireManager.php(131): Livewire\\Mechanisms\\HandleComponents\\HandleComponents->update()
#9 /var/www/indonesia-luxe/vendor/livewire/livewire/src/Mechanisms/HandleRequests/HandleRequests.php(156): Livewire\\LivewireManager->update()
#10 /var/www/indonesia-luxe/vendor/laravel/framework/src/Illuminate/Routing/ControllerDispatcher.php(46): Livewire\\Mechanisms\\HandleRequests\\HandleRequests->handleUpdate()
#11 /var/www/indonesia-luxe/vendor/laravel/framework/src/Illuminate/Routing/Route.php(265): Illuminate\\Routing\\ControllerDispatcher->dispatch()
#12 /var/www/indonesia-luxe/vendor/laravel/framework/src/Illuminate/Routing/Route.php(211): Illuminate\\Routing\\Route->runController()
#13 /var/www/indonesia-luxe/vendor/laravel/framework/src/Illuminate/Routing/Router.php(822): Illuminate\\Routing\\Route->run()
#14 /var/www/indonesia-luxe/vendor/laravel/framework/src/Illuminate/Pipeline/Pipeline.php(180): Illuminate\\Routing\\Router->{closure:Illuminate\\Routing\\Router::runRouteWithinStack():821}()
#15 /var/www/indonesia-luxe/vendor/laravel/boost/src/Middleware/InjectBoost.php(22): Illuminate\\Pipeline\\Pipeline->{closure:Illuminate\\Pipeline\\Pipeline::prepareDestination():178}()
#16 /var/www/indonesia-luxe/vendor/laravel/framework/src/Illuminate/Pipeline/Pipeline.php(219): Laravel\\Boost\\Middleware\\InjectBoost->handle()
#17 /var/www/indonesia-luxe/app/Http/Middleware/SetLocale.php(28): Illuminate\\Pipeline\\Pipeline->{closure:{closure:Illuminate\\Pipeline\\Pipeline::carry():194}:195}()
#18 /var/www/indonesia-luxe/vendor/laravel/framework/src/Illuminate/Pipeline/Pipeline.php(219): App\\Http\\Middleware\\SetLocale->handle()
#19 /var/www/indonesia-luxe/vendor/laravel/framework/src/Illuminate/Routing/Middleware/SubstituteBindings.php(50): Illuminate\\Pipeline\\Pipeline->{closure:{closure:Illuminate\\Pipeline\\Pipeline::carry():194}:195}()
#20 /var/www/indonesia-luxe/vendor/laravel/framework/src/Illuminate/Pipeline/Pipeline.php(219): Illuminate\\Routing\\Middleware\\SubstituteBindings->handle()
#21 /var/www/indonesia-luxe/vendor/laravel/framework/src/Illuminate/Foundation/Http/Middleware/VerifyCsrfToken.php(87): Illuminate\\Pipeline\\Pipeline->{closure:{closure:Illuminate\\Pipeline\\Pipeline::carry():194}:195}()
#22 /var/www/indonesia-luxe/vendor/laravel/framework/src/Illuminate/Pipeline/Pipeline.php(219): Illuminate\\Foundation\\Http\\Middleware\\VerifyCsrfToken->handle()
#23 /var/www/indonesia-luxe/vendor/laravel/framework/src/Illuminate/View/Middleware/ShareErrorsFromSession.php(48): Illuminate\\Pipeline\\Pipeline->{closure:{closure:Illuminate\\Pipeline\\Pipeline::carry():194}:195}()
#24 /var/www/indonesia-luxe/vendor/laravel/framework/src/Illuminate/Pipeline/Pipeline.php(219): Illuminate\\View\\Middleware\\ShareErrorsFromSession->handle()
#25 /var/www/indonesia-luxe/vendor/laravel/framework/src/Illuminate/Session/Middleware/StartSession.php(120): Illuminate\\Pipeline\\Pipeline->{closure:{closure:Illuminate\\Pipeline\\Pipeline::carry():194}:195}()
#26 /var/www/indonesia-luxe/vendor/laravel/framework/src/Illuminate/Session/Middleware/StartSession.php(63): Illuminate\\Session\\Middleware\\StartSession->handleStatefulRequest()
#27 /var/www/indonesia-luxe/vendor/laravel/framework/src/Illuminate/Pipeline/Pipeline.php(219): Illuminate\\Session\\Middleware\\StartSession->handle()
#28 /var/www/indonesia-luxe/vendor/laravel/framework/src/Illuminate/Cookie/Middleware/AddQueuedCookiesToResponse.php(36): Illuminate\\Pipeline\\Pipeline->{closure:{closure:Illuminate\\Pipeline\\Pipeline::carry():194}:195}()
#29 /var/www/indonesia-luxe/vendor/laravel/framework/src/Illuminate/Pipeline/Pipeline.php(219): Illuminate\\Cookie\\Middleware\\AddQueuedCookiesToResponse->handle()
#30 /var/www/indonesia-luxe/vendor/laravel/framework/src/Illuminate/Cookie/Middleware/EncryptCookies.php(74): Illuminate\\Pipeline\\Pipeline->{closure:{closure:Illuminate\\Pipeline\\Pipeline::carry():194}:195}()
#31 /var/www/indonesia-luxe/vendor/laravel/framework/src/Illuminate/Pipeline/Pipeline.php(219): Illuminate\\Cookie\\Middleware\\EncryptCookies->handle()
#32 /var/www/indonesia-luxe/vendor/laravel/framework/src/Illuminate/Pipeline/Pipeline.php(137): Illuminate\\Pipeline\\Pipeline->{closure:{closure:Illuminate\\Pipeline\\Pipeline::carry():194}:195}()
#33 /var/www/indonesia-luxe/vendor/laravel/framework/src/Illuminate/Routing/Router.php(821): Illuminate\\Pipeline\\Pipeline->then()
#34 /var/www/indonesia-luxe/vendor/laravel/framework/src/Illuminate/Routing/Router.php(800): Illuminate\\Routing\\Router->runRouteWithinStack()
#35 /var/www/indonesia-luxe/vendor/laravel/framework/src/Illuminate/Routing/Router.php(764): Illuminate\\Routing\\Router->runRoute()
#36 /var/www/indonesia-luxe/vendor/laravel/framework/src/Illuminate/Routing/Router.php(753): Illuminate\\Routing\\Router->dispatchToRoute()
#37 /var/www/indonesia-luxe/vendor/laravel/framework/src/Illuminate/Foundation/Http/Kernel.php(200): Illuminate\\Routing\\Router->dispatch()
#38 /var/www/indonesia-luxe/vendor/laravel/framework/src/Illuminate/Pipeline/Pipeline.php(180): Illuminate\\Foundation\\Http\\Kernel->{closure:Illuminate\\Foundation\\Http\\Kernel::dispatchToRouter():197}()
#39 /var/www/indonesia-luxe/vendor/livewire/livewire/src/Features/SupportDisablingBackButtonCache/DisableBackButtonCacheMiddleware.php(19): Illuminate\\Pipeline\\Pipeline->{closure:Illuminate\\Pipeline\\Pipeline::prepareDestination():178}()
#40 /var/www/indonesia-luxe/vendor/laravel/framework/src/Illuminate/Pipeline/Pipeline.php(219): Livewire\\Features\\SupportDisablingBackButtonCache\\DisableBackButtonCacheMiddleware->handle()
#41 /var/www/indonesia-luxe/vendor/laravel/framework/src/Illuminate/Foundation/Http/Middleware/ConvertEmptyStringsToNull.php(27): Illuminate\\Pipeline\\Pipeline->{closure:{closure:Illuminate\\Pipeline\\Pipeline::carry():194}:195}()
#42 /var/www/indonesia-luxe/vendor/laravel/framework/src/Illuminate/Pipeline/Pipeline.php(219): Illuminate\\Foundation\\Http\\Middleware\\ConvertEmptyStringsToNull->handle()
#43 /var/www/indonesia-luxe/vendor/laravel/framework/src/Illuminate/Foundation/Http/Middleware/TrimStrings.php(47): Illuminate\\Pipeline\\Pipeline->{closure:{closure:Illuminate\\Pipeline\\Pipeline::carry():194}:195}()
#44 /var/www/indonesia-luxe/vendor/laravel/framework/src/Illuminate/Pipeline/Pipeline.php(219): Illuminate\\Foundation\\Http\\Middleware\\TrimStrings->handle()
#45 /var/www/indonesia-luxe/vendor/laravel/framework/src/Illuminate/Http/Middleware/ValidatePostSize.php(27): Illuminate\\Pipeline\\Pipeline->{closure:{closure:Illuminate\\Pipeline\\Pipeline::carry():194}:195}()
#46 /var/www/indonesia-luxe/vendor/laravel/framework/src/Illuminate/Pipeline/Pipeline.php(219): Illuminate\\Http\\Middleware\\ValidatePostSize->handle()
#47 /var/www/indonesia-luxe/vendor/laravel/framework/src/Illuminate/Foundation/Http/Middleware/PreventRequestsDuringMaintenance.php(109): Illuminate\\Pipeline\\Pipeline->{closure:{closure:Illuminate\\Pipeline\\Pipeline::carry():194}:195}()
#48 /var/www/indonesia-luxe/vendor/laravel/framework/src/Illuminate/Pipeline/Pipeline.php(219): Illuminate\\Foundation\\Http\\Middleware\\PreventRequestsDuringMaintenance->handle()
#49 /var/www/indonesia-luxe/vendor/laravel/framework/src/Illuminate/Http/Middleware/HandleCors.php(61): Illuminate\\Pipeline\\Pipeline->{closure:{closure:Illuminate\\Pipeline\\Pipeline::carry():194}:195}()
#50 /var/www/indonesia-luxe/vendor/laravel/framework/src/Illuminate/Pipeline/Pipeline.php(219): Illuminate\\Http\\Middleware\\HandleCors->handle()
#51 /var/www/indonesia-luxe/vendor/laravel/framework/src/Illuminate/Http/Middleware/TrustProxies.php(58): Illuminate\\Pipeline\\Pipeline->{closure:{closure:Illuminate\\Pipeline\\Pipeline::carry():194}:195}()
#52 /var/www/indonesia-luxe/vendor/laravel/framework/src/Illuminate/Pipeline/Pipeline.php(219): Illuminate\\Http\\Middleware\\TrustProxies->handle()
#53 /var/www/indonesia-luxe/vendor/laravel/framework/src/Illuminate/Foundation/Http/Middleware/InvokeDeferredCallbacks.php(22): Illuminate\\Pipeline\\Pipeline->{closure:{closure:Illuminate\\Pipeline\\Pipeline::carry():194}:195}()
#54 /var/www/indonesia-luxe/vendor/laravel/framework/src/Illuminate/Pipeline/Pipeline.php(219): Illuminate\\Foundation\\Http\\Middleware\\InvokeDeferredCallbacks->handle()
#55 /var/www/indonesia-luxe/vendor/laravel/framework/src/Illuminate/Http/Middleware/ValidatePathEncoding.php(26): Illuminate\\Pipeline\\Pipeline->{closure:{closure:Illuminate\\Pipeline\\Pipeline::carry():194}:195}()
#56 /var/www/indonesia-luxe/vendor/laravel/framework/src/Illuminate/Pipeline/Pipeline.php(219): Illuminate\\Http\\Middleware\\ValidatePathEncoding->handle()
#57 /var/www/indonesia-luxe/vendor/laravel/framework/src/Illuminate/Pipeline/Pipeline.php(137): Illuminate\\Pipeline\\Pipeline->{closure:{closure:Illuminate\\Pipeline\\Pipeline::carry():194}:195}()
#58 /var/www/indonesia-luxe/vendor/laravel/framework/src/Illuminate/Foundation/Http/Kernel.php(175): Illuminate\\Pipeline\\Pipeline->then()
#59 /var/www/indonesia-luxe/vendor/laravel/framework/src/Illuminate/Foundation/Http/Kernel.php(144): Illuminate\\Foundation\\Http\\Kernel->sendRequestThroughRouter()
#60 /var/www/indonesia-luxe/vendor/laravel/framework/src/Illuminate/Foundation/Application.php(1220): Illuminate\\Foundation\\Http\\Kernel->handle()
#61 /var/www/indonesia-luxe/public/index.php(20): Illuminate\\Foundation\\Application->handleRequest()
#62 {main}
"} 
[2026-06-11 00:37:42] local.ERROR: Unable to find component: [auth.register] {"exception":"[object] (Livewire\\Exceptions\\ComponentNotFoundException(code: 0): Unable to find component: [auth.register] at /var/www/indonesia-luxe/vendor/livewire/livewire/src/Factory/Factory.php:76)
[stacktrace]
#0 /var/www/indonesia-luxe/vendor/livewire/livewire/src/Factory/Factory.php(88): Livewire\\Factory\\Factory->resolveComponentNameAndClass()
#1 /var/www/indonesia-luxe/vendor/livewire/livewire/src/Features/SupportReleaseTokens/ReleaseToken.php(15): Livewire\\Factory\\Factory->resolveComponentClass()
#2 /var/www/indonesia-luxe/vendor/livewire/livewire/src/Features/SupportReleaseTokens/SupportReleaseTokens.php(20): Livewire\\Features\\SupportReleaseTokens\\ReleaseToken::verify()
#3 /var/www/indonesia-luxe/vendor/livewire/livewire/src/EventBus.php(87): Livewire\\Features\\SupportReleaseTokens\\SupportReleaseTokens::{closure:Livewire\\Features\\SupportReleaseTokens\\SupportReleaseTokens::provide():19}()
#4 /var/www/indonesia-luxe/vendor/livewire/livewire/src/helpers.php(98): Livewire\\EventBus->trigger()
#5 /var/www/indonesia-luxe/vendor/livewire/livewire/src/Mechanisms/HandleComponents/Checksum.php(22): Livewire\\trigger()
#6 /var/www/indonesia-luxe/vendor/livewire/livewire/src/Mechanisms/HandleComponents/HandleComponents.php(244): Livewire\\Mechanisms\\HandleComponents\\Checksum::verify()
#7 /var/www/indonesia-luxe/vendor/livewire/livewire/src/Mechanisms/HandleComponents/HandleComponents.php(210): Livewire\\Mechanisms\\HandleComponents\\HandleComponents->fromSnapshot()
#8 /var/www/indonesia-luxe/vendor/livewire/livewire/src/LivewireManager.php(131): Livewire\\Mechanisms\\HandleComponents\\HandleComponents->update()
#9 /var/www/indonesia-luxe/vendor/livewire/livewire/src/Mechanisms/HandleRequests/HandleRequests.php(156): Livewire\\LivewireManager->update()
#10 /var/www/indonesia-luxe/vendor/laravel/framework/src/Illuminate/Routing/ControllerDispatcher.php(46): Livewire\\Mechanisms\\HandleRequests\\HandleRequests->handleUpdate()
#11 /var/www/indonesia-luxe/vendor/laravel/framework/src/Illuminate/Routing/Route.php(265): Illuminate\\Routing\\ControllerDispatcher->dispatch()
#12 /var/www/indonesia-luxe/vendor/laravel/framework/src/Illuminate/Routing/Route.php(211): Illuminate\\Routing\\Route->runController()
#13 /var/www/indonesia-luxe/vendor/laravel/framework/src/Illuminate/Routing/Router.php(822): Illuminate\\Routing\\Route->run()
#14 /var/www/indonesia-luxe/vendor/laravel/framework/src/Illuminate/Pipeline/Pipeline.php(180): Illuminate\\Routing\\Router->{closure:Illuminate\\Routing\\Router::runRouteWithinStack():821}()
#15 /var/www/indonesia-luxe/vendor/laravel/boost/src/Middleware/InjectBoost.php(22): Illuminate\\Pipeline\\Pipeline->{closure:Illuminate\\Pipeline\\Pipeline::prepareDestination():178}()
#16 /var/www/indonesia-luxe/vendor/laravel/framework/src/Illuminate/Pipeline/Pipeline.php(219): Laravel\\Boost\\Middleware\\InjectBoost->handle()
#17 /var/www/indonesia-luxe/app/Http/Middleware/SetLocale.php(28): Illuminate\\Pipeline\\Pipeline->{closure:{closure:Illuminate\\Pipeline\\Pipeline::carry():194}:195}()
#18 /var/www/indonesia-luxe/vendor/laravel/framework/src/Illuminate/Pipeline/Pipeline.php(219): App\\Http\\Middleware\\SetLocale->handle()
#19 /var/www/indonesia-luxe/vendor/laravel/framework/src/Illuminate/Routing/Middleware/SubstituteBindings.php(50): Illuminate\\Pipeline\\Pipeline->{closure:{closure:Illuminate\\Pipeline\\Pipeline::carry():194}:195}()
#20 /var/www/indonesia-luxe/vendor/laravel/framework/src/Illuminate/Pipeline/Pipeline.php(219): Illuminate\\Routing\\Middleware\\SubstituteBindings->handle()
#21 /var/www/indonesia-luxe/vendor/laravel/framework/src/Illuminate/Foundation/Http/Middleware/VerifyCsrfToken.php(87): Illuminate\\Pipeline\\Pipeline->{closure:{closure:Illuminate\\Pipeline\\Pipeline::carry():194}:195}()
#22 /var/www/indonesia-luxe/vendor/laravel/framework/src/Illuminate/Pipeline/Pipeline.php(219): Illuminate\\Foundation\\Http\\Middleware\\VerifyCsrfToken->handle()
#23 /var/www/indonesia-luxe/vendor/laravel/framework/src/Illuminate/View/Middleware/ShareErrorsFromSession.php(48): Illuminate\\Pipeline\\Pipeline->{closure:{closure:Illuminate\\Pipeline\\Pipeline::carry():194}:195}()
#24 /var/www/indonesia-luxe/vendor/laravel/framework/src/Illuminate/Pipeline/Pipeline.php(219): Illuminate\\View\\Middleware\\ShareErrorsFromSession->handle()
#25 /var/www/indonesia-luxe/vendor/laravel/framework/src/Illuminate/Session/Middleware/StartSession.php(120): Illuminate\\Pipeline\\Pipeline->{closure:{closure:Illuminate\\Pipeline\\Pipeline::carry():194}:195}()
#26 /var/www/indonesia-luxe/vendor/laravel/framework/src/Illuminate/Session/Middleware/StartSession.php(63): Illuminate\\Session\\Middleware\\StartSession->handleStatefulRequest()
#27 /var/www/indonesia-luxe/vendor/laravel/framework/src/Illuminate/Pipeline/Pipeline.php(219): Illuminate\\Session\\Middleware\\StartSession->handle()
#28 /var/www/indonesia-luxe/vendor/laravel/framework/src/Illuminate/Cookie/Middleware/AddQueuedCookiesToResponse.php(36): Illuminate\\Pipeline\\Pipeline->{closure:{closure:Illuminate\\Pipeline\\Pipeline::carry():194}:195}()
#29 /var/www/indonesia-luxe/vendor/laravel/framework/src/Illuminate/Pipeline/Pipeline.php(219): Illuminate\\Cookie\\Middleware\\AddQueuedCookiesToResponse->handle()
#30 /var/www/indonesia-luxe/vendor/laravel/framework/src/Illuminate/Cookie/Middleware/EncryptCookies.php(74): Illuminate\\Pipeline\\Pipeline->{closure:{closure:Illuminate\\Pipeline\\Pipeline::carry():194}:195}()
#31 /var/www/indonesia-luxe/vendor/laravel/framework/src/Illuminate/Pipeline/Pipeline.php(219): Illuminate\\Cookie\\Middleware\\EncryptCookies->handle()
#32 /var/www/indonesia-luxe/vendor/laravel/framework/src/Illuminate/Pipeline/Pipeline.php(137): Illuminate\\Pipeline\\Pipeline->{closure:{closure:Illuminate\\Pipeline\\Pipeline::carry():194}:195}()
#33 /var/www/indonesia-luxe/vendor/laravel/framework/src/Illuminate/Routing/Router.php(821): Illuminate\\Pipeline\\Pipeline->then()
#34 /var/www/indonesia-luxe/vendor/laravel/framework/src/Illuminate/Routing/Router.php(800): Illuminate\\Routing\\Router->runRouteWithinStack()
#35 /var/www/indonesia-luxe/vendor/laravel/framework/src/Illuminate/Routing/Router.php(764): Illuminate\\Routing\\Router->runRoute()
#36 /var/www/indonesia-luxe/vendor/laravel/framework/src/Illuminate/Routing/Router.php(753): Illuminate\\Routing\\Router->dispatchToRoute()
#37 /var/www/indonesia-luxe/vendor/laravel/framework/src/Illuminate/Foundation/Http/Kernel.php(200): Illuminate\\Routing\\Router->dispatch()
#38 /var/www/indonesia-luxe/vendor/laravel/framework/src/Illuminate/Pipeline/Pipeline.php(180): Illuminate\\Foundation\\Http\\Kernel->{closure:Illuminate\\Foundation\\Http\\Kernel::dispatchToRouter():197}()
#39 /var/www/indonesia-luxe/vendor/livewire/livewire/src/Features/SupportDisablingBackButtonCache/DisableBackButtonCacheMiddleware.php(19): Illuminate\\Pipeline\\Pipeline->{closure:Illuminate\\Pipeline\\Pipeline::prepareDestination():178}()
#40 /var/www/indonesia-luxe/vendor/laravel/framework/src/Illuminate/Pipeline/Pipeline.php(219): Livewire\\Features\\SupportDisablingBackButtonCache\\DisableBackButtonCacheMiddleware->handle()
#41 /var/www/indonesia-luxe/vendor/laravel/framework/src/Illuminate/Foundation/Http/Middleware/ConvertEmptyStringsToNull.php(27): Illuminate\\Pipeline\\Pipeline->{closure:{closure:Illuminate\\Pipeline\\Pipeline::carry():194}:195}()
#42 /var/www/indonesia-luxe/vendor/laravel/framework/src/Illuminate/Pipeline/Pipeline.php(219): Illuminate\\Foundation\\Http\\Middleware\\ConvertEmptyStringsToNull->handle()
#43 /var/www/indonesia-luxe/vendor/laravel/framework/src/Illuminate/Foundation/Http/Middleware/TrimStrings.php(47): Illuminate\\Pipeline\\Pipeline->{closure:{closure:Illuminate\\Pipeline\\Pipeline::carry():194}:195}()
#44 /var/www/indonesia-luxe/vendor/laravel/framework/src/Illuminate/Pipeline/Pipeline.php(219): Illuminate\\Foundation\\Http\\Middleware\\TrimStrings->handle()
#45 /var/www/indonesia-luxe/vendor/laravel/framework/src/Illuminate/Http/Middleware/ValidatePostSize.php(27): Illuminate\\Pipeline\\Pipeline->{closure:{closure:Illuminate\\Pipeline\\Pipeline::carry():194}:195}()
#46 /var/www/indonesia-luxe/vendor/laravel/framework/src/Illuminate/Pipeline/Pipeline.php(219): Illuminate\\Http\\Middleware\\ValidatePostSize->handle()
#47 /var/www/indonesia-luxe/vendor/laravel/framework/src/Illuminate/Foundation/Http/Middleware/PreventRequestsDuringMaintenance.php(109): Illuminate\\Pipeline\\Pipeline->{closure:{closure:Illuminate\\Pipeline\\Pipeline::carry():194}:195}()
#48 /var/www/indonesia-luxe/vendor/laravel/framework/src/Illuminate/Pipeline/Pipeline.php(219): Illuminate\\Foundation\\Http\\Middleware\\PreventRequestsDuringMaintenance->handle()
#49 /var/www/indonesia-luxe/vendor/laravel/framework/src/Illuminate/Http/Middleware/HandleCors.php(61): Illuminate\\Pipeline\\Pipeline->{closure:{closure:Illuminate\\Pipeline\\Pipeline::carry():194}:195}()
#50 /var/www/indonesia-luxe/vendor/laravel/framework/src/Illuminate/Pipeline/Pipeline.php(219): Illuminate\\Http\\Middleware\\HandleCors->handle()
#51 /var/www/indonesia-luxe/vendor/laravel/framework/src/Illuminate/Http/Middleware/TrustProxies.php(58): Illuminate\\Pipeline\\Pipeline->{closure:{closure:Illuminate\\Pipeline\\Pipeline::carry():194}:195}()
#52 /var/www/indonesia-luxe/vendor/laravel/framework/src/Illuminate/Pipeline/Pipeline.php(219): Illuminate\\Http\\Middleware\\TrustProxies->handle()
#53 /var/www/indonesia-luxe/vendor/laravel/framework/src/Illuminate/Foundation/Http/Middleware/InvokeDeferredCallbacks.php(22): Illuminate\\Pipeline\\Pipeline->{closure:{closure:Illuminate\\Pipeline\\Pipeline::carry():194}:195}()
#54 /var/www/indonesia-luxe/vendor/laravel/framework/src/Illuminate/Pipeline/Pipeline.php(219): Illuminate\\Foundation\\Http\\Middleware\\InvokeDeferredCallbacks->handle()
#55 /var/www/indonesia-luxe/vendor/laravel/framework/src/Illuminate/Http/Middleware/ValidatePathEncoding.php(26): Illuminate\\Pipeline\\Pipeline->{closure:{closure:Illuminate\\Pipeline\\Pipeline::carry():194}:195}()
#56 /var/www/indonesia-luxe/vendor/laravel/framework/src/Illuminate/Pipeline/Pipeline.php(219): Illuminate\\Http\\Middleware\\ValidatePathEncoding->handle()
#57 /var/www/indonesia-luxe/vendor/laravel/framework/src/Illuminate/Pipeline/Pipeline.php(137): Illuminate\\Pipeline\\Pipeline->{closure:{closure:Illuminate\\Pipeline\\Pipeline::carry():194}:195}()
#58 /var/www/indonesia-luxe/vendor/laravel/framework/src/Illuminate/Foundation/Http/Kernel.php(175): Illuminate\\Pipeline\\Pipeline->then()
#59 /var/www/indonesia-luxe/vendor/laravel/framework/src/Illuminate/Foundation/Http/Kernel.php(144): Illuminate\\Foundation\\Http\\Kernel->sendRequestThroughRouter()
#60 /var/www/indonesia-luxe/vendor/laravel/framework/src/Illuminate/Foundation/Application.php(1220): Illuminate\\Foundation\\Http\\Kernel->handle()
#61 /var/www/indonesia-luxe/public/index.php(20): Illuminate\\Foundation\\Application->handleRequest()
#62 {main}
"} 
[2026-06-11 00:37:42] local.ERROR: Unable to find component: [profile.update-profile-information-form] {"exception":"[object] (Livewire\\Exceptions\\ComponentNotFoundException(code: 0): Unable to find component: [profile.update-profile-information-form] at /var/www/indonesia-luxe/vendor/livewire/livewire/src/Factory/Factory.php:76)
[stacktrace]
#0 /var/www/indonesia-luxe/vendor/livewire/livewire/src/Factory/Factory.php(88): Livewire\\Factory\\Factory->resolveComponentNameAndClass()
#1 /var/www/indonesia-luxe/vendor/livewire/livewire/src/Features/SupportReleaseTokens/ReleaseToken.php(15): Livewire\\Factory\\Factory->resolveComponentClass()
#2 /var/www/indonesia-luxe/vendor/livewire/livewire/src/Features/SupportReleaseTokens/SupportReleaseTokens.php(20): Livewire\\Features\\SupportReleaseTokens\\ReleaseToken::verify()
#3 /var/www/indonesia-luxe/vendor/livewire/livewire/src/EventBus.php(87): Livewire\\Features\\SupportReleaseTokens\\SupportReleaseTokens::{closure:Livewire\\Features\\SupportReleaseTokens\\SupportReleaseTokens::provide():19}()
#4 /var/www/indonesia-luxe/vendor/livewire/livewire/src/helpers.php(98): Livewire\\EventBus->trigger()
#5 /var/www/indonesia-luxe/vendor/livewire/livewire/src/Mechanisms/HandleComponents/Checksum.php(22): Livewire\\trigger()
#6 /var/www/indonesia-luxe/vendor/livewire/livewire/src/Mechanisms/HandleComponents/HandleComponents.php(244): Livewire\\Mechanisms\\HandleComponents\\Checksum::verify()
#7 /var/www/indonesia-luxe/vendor/livewire/livewire/src/Mechanisms/HandleComponents/HandleComponents.php(210): Livewire\\Mechanisms\\HandleComponents\\HandleComponents->fromSnapshot()
#8 /var/www/indonesia-luxe/vendor/livewire/livewire/src/LivewireManager.php(131): Livewire\\Mechanisms\\HandleComponents\\HandleComponents->update()
#9 /var/www/indonesia-luxe/vendor/livewire/livewire/src/Mechanisms/HandleRequests/HandleRequests.php(156): Livewire\\LivewireManager->update()
#10 /var/www/indonesia-luxe/vendor/laravel/framework/src/Illuminate/Routing/ControllerDispatcher.php(46): Livewire\\Mechanisms\\HandleRequests\\HandleRequests->handleUpdate()
#11 /var/www/indonesia-luxe/vendor/laravel/framework/src/Illuminate/Routing/Route.php(265): Illuminate\\Routing\\ControllerDispatcher->dispatch()
#12 /var/www/indonesia-luxe/vendor/laravel/framework/src/Illuminate/Routing/Route.php(211): Illuminate\\Routing\\Route->runController()
#13 /var/www/indonesia-luxe/vendor/laravel/framework/src/Illuminate/Routing/Router.php(822): Illuminate\\Routing\\Route->run()
#14 /var/www/indonesia-luxe/vendor/laravel/framework/src/Illuminate/Pipeline/Pipeline.php(180): Illuminate\\Routing\\Router->{closure:Illuminate\\Routing\\Router::runRouteWithinStack():821}()
#15 /var/www/indonesia-luxe/vendor/laravel/boost/src/Middleware/InjectBoost.php(22): Illuminate\\Pipeline\\Pipeline->{closure:Illuminate\\Pipeline\\Pipeline::prepareDestination():178}()
#16 /var/www/indonesia-luxe/vendor/laravel/framework/src/Illuminate/Pipeline/Pipeline.php(219): Laravel\\Boost\\Middleware\\InjectBoost->handle()
#17 /var/www/indonesia-luxe/app/Http/Middleware/SetLocale.php(28): Illuminate\\Pipeline\\Pipeline->{closure:{closure:Illuminate\\Pipeline\\Pipeline::carry():194}:195}()
#18 /var/www/indonesia-luxe/vendor/laravel/framework/src/Illuminate/Pipeline/Pipeline.php(219): App\\Http\\Middleware\\SetLocale->handle()
#19 /var/www/indonesia-luxe/vendor/laravel/framework/src/Illuminate/Routing/Middleware/SubstituteBindings.php(50): Illuminate\\Pipeline\\Pipeline->{closure:{closure:Illuminate\\Pipeline\\Pipeline::carry():194}:195}()
#20 /var/www/indonesia-luxe/vendor/laravel/framework/src/Illuminate/Pipeline/Pipeline.php(219): Illuminate\\Routing\\Middleware\\SubstituteBindings->handle()
#21 /var/www/indonesia-luxe/vendor/laravel/framework/src/Illuminate/Foundation/Http/Middleware/VerifyCsrfToken.php(87): Illuminate\\Pipeline\\Pipeline->{closure:{closure:Illuminate\\Pipeline\\Pipeline::carry():194}:195}()
#22 /var/www/indonesia-luxe/vendor/laravel/framework/src/Illuminate/Pipeline/Pipeline.php(219): Illuminate\\Foundation\\Http\\Middleware\\VerifyCsrfToken->handle()
#23 /var/www/indonesia-luxe/vendor/laravel/framework/src/Illuminate/View/Middleware/ShareErrorsFromSession.php(48): Illuminate\\Pipeline\\Pipeline->{closure:{closure:Illuminate\\Pipeline\\Pipeline::carry():194}:195}()
#24 /var/www/indonesia-luxe/vendor/laravel/framework/src/Illuminate/Pipeline/Pipeline.php(219): Illuminate\\View\\Middleware\\ShareErrorsFromSession->handle()
#25 /var/www/indonesia-luxe/vendor/laravel/framework/src/Illuminate/Session/Middleware/StartSession.php(120): Illuminate\\Pipeline\\Pipeline->{closure:{closure:Illuminate\\Pipeline\\Pipeline::carry():194}:195}()
#26 /var/www/indonesia-luxe/vendor/laravel/framework/src/Illuminate/Session/Middleware/StartSession.php(63): Illuminate\\Session\\Middleware\\StartSession->handleStatefulRequest()
#27 /var/www/indonesia-luxe/vendor/laravel/framework/src/Illuminate/Pipeline/Pipeline.php(219): Illuminate\\Session\\Middleware\\StartSession->handle()
#28 /var/www/indonesia-luxe/vendor/laravel/framework/src/Illuminate/Cookie/Middleware/AddQueuedCookiesToResponse.php(36): Illuminate\\Pipeline\\Pipeline->{closure:{closure:Illuminate\\Pipeline\\Pipeline::carry():194}:195}()
#29 /var/www/indonesia-luxe/vendor/laravel/framework/src/Illuminate/Pipeline/Pipeline.php(219): Illuminate\\Cookie\\Middleware\\AddQueuedCookiesToResponse->handle()
#30 /var/www/indonesia-luxe/vendor/laravel/framework/src/Illuminate/Cookie/Middleware/EncryptCookies.php(74): Illuminate\\Pipeline\\Pipeline->{closure:{closure:Illuminate\\Pipeline\\Pipeline::carry():194}:195}()
#31 /var/www/indonesia-luxe/vendor/laravel/framework/src/Illuminate/Pipeline/Pipeline.php(219): Illuminate\\Cookie\\Middleware\\EncryptCookies->handle()
#32 /var/www/indonesia-luxe/vendor/laravel/framework/src/Illuminate/Pipeline/Pipeline.php(137): Illuminate\\Pipeline\\Pipeline->{closure:{closure:Illuminate\\Pipeline\\Pipeline::carry():194}:195}()
#33 /var/www/indonesia-luxe/vendor/laravel/framework/src/Illuminate/Routing/Router.php(821): Illuminate\\Pipeline\\Pipeline->then()
#34 /var/www/indonesia-luxe/vendor/laravel/framework/src/Illuminate/Routing/Router.php(800): Illuminate\\Routing\\Router->runRouteWithinStack()
#35 /var/www/indonesia-luxe/vendor/laravel/framework/src/Illuminate/Routing/Router.php(764): Illuminate\\Routing\\Router->runRoute()
#36 /var/www/indonesia-luxe/vendor/laravel/framework/src/Illuminate/Routing/Router.php(753): Illuminate\\Routing\\Router->dispatchToRoute()
#37 /var/www/indonesia-luxe/vendor/laravel/framework/src/Illuminate/Foundation/Http/Kernel.php(200): Illuminate\\Routing\\Router->dispatch()
#38 /var/www/indonesia-luxe/vendor/laravel/framework/src/Illuminate/Pipeline/Pipeline.php(180): Illuminate\\Foundation\\Http\\Kernel->{closure:Illuminate\\Foundation\\Http\\Kernel::dispatchToRouter():197}()
#39 /var/www/indonesia-luxe/vendor/livewire/livewire/src/Features/SupportDisablingBackButtonCache/DisableBackButtonCacheMiddleware.php(19): Illuminate\\Pipeline\\Pipeline->{closure:Illuminate\\Pipeline\\Pipeline::prepareDestination():178}()
#40 /var/www/indonesia-luxe/vendor/laravel/framework/src/Illuminate/Pipeline/Pipeline.php(219): Livewire\\Features\\SupportDisablingBackButtonCache\\DisableBackButtonCacheMiddleware->handle()
#41 /var/www/indonesia-luxe/vendor/laravel/framework/src/Illuminate/Foundation/Http/Middleware/ConvertEmptyStringsToNull.php(27): Illuminate\\Pipeline\\Pipeline->{closure:{closure:Illuminate\\Pipeline\\Pipeline::carry():194}:195}()
#42 /var/www/indonesia-luxe/vendor/laravel/framework/src/Illuminate/Pipeline/Pipeline.php(219): Illuminate\\Foundation\\Http\\Middleware\\ConvertEmptyStringsToNull->handle()
#43 /var/www/indonesia-luxe/vendor/laravel/framework/src/Illuminate/Foundation/Http/Middleware/TrimStrings.php(47): Illuminate\\Pipeline\\Pipeline->{closure:{closure:Illuminate\\Pipeline\\Pipeline::carry():194}:195}()
#44 /var/www/indonesia-luxe/vendor/laravel/framework/src/Illuminate/Pipeline/Pipeline.php(219): Illuminate\\Foundation\\Http\\Middleware\\TrimStrings->handle()
#45 /var/www/indonesia-luxe/vendor/laravel/framework/src/Illuminate/Http/Middleware/ValidatePostSize.php(27): Illuminate\\Pipeline\\Pipeline->{closure:{closure:Illuminate\\Pipeline\\Pipeline::carry():194}:195}()
#46 /var/www/indonesia-luxe/vendor/laravel/framework/src/Illuminate/Pipeline/Pipeline.php(219): Illuminate\\Http\\Middleware\\ValidatePostSize->handle()
#47 /var/www/indonesia-luxe/vendor/laravel/framework/src/Illuminate/Foundation/Http/Middleware/PreventRequestsDuringMaintenance.php(109): Illuminate\\Pipeline\\Pipeline->{closure:{closure:Illuminate\\Pipeline\\Pipeline::carry():194}:195}()
#48 /var/www/indonesia-luxe/vendor/laravel/framework/src/Illuminate/Pipeline/Pipeline.php(219): Illuminate\\Foundation\\Http\\Middleware\\PreventRequestsDuringMaintenance->handle()
#49 /var/www/indonesia-luxe/vendor/laravel/framework/src/Illuminate/Http/Middleware/HandleCors.php(61): Illuminate\\Pipeline\\Pipeline->{closure:{closure:Illuminate\\Pipeline\\Pipeline::carry():194}:195}()
#50 /var/www/indonesia-luxe/vendor/laravel/framework/src/Illuminate/Pipeline/Pipeline.php(219): Illuminate\\Http\\Middleware\\HandleCors->handle()
#51 /var/www/indonesia-luxe/vendor/laravel/framework/src/Illuminate/Http/Middleware/TrustProxies.php(58): Illuminate\\Pipeline\\Pipeline->{closure:{closure:Illuminate\\Pipeline\\Pipeline::carry():194}:195}()
#52 /var/www/indonesia-luxe/vendor/laravel/framework/src/Illuminate/Pipeline/Pipeline.php(219): Illuminate\\Http\\Middleware\\TrustProxies->handle()
#53 /var/www/indonesia-luxe/vendor/laravel/framework/src/Illuminate/Foundation/Http/Middleware/InvokeDeferredCallbacks.php(22): Illuminate\\Pipeline\\Pipeline->{closure:{closure:Illuminate\\Pipeline\\Pipeline::carry():194}:195}()
#54 /var/www/indonesia-luxe/vendor/laravel/framework/src/Illuminate/Pipeline/Pipeline.php(219): Illuminate\\Foundation\\Http\\Middleware\\InvokeDeferredCallbacks->handle()
#55 /var/www/indonesia-luxe/vendor/laravel/framework/src/Illuminate/Http/Middleware/ValidatePathEncoding.php(26): Illuminate\\Pipeline\\Pipeline->{closure:{closure:Illuminate\\Pipeline\\Pipeline::carry():194}:195}()
#56 /var/www/indonesia-luxe/vendor/laravel/framework/src/Illuminate/Pipeline/Pipeline.php(219): Illuminate\\Http\\Middleware\\ValidatePathEncoding->handle()
#57 /var/www/indonesia-luxe/vendor/laravel/framework/src/Illuminate/Pipeline/Pipeline.php(137): Illuminate\\Pipeline\\Pipeline->{closure:{closure:Illuminate\\Pipeline\\Pipeline::carry():194}:195}()
#58 /var/www/indonesia-luxe/vendor/laravel/framework/src/Illuminate/Foundation/Http/Kernel.php(175): Illuminate\\Pipeline\\Pipeline->then()
#59 /var/www/indonesia-luxe/vendor/laravel/framework/src/Illuminate/Foundation/Http/Kernel.php(144): Illuminate\\Foundation\\Http\\Kernel->sendRequestThroughRouter()
#60 /var/www/indonesia-luxe/vendor/laravel/framework/src/Illuminate/Foundation/Application.php(1220): Illuminate\\Foundation\\Http\\Kernel->handle()
#61 /var/www/indonesia-luxe/public/index.php(20): Illuminate\\Foundation\\Application->handleRequest()
#62 {main}
"} 
[2026-06-11 00:37:42] local.ERROR: Unable to find component: [profile.update-profile-information-form] {"exception":"[object] (Livewire\\Exceptions\\ComponentNotFoundException(code: 0): Unable to find component: [profile.update-profile-information-form] at /var/www/indonesia-luxe/vendor/livewire/livewire/src/Factory/Factory.php:76)
[stacktrace]
#0 /var/www/indonesia-luxe/vendor/livewire/livewire/src/Factory/Factory.php(88): Livewire\\Factory\\Factory->resolveComponentNameAndClass()
#1 /var/www/indonesia-luxe/vendor/livewire/livewire/src/Features/SupportReleaseTokens/ReleaseToken.php(15): Livewire\\Factory\\Factory->resolveComponentClass()
#2 /var/www/indonesia-luxe/vendor/livewire/livewire/src/Features/SupportReleaseTokens/SupportReleaseTokens.php(20): Livewire\\Features\\SupportReleaseTokens\\ReleaseToken::verify()
#3 /var/www/indonesia-luxe/vendor/livewire/livewire/src/EventBus.php(87): Livewire\\Features\\SupportReleaseTokens\\SupportReleaseTokens::{closure:Livewire\\Features\\SupportReleaseTokens\\SupportReleaseTokens::provide():19}()
#4 /var/www/indonesia-luxe/vendor/livewire/livewire/src/helpers.php(98): Livewire\\EventBus->trigger()
#5 /var/www/indonesia-luxe/vendor/livewire/livewire/src/Mechanisms/HandleComponents/Checksum.php(22): Livewire\\trigger()
#6 /var/www/indonesia-luxe/vendor/livewire/livewire/src/Mechanisms/HandleComponents/HandleComponents.php(244): Livewire\\Mechanisms\\HandleComponents\\Checksum::verify()
#7 /var/www/indonesia-luxe/vendor/livewire/livewire/src/Mechanisms/HandleComponents/HandleComponents.php(210): Livewire\\Mechanisms\\HandleComponents\\HandleComponents->fromSnapshot()
#8 /var/www/indonesia-luxe/vendor/livewire/livewire/src/LivewireManager.php(131): Livewire\\Mechanisms\\HandleComponents\\HandleComponents->update()
#9 /var/www/indonesia-luxe/vendor/livewire/livewire/src/Mechanisms/HandleRequests/HandleRequests.php(156): Livewire\\LivewireManager->update()
#10 /var/www/indonesia-luxe/vendor/laravel/framework/src/Illuminate/Routing/ControllerDispatcher.php(46): Livewire\\Mechanisms\\HandleRequests\\HandleRequests->handleUpdate()
#11 /var/www/indonesia-luxe/vendor/laravel/framework/src/Illuminate/Routing/Route.php(265): Illuminate\\Routing\\ControllerDispatcher->dispatch()
#12 /var/www/indonesia-luxe/vendor/laravel/framework/src/Illuminate/Routing/Route.php(211): Illuminate\\Routing\\Route->runController()
#13 /var/www/indonesia-luxe/vendor/laravel/framework/src/Illuminate/Routing/Router.php(822): Illuminate\\Routing\\Route->run()
#14 /var/www/indonesia-luxe/vendor/laravel/framework/src/Illuminate/Pipeline/Pipeline.php(180): Illuminate\\Routing\\Router->{closure:Illuminate\\Routing\\Router::runRouteWithinStack():821}()
#15 /var/www/indonesia-luxe/vendor/laravel/boost/src/Middleware/InjectBoost.php(22): Illuminate\\Pipeline\\Pipeline->{closure:Illuminate\\Pipeline\\Pipeline::prepareDestination():178}()
#16 /var/www/indonesia-luxe/vendor/laravel/framework/src/Illuminate/Pipeline/Pipeline.php(219): Laravel\\Boost\\Middleware\\InjectBoost->handle()
#17 /var/www/indonesia-luxe/app/Http/Middleware/SetLocale.php(28): Illuminate\\Pipeline\\Pipeline->{closure:{closure:Illuminate\\Pipeline\\Pipeline::carry():194}:195}()
#18 /var/www/indonesia-luxe/vendor/laravel/framework/src/Illuminate/Pipeline/Pipeline.php(219): App\\Http\\Middleware\\SetLocale->handle()
#19 /var/www/indonesia-luxe/vendor/laravel/framework/src/Illuminate/Routing/Middleware/SubstituteBindings.php(50): Illuminate\\Pipeline\\Pipeline->{closure:{closure:Illuminate\\Pipeline\\Pipeline::carry():194}:195}()
#20 /var/www/indonesia-luxe/vendor/laravel/framework/src/Illuminate/Pipeline/Pipeline.php(219): Illuminate\\Routing\\Middleware\\SubstituteBindings->handle()
#21 /var/www/indonesia-luxe/vendor/laravel/framework/src/Illuminate/Foundation/Http/Middleware/VerifyCsrfToken.php(87): Illuminate\\Pipeline\\Pipeline->{closure:{closure:Illuminate\\Pipeline\\Pipeline::carry():194}:195}()
#22 /var/www/indonesia-luxe/vendor/laravel/framework/src/Illuminate/Pipeline/Pipeline.php(219): Illuminate\\Foundation\\Http\\Middleware\\VerifyCsrfToken->handle()
#23 /var/www/indonesia-luxe/vendor/laravel/framework/src/Illuminate/View/Middleware/ShareErrorsFromSession.php(48): Illuminate\\Pipeline\\Pipeline->{closure:{closure:Illuminate\\Pipeline\\Pipeline::carry():194}:195}()
#24 /var/www/indonesia-luxe/vendor/laravel/framework/src/Illuminate/Pipeline/Pipeline.php(219): Illuminate\\View\\Middleware\\ShareErrorsFromSession->handle()
#25 /var/www/indonesia-luxe/vendor/laravel/framework/src/Illuminate/Session/Middleware/StartSession.php(120): Illuminate\\Pipeline\\Pipeline->{closure:{closure:Illuminate\\Pipeline\\Pipeline::carry():194}:195}()
#26 /var/www/indonesia-luxe/vendor/laravel/framework/src/Illuminate/Session/Middleware/StartSession.php(63): Illuminate\\Session\\Middleware\\StartSession->handleStatefulRequest()
#27 /var/www/indonesia-luxe/vendor/laravel/framework/src/Illuminate/Pipeline/Pipeline.php(219): Illuminate\\Session\\Middleware\\StartSession->handle()
#28 /var/www/indonesia-luxe/vendor/laravel/framework/src/Illuminate/Cookie/Middleware/AddQueuedCookiesToResponse.php(36): Illuminate\\Pipeline\\Pipeline->{closure:{closure:Illuminate\\Pipeline\\Pipeline::carry():194}:195}()
#29 /var/www/indonesia-luxe/vendor/laravel/framework/src/Illuminate/Pipeline/Pipeline.php(219): Illuminate\\Cookie\\Middleware\\AddQueuedCookiesToResponse->handle()
#30 /var/www/indonesia-luxe/vendor/laravel/framework/src/Illuminate/Cookie/Middleware/EncryptCookies.php(74): Illuminate\\Pipeline\\Pipeline->{closure:{closure:Illuminate\\Pipeline\\Pipeline::carry():194}:195}()
#31 /var/www/indonesia-luxe/vendor/laravel/framework/src/Illuminate/Pipeline/Pipeline.php(219): Illuminate\\Cookie\\Middleware\\EncryptCookies->handle()
#32 /var/www/indonesia-luxe/vendor/laravel/framework/src/Illuminate/Pipeline/Pipeline.php(137): Illuminate\\Pipeline\\Pipeline->{closure:{closure:Illuminate\\Pipeline\\Pipeline::carry():194}:195}()
#33 /var/www/indonesia-luxe/vendor/laravel/framework/src/Illuminate/Routing/Router.php(821): Illuminate\\Pipeline\\Pipeline->then()
#34 /var/www/indonesia-luxe/vendor/laravel/framework/src/Illuminate/Routing/Router.php(800): Illuminate\\Routing\\Router->runRouteWithinStack()
#35 /var/www/indonesia-luxe/vendor/laravel/framework/src/Illuminate/Routing/Router.php(764): Illuminate\\Routing\\Router->runRoute()
#36 /var/www/indonesia-luxe/vendor/laravel/framework/src/Illuminate/Routing/Router.php(753): Illuminate\\Routing\\Router->dispatchToRoute()
#37 /var/www/indonesia-luxe/vendor/laravel/framework/src/Illuminate/Foundation/Http/Kernel.php(200): Illuminate\\Routing\\Router->dispatch()
#38 /var/www/indonesia-luxe/vendor/laravel/framework/src/Illuminate/Pipeline/Pipeline.php(180): Illuminate\\Foundation\\Http\\Kernel->{closure:Illuminate\\Foundation\\Http\\Kernel::dispatchToRouter():197}()
#39 /var/www/indonesia-luxe/vendor/livewire/livewire/src/Features/SupportDisablingBackButtonCache/DisableBackButtonCacheMiddleware.php(19): Illuminate\\Pipeline\\Pipeline->{closure:Illuminate\\Pipeline\\Pipeline::prepareDestination():178}()
#40 /var/www/indonesia-luxe/vendor/laravel/framework/src/Illuminate/Pipeline/Pipeline.php(219): Livewire\\Features\\SupportDisablingBackButtonCache\\DisableBackButtonCacheMiddleware->handle()
#41 /var/www/indonesia-luxe/vendor/laravel/framework/src/Illuminate/Foundation/Http/Middleware/ConvertEmptyStringsToNull.php(27): Illuminate\\Pipeline\\Pipeline->{closure:{closure:Illuminate\\Pipeline\\Pipeline::carry():194}:195}()
#42 /var/www/indonesia-luxe/vendor/laravel/framework/src/Illuminate/Pipeline/Pipeline.php(219): Illuminate\\Foundation\\Http\\Middleware\\ConvertEmptyStringsToNull->handle()
#43 /var/www/indonesia-luxe/vendor/laravel/framework/src/Illuminate/Foundation/Http/Middleware/TrimStrings.php(47): Illuminate\\Pipeline\\Pipeline->{closure:{closure:Illuminate\\Pipeline\\Pipeline::carry():194}:195}()
#44 /var/www/indonesia-luxe/vendor/laravel/framework/src/Illuminate/Pipeline/Pipeline.php(219): Illuminate\\Foundation\\Http\\Middleware\\TrimStrings->handle()
#45 /var/www/indonesia-luxe/vendor/laravel/framework/src/Illuminate/Http/Middleware/ValidatePostSize.php(27): Illuminate\\Pipeline\\Pipeline->{closure:{closure:Illuminate\\Pipeline\\Pipeline::carry():194}:195}()
#46 /var/www/indonesia-luxe/vendor/laravel/framework/src/Illuminate/Pipeline/Pipeline.php(219): Illuminate\\Http\\Middleware\\ValidatePostSize->handle()
#47 /var/www/indonesia-luxe/vendor/laravel/framework/src/Illuminate/Foundation/Http/Middleware/PreventRequestsDuringMaintenance.php(109): Illuminate\\Pipeline\\Pipeline->{closure:{closure:Illuminate\\Pipeline\\Pipeline::carry():194}:195}()
#48 /var/www/indonesia-luxe/vendor/laravel/framework/src/Illuminate/Pipeline/Pipeline.php(219): Illuminate\\Foundation\\Http\\Middleware\\PreventRequestsDuringMaintenance->handle()
#49 /var/www/indonesia-luxe/vendor/laravel/framework/src/Illuminate/Http/Middleware/HandleCors.php(61): Illuminate\\Pipeline\\Pipeline->{closure:{closure:Illuminate\\Pipeline\\Pipeline::carry():194}:195}()
#50 /var/www/indonesia-luxe/vendor/laravel/framework/src/Illuminate/Pipeline/Pipeline.php(219): Illuminate\\Http\\Middleware\\HandleCors->handle()
#51 /var/www/indonesia-luxe/vendor/laravel/framework/src/Illuminate/Http/Middleware/TrustProxies.php(58): Illuminate\\Pipeline\\Pipeline->{closure:{closure:Illuminate\\Pipeline\\Pipeline::carry():194}:195}()
#52 /var/www/indonesia-luxe/vendor/laravel/framework/src/Illuminate/Pipeline/Pipeline.php(219): Illuminate\\Http\\Middleware\\TrustProxies->handle()
#53 /var/www/indonesia-luxe/vendor/laravel/framework/src/Illuminate/Foundation/Http/Middleware/InvokeDeferredCallbacks.php(22): Illuminate\\Pipeline\\Pipeline->{closure:{closure:Illuminate\\Pipeline\\Pipeline::carry():194}:195}()
#54 /var/www/indonesia-luxe/vendor/laravel/framework/src/Illuminate/Pipeline/Pipeline.php(219): Illuminate\\Foundation\\Http\\Middleware\\InvokeDeferredCallbacks->handle()
#55 /var/www/indonesia-luxe/vendor/laravel/framework/src/Illuminate/Http/Middleware/ValidatePathEncoding.php(26): Illuminate\\Pipeline\\Pipeline->{closure:{closure:Illuminate\\Pipeline\\Pipeline::carry():194}:195}()
#56 /var/www/indonesia-luxe/vendor/laravel/framework/src/Illuminate/Pipeline/Pipeline.php(219): Illuminate\\Http\\Middleware\\ValidatePathEncoding->handle()
#57 /var/www/indonesia-luxe/vendor/laravel/framework/src/Illuminate/Pipeline/Pipeline.php(137): Illuminate\\Pipeline\\Pipeline->{closure:{closure:Illuminate\\Pipeline\\Pipeline::carry():194}:195}()
#58 /var/www/indonesia-luxe/vendor/laravel/framework/src/Illuminate/Foundation/Http/Kernel.php(175): Illuminate\\Pipeline\\Pipeline->then()
#59 /var/www/indonesia-luxe/vendor/laravel/framework/src/Illuminate/Foundation/Http/Kernel.php(144): Illuminate\\Foundation\\Http\\Kernel->sendRequestThroughRouter()
#60 /var/www/indonesia-luxe/vendor/laravel/framework/src/Illuminate/Foundation/Application.php(1220): Illuminate\\Foundation\\Http\\Kernel->handle()
#61 /var/www/indonesia-luxe/public/index.php(20): Illuminate\\Foundation\\Application->handleRequest()
#62 {main}
"} 
[2026-06-11 00:37:43] local.ERROR: Unable to find component: [profile.update-password-form] {"exception":"[object] (Livewire\\Exceptions\\ComponentNotFoundException(code: 0): Unable to find component: [profile.update-password-form] at /var/www/indonesia-luxe/vendor/livewire/livewire/src/Factory/Factory.php:76)
[stacktrace]
#0 /var/www/indonesia-luxe/vendor/livewire/livewire/src/Factory/Factory.php(88): Livewire\\Factory\\Factory->resolveComponentNameAndClass()
#1 /var/www/indonesia-luxe/vendor/livewire/livewire/src/Features/SupportReleaseTokens/ReleaseToken.php(15): Livewire\\Factory\\Factory->resolveComponentClass()
#2 /var/www/indonesia-luxe/vendor/livewire/livewire/src/Features/SupportReleaseTokens/SupportReleaseTokens.php(20): Livewire\\Features\\SupportReleaseTokens\\ReleaseToken::verify()
#3 /var/www/indonesia-luxe/vendor/livewire/livewire/src/EventBus.php(87): Livewire\\Features\\SupportReleaseTokens\\SupportReleaseTokens::{closure:Livewire\\Features\\SupportReleaseTokens\\SupportReleaseTokens::provide():19}()
#4 /var/www/indonesia-luxe/vendor/livewire/livewire/src/helpers.php(98): Livewire\\EventBus->trigger()
#5 /var/www/indonesia-luxe/vendor/livewire/livewire/src/Mechanisms/HandleComponents/Checksum.php(22): Livewire\\trigger()
#6 /var/www/indonesia-luxe/vendor/livewire/livewire/src/Mechanisms/HandleComponents/HandleComponents.php(244): Livewire\\Mechanisms\\HandleComponents\\Checksum::verify()
#7 /var/www/indonesia-luxe/vendor/livewire/livewire/src/Mechanisms/HandleComponents/HandleComponents.php(210): Livewire\\Mechanisms\\HandleComponents\\HandleComponents->fromSnapshot()
#8 /var/www/indonesia-luxe/vendor/livewire/livewire/src/LivewireManager.php(131): Livewire\\Mechanisms\\HandleComponents\\HandleComponents->update()
#9 /var/www/indonesia-luxe/vendor/livewire/livewire/src/Mechanisms/HandleRequests/HandleRequests.php(156): Livewire\\LivewireManager->update()
#10 /var/www/indonesia-luxe/vendor/laravel/framework/src/Illuminate/Routing/ControllerDispatcher.php(46): Livewire\\Mechanisms\\HandleRequests\\HandleRequests->handleUpdate()
#11 /var/www/indonesia-luxe/vendor/laravel/framework/src/Illuminate/Routing/Route.php(265): Illuminate\\Routing\\ControllerDispatcher->dispatch()
#12 /var/www/indonesia-luxe/vendor/laravel/framework/src/Illuminate/Routing/Route.php(211): Illuminate\\Routing\\Route->runController()
#13 /var/www/indonesia-luxe/vendor/laravel/framework/src/Illuminate/Routing/Router.php(822): Illuminate\\Routing\\Route->run()
#14 /var/www/indonesia-luxe/vendor/laravel/framework/src/Illuminate/Pipeline/Pipeline.php(180): Illuminate\\Routing\\Router->{closure:Illuminate\\Routing\\Router::runRouteWithinStack():821}()
#15 /var/www/indonesia-luxe/vendor/laravel/boost/src/Middleware/InjectBoost.php(22): Illuminate\\Pipeline\\Pipeline->{closure:Illuminate\\Pipeline\\Pipeline::prepareDestination():178}()
#16 /var/www/indonesia-luxe/vendor/laravel/framework/src/Illuminate/Pipeline/Pipeline.php(219): Laravel\\Boost\\Middleware\\InjectBoost->handle()
#17 /var/www/indonesia-luxe/app/Http/Middleware/SetLocale.php(28): Illuminate\\Pipeline\\Pipeline->{closure:{closure:Illuminate\\Pipeline\\Pipeline::carry():194}:195}()
#18 /var/www/indonesia-luxe/vendor/laravel/framework/src/Illuminate/Pipeline/Pipeline.php(219): App\\Http\\Middleware\\SetLocale->handle()
#19 /var/www/indonesia-luxe/vendor/laravel/framework/src/Illuminate/Routing/Middleware/SubstituteBindings.php(50): Illuminate\\Pipeline\\Pipeline->{closure:{closure:Illuminate\\Pipeline\\Pipeline::carry():194}:195}()
#20 /var/www/indonesia-luxe/vendor/laravel/framework/src/Illuminate/Pipeline/Pipeline.php(219): Illuminate\\Routing\\Middleware\\SubstituteBindings->handle()
#21 /var/www/indonesia-luxe/vendor/laravel/framework/src/Illuminate/Foundation/Http/Middleware/VerifyCsrfToken.php(87): Illuminate\\Pipeline\\Pipeline->{closure:{closure:Illuminate\\Pipeline\\Pipeline::carry():194}:195}()
#22 /var/www/indonesia-luxe/vendor/laravel/framework/src/Illuminate/Pipeline/Pipeline.php(219): Illuminate\\Foundation\\Http\\Middleware\\VerifyCsrfToken->handle()
#23 /var/www/indonesia-luxe/vendor/laravel/framework/src/Illuminate/View/Middleware/ShareErrorsFromSession.php(48): Illuminate\\Pipeline\\Pipeline->{closure:{closure:Illuminate\\Pipeline\\Pipeline::carry():194}:195}()
#24 /var/www/indonesia-luxe/vendor/laravel/framework/src/Illuminate/Pipeline/Pipeline.php(219): Illuminate\\View\\Middleware\\ShareErrorsFromSession->handle()
#25 /var/www/indonesia-luxe/vendor/laravel/framework/src/Illuminate/Session/Middleware/StartSession.php(120): Illuminate\\Pipeline\\Pipeline->{closure:{closure:Illuminate\\Pipeline\\Pipeline::carry():194}:195}()
#26 /var/www/indonesia-luxe/vendor/laravel/framework/src/Illuminate/Session/Middleware/StartSession.php(63): Illuminate\\Session\\Middleware\\StartSession->handleStatefulRequest()
#27 /var/www/indonesia-luxe/vendor/laravel/framework/src/Illuminate/Pipeline/Pipeline.php(219): Illuminate\\Session\\Middleware\\StartSession->handle()
#28 /var/www/indonesia-luxe/vendor/laravel/framework/src/Illuminate/Cookie/Middleware/AddQueuedCookiesToResponse.php(36): Illuminate\\Pipeline\\Pipeline->{closure:{closure:Illuminate\\Pipeline\\Pipeline::carry():194}:195}()
#29 /var/www/indonesia-luxe/vendor/laravel/framework/src/Illuminate/Pipeline/Pipeline.php(219): Illuminate\\Cookie\\Middleware\\AddQueuedCookiesToResponse->handle()
#30 /var/www/indonesia-luxe/vendor/laravel/framework/src/Illuminate/Cookie/Middleware/EncryptCookies.php(74): Illuminate\\Pipeline\\Pipeline->{closure:{closure:Illuminate\\Pipeline\\Pipeline::carry():194}:195}()
#31 /var/www/indonesia-luxe/vendor/laravel/framework/src/Illuminate/Pipeline/Pipeline.php(219): Illuminate\\Cookie\\Middleware\\EncryptCookies->handle()
#32 /var/www/indonesia-luxe/vendor/laravel/framework/src/Illuminate/Pipeline/Pipeline.php(137): Illuminate\\Pipeline\\Pipeline->{closure:{closure:Illuminate\\Pipeline\\Pipeline::carry():194}:195}()
#33 /var/www/indonesia-luxe/vendor/laravel/framework/src/Illuminate/Routing/Router.php(821): Illuminate\\Pipeline\\Pipeline->then()
#34 /var/www/indonesia-luxe/vendor/laravel/framework/src/Illuminate/Routing/Router.php(800): Illuminate\\Routing\\Router->runRouteWithinStack()
#35 /var/www/indonesia-luxe/vendor/laravel/framework/src/Illuminate/Routing/Router.php(764): Illuminate\\Routing\\Router->runRoute()
#36 /var/www/indonesia-luxe/vendor/laravel/framework/src/Illuminate/Routing/Router.php(753): Illuminate\\Routing\\Router->dispatchToRoute()
#37 /var/www/indonesia-luxe/vendor/laravel/framework/src/Illuminate/Foundation/Http/Kernel.php(200): Illuminate\\Routing\\Router->dispatch()
#38 /var/www/indonesia-luxe/vendor/laravel/framework/src/Illuminate/Pipeline/Pipeline.php(180): Illuminate\\Foundation\\Http\\Kernel->{closure:Illuminate\\Foundation\\Http\\Kernel::dispatchToRouter():197}()
#39 /var/www/indonesia-luxe/vendor/livewire/livewire/src/Features/SupportDisablingBackButtonCache/DisableBackButtonCacheMiddleware.php(19): Illuminate\\Pipeline\\Pipeline->{closure:Illuminate\\Pipeline\\Pipeline::prepareDestination():178}()
#40 /var/www/indonesia-luxe/vendor/laravel/framework/src/Illuminate/Pipeline/Pipeline.php(219): Livewire\\Features\\SupportDisablingBackButtonCache\\DisableBackButtonCacheMiddleware->handle()
#41 /var/www/indonesia-luxe/vendor/laravel/framework/src/Illuminate/Foundation/Http/Middleware/ConvertEmptyStringsToNull.php(27): Illuminate\\Pipeline\\Pipeline->{closure:{closure:Illuminate\\Pipeline\\Pipeline::carry():194}:195}()
#42 /var/www/indonesia-luxe/vendor/laravel/framework/src/Illuminate/Pipeline/Pipeline.php(219): Illuminate\\Foundation\\Http\\Middleware\\ConvertEmptyStringsToNull->handle()
#43 /var/www/indonesia-luxe/vendor/laravel/framework/src/Illuminate/Foundation/Http/Middleware/TrimStrings.php(47): Illuminate\\Pipeline\\Pipeline->{closure:{closure:Illuminate\\Pipeline\\Pipeline::carry():194}:195}()
#44 /var/www/indonesia-luxe/vendor/laravel/framework/src/Illuminate/Pipeline/Pipeline.php(219): Illuminate\\Foundation\\Http\\Middleware\\TrimStrings->handle()
#45 /var/www/indonesia-luxe/vendor/laravel/framework/src/Illuminate/Http/Middleware/ValidatePostSize.php(27): Illuminate\\Pipeline\\Pipeline->{closure:{closure:Illuminate\\Pipeline\\Pipeline::carry():194}:195}()
#46 /var/www/indonesia-luxe/vendor/laravel/framework/src/Illuminate/Pipeline/Pipeline.php(219): Illuminate\\Http\\Middleware\\ValidatePostSize->handle()
#47 /var/www/indonesia-luxe/vendor/laravel/framework/src/Illuminate/Foundation/Http/Middleware/PreventRequestsDuringMaintenance.php(109): Illuminate\\Pipeline\\Pipeline->{closure:{closure:Illuminate\\Pipeline\\Pipeline::carry():194}:195}()
#48 /var/www/indonesia-luxe/vendor/laravel/framework/src/Illuminate/Pipeline/Pipeline.php(219): Illuminate\\Foundation\\Http\\Middleware\\PreventRequestsDuringMaintenance->handle()
#49 /var/www/indonesia-luxe/vendor/laravel/framework/src/Illuminate/Http/Middleware/HandleCors.php(61): Illuminate\\Pipeline\\Pipeline->{closure:{closure:Illuminate\\Pipeline\\Pipeline::carry():194}:195}()
#50 /var/www/indonesia-luxe/vendor/laravel/framework/src/Illuminate/Pipeline/Pipeline.php(219): Illuminate\\Http\\Middleware\\HandleCors->handle()
#51 /var/www/indonesia-luxe/vendor/laravel/framework/src/Illuminate/Http/Middleware/TrustProxies.php(58): Illuminate\\Pipeline\\Pipeline->{closure:{closure:Illuminate\\Pipeline\\Pipeline::carry():194}:195}()
#52 /var/www/indonesia-luxe/vendor/laravel/framework/src/Illuminate/Pipeline/Pipeline.php(219): Illuminate\\Http\\Middleware\\TrustProxies->handle()
#53 /var/www/indonesia-luxe/vendor/laravel/framework/src/Illuminate/Foundation/Http/Middleware/InvokeDeferredCallbacks.php(22): Illuminate\\Pipeline\\Pipeline->{closure:{closure:Illuminate\\Pipeline\\Pipeline::carry():194}:195}()
#54 /var/www/indonesia-luxe/vendor/laravel/framework/src/Illuminate/Pipeline/Pipeline.php(219): Illuminate\\Foundation\\Http\\Middleware\\InvokeDeferredCallbacks->handle()
#55 /var/www/indonesia-luxe/vendor/laravel/framework/src/Illuminate/Http/Middleware/ValidatePathEncoding.php(26): Illuminate\\Pipeline\\Pipeline->{closure:{closure:Illuminate\\Pipeline\\Pipeline::carry():194}:195}()
#56 /var/www/indonesia-luxe/vendor/laravel/framework/src/Illuminate/Pipeline/Pipeline.php(219): Illuminate\\Http\\Middleware\\ValidatePathEncoding->handle()
#57 /var/www/indonesia-luxe/vendor/laravel/framework/src/Illuminate/Pipeline/Pipeline.php(137): Illuminate\\Pipeline\\Pipeline->{closure:{closure:Illuminate\\Pipeline\\Pipeline::carry():194}:195}()
#58 /var/www/indonesia-luxe/vendor/laravel/framework/src/Illuminate/Foundation/Http/Kernel.php(175): Illuminate\\Pipeline\\Pipeline->then()
#59 /var/www/indonesia-luxe/vendor/laravel/framework/src/Illuminate/Foundation/Http/Kernel.php(144): Illuminate\\Foundation\\Http\\Kernel->sendRequestThroughRouter()
#60 /var/www/indonesia-luxe/vendor/laravel/framework/src/Illuminate/Foundation/Application.php(1220): Illuminate\\Foundation\\Http\\Kernel->handle()
#61 /var/www/indonesia-luxe/public/index.php(20): Illuminate\\Foundation\\Application->handleRequest()
#62 {main}
"} 
[2026-06-11 00:37:43] local.ERROR: Unable to find component: [profile.update-password-form] {"exception":"[object] (Livewire\\Exceptions\\ComponentNotFoundException(code: 0): Unable to find component: [profile.update-password-form] at /var/www/indonesia-luxe/vendor/livewire/livewire/src/Factory/Factory.php:76)
[stacktrace]
#0 /var/www/indonesia-luxe/vendor/livewire/livewire/src/Factory/Factory.php(88): Livewire\\Factory\\Factory->resolveComponentNameAndClass()
#1 /var/www/indonesia-luxe/vendor/livewire/livewire/src/Features/SupportReleaseTokens/ReleaseToken.php(15): Livewire\\Factory\\Factory->resolveComponentClass()
#2 /var/www/indonesia-luxe/vendor/livewire/livewire/src/Features/SupportReleaseTokens/SupportReleaseTokens.php(20): Livewire\\Features\\SupportReleaseTokens\\ReleaseToken::verify()
#3 /var/www/indonesia-luxe/vendor/livewire/livewire/src/EventBus.php(87): Livewire\\Features\\SupportReleaseTokens\\SupportReleaseTokens::{closure:Livewire\\Features\\SupportReleaseTokens\\SupportReleaseTokens::provide():19}()
#4 /var/www/indonesia-luxe/vendor/livewire/livewire/src/helpers.php(98): Livewire\\EventBus->trigger()
#5 /var/www/indonesia-luxe/vendor/livewire/livewire/src/Mechanisms/HandleComponents/Checksum.php(22): Livewire\\trigger()
#6 /var/www/indonesia-luxe/vendor/livewire/livewire/src/Mechanisms/HandleComponents/HandleComponents.php(244): Livewire\\Mechanisms\\HandleComponents\\Checksum::verify()
#7 /var/www/indonesia-luxe/vendor/livewire/livewire/src/Mechanisms/HandleComponents/HandleComponents.php(210): Livewire\\Mechanisms\\HandleComponents\\HandleComponents->fromSnapshot()
#8 /var/www/indonesia-luxe/vendor/livewire/livewire/src/LivewireManager.php(131): Livewire\\Mechanisms\\HandleComponents\\HandleComponents->update()
#9 /var/www/indonesia-luxe/vendor/livewire/livewire/src/Mechanisms/HandleRequests/HandleRequests.php(156): Livewire\\LivewireManager->update()
#10 /var/www/indonesia-luxe/vendor/laravel/framework/src/Illuminate/Routing/ControllerDispatcher.php(46): Livewire\\Mechanisms\\HandleRequests\\HandleRequests->handleUpdate()
#11 /var/www/indonesia-luxe/vendor/laravel/framework/src/Illuminate/Routing/Route.php(265): Illuminate\\Routing\\ControllerDispatcher->dispatch()
#12 /var/www/indonesia-luxe/vendor/laravel/framework/src/Illuminate/Routing/Route.php(211): Illuminate\\Routing\\Route->runController()
#13 /var/www/indonesia-luxe/vendor/laravel/framework/src/Illuminate/Routing/Router.php(822): Illuminate\\Routing\\Route->run()
#14 /var/www/indonesia-luxe/vendor/laravel/framework/src/Illuminate/Pipeline/Pipeline.php(180): Illuminate\\Routing\\Router->{closure:Illuminate\\Routing\\Router::runRouteWithinStack():821}()
#15 /var/www/indonesia-luxe/vendor/laravel/boost/src/Middleware/InjectBoost.php(22): Illuminate\\Pipeline\\Pipeline->{closure:Illuminate\\Pipeline\\Pipeline::prepareDestination():178}()
#16 /var/www/indonesia-luxe/vendor/laravel/framework/src/Illuminate/Pipeline/Pipeline.php(219): Laravel\\Boost\\Middleware\\InjectBoost->handle()
#17 /var/www/indonesia-luxe/app/Http/Middleware/SetLocale.php(28): Illuminate\\Pipeline\\Pipeline->{closure:{closure:Illuminate\\Pipeline\\Pipeline::carry():194}:195}()
#18 /var/www/indonesia-luxe/vendor/laravel/framework/src/Illuminate/Pipeline/Pipeline.php(219): App\\Http\\Middleware\\SetLocale->handle()
#19 /var/www/indonesia-luxe/vendor/laravel/framework/src/Illuminate/Routing/Middleware/SubstituteBindings.php(50): Illuminate\\Pipeline\\Pipeline->{closure:{closure:Illuminate\\Pipeline\\Pipeline::carry():194}:195}()
#20 /var/www/indonesia-luxe/vendor/laravel/framework/src/Illuminate/Pipeline/Pipeline.php(219): Illuminate\\Routing\\Middleware\\SubstituteBindings->handle()
#21 /var/www/indonesia-luxe/vendor/laravel/framework/src/Illuminate/Foundation/Http/Middleware/VerifyCsrfToken.php(87): Illuminate\\Pipeline\\Pipeline->{closure:{closure:Illuminate\\Pipeline\\Pipeline::carry():194}:195}()
#22 /var/www/indonesia-luxe/vendor/laravel/framework/src/Illuminate/Pipeline/Pipeline.php(219): Illuminate\\Foundation\\Http\\Middleware\\VerifyCsrfToken->handle()
#23 /var/www/indonesia-luxe/vendor/laravel/framework/src/Illuminate/View/Middleware/ShareErrorsFromSession.php(48): Illuminate\\Pipeline\\Pipeline->{closure:{closure:Illuminate\\Pipeline\\Pipeline::carry():194}:195}()
#24 /var/www/indonesia-luxe/vendor/laravel/framework/src/Illuminate/Pipeline/Pipeline.php(219): Illuminate\\View\\Middleware\\ShareErrorsFromSession->handle()
#25 /var/www/indonesia-luxe/vendor/laravel/framework/src/Illuminate/Session/Middleware/StartSession.php(120): Illuminate\\Pipeline\\Pipeline->{closure:{closure:Illuminate\\Pipeline\\Pipeline::carry():194}:195}()
#26 /var/www/indonesia-luxe/vendor/laravel/framework/src/Illuminate/Session/Middleware/StartSession.php(63): Illuminate\\Session\\Middleware\\StartSession->handleStatefulRequest()
#27 /var/www/indonesia-luxe/vendor/laravel/framework/src/Illuminate/Pipeline/Pipeline.php(219): Illuminate\\Session\\Middleware\\StartSession->handle()
#28 /var/www/indonesia-luxe/vendor/laravel/framework/src/Illuminate/Cookie/Middleware/AddQueuedCookiesToResponse.php(36): Illuminate\\Pipeline\\Pipeline->{closure:{closure:Illuminate\\Pipeline\\Pipeline::carry():194}:195}()
#29 /var/www/indonesia-luxe/vendor/laravel/framework/src/Illuminate/Pipeline/Pipeline.php(219): Illuminate\\Cookie\\Middleware\\AddQueuedCookiesToResponse->handle()
#30 /var/www/indonesia-luxe/vendor/laravel/framework/src/Illuminate/Cookie/Middleware/EncryptCookies.php(74): Illuminate\\Pipeline\\Pipeline->{closure:{closure:Illuminate\\Pipeline\\Pipeline::carry():194}:195}()
#31 /var/www/indonesia-luxe/vendor/laravel/framework/src/Illuminate/Pipeline/Pipeline.php(219): Illuminate\\Cookie\\Middleware\\EncryptCookies->handle()
#32 /var/www/indonesia-luxe/vendor/laravel/framework/src/Illuminate/Pipeline/Pipeline.php(137): Illuminate\\Pipeline\\Pipeline->{closure:{closure:Illuminate\\Pipeline\\Pipeline::carry():194}:195}()
#33 /var/www/indonesia-luxe/vendor/laravel/framework/src/Illuminate/Routing/Router.php(821): Illuminate\\Pipeline\\Pipeline->then()
#34 /var/www/indonesia-luxe/vendor/laravel/framework/src/Illuminate/Routing/Router.php(800): Illuminate\\Routing\\Router->runRouteWithinStack()
#35 /var/www/indonesia-luxe/vendor/laravel/framework/src/Illuminate/Routing/Router.php(764): Illuminate\\Routing\\Router->runRoute()
#36 /var/www/indonesia-luxe/vendor/laravel/framework/src/Illuminate/Routing/Router.php(753): Illuminate\\Routing\\Router->dispatchToRoute()
#37 /var/www/indonesia-luxe/vendor/laravel/framework/src/Illuminate/Foundation/Http/Kernel.php(200): Illuminate\\Routing\\Router->dispatch()
#38 /var/www/indonesia-luxe/vendor/laravel/framework/src/Illuminate/Pipeline/Pipeline.php(180): Illuminate\\Foundation\\Http\\Kernel->{closure:Illuminate\\Foundation\\Http\\Kernel::dispatchToRouter():197}()
#39 /var/www/indonesia-luxe/vendor/livewire/livewire/src/Features/SupportDisablingBackButtonCache/DisableBackButtonCacheMiddleware.php(19): Illuminate\\Pipeline\\Pipeline->{closure:Illuminate\\Pipeline\\Pipeline::prepareDestination():178}()
#40 /var/www/indonesia-luxe/vendor/laravel/framework/src/Illuminate/Pipeline/Pipeline.php(219): Livewire\\Features\\SupportDisablingBackButtonCache\\DisableBackButtonCacheMiddleware->handle()
#41 /var/www/indonesia-luxe/vendor/laravel/framework/src/Illuminate/Foundation/Http/Middleware/ConvertEmptyStringsToNull.php(27): Illuminate\\Pipeline\\Pipeline->{closure:{closure:Illuminate\\Pipeline\\Pipeline::carry():194}:195}()
#42 /var/www/indonesia-luxe/vendor/laravel/framework/src/Illuminate/Pipeline/Pipeline.php(219): Illuminate\\Foundation\\Http\\Middleware\\ConvertEmptyStringsToNull->handle()
#43 /var/www/indonesia-luxe/vendor/laravel/framework/src/Illuminate/Foundation/Http/Middleware/TrimStrings.php(47): Illuminate\\Pipeline\\Pipeline->{closure:{closure:Illuminate\\Pipeline\\Pipeline::carry():194}:195}()
#44 /var/www/indonesia-luxe/vendor/laravel/framework/src/Illuminate/Pipeline/Pipeline.php(219): Illuminate\\Foundation\\Http\\Middleware\\TrimStrings->handle()
#45 /var/www/indonesia-luxe/vendor/laravel/framework/src/Illuminate/Http/Middleware/ValidatePostSize.php(27): Illuminate\\Pipeline\\Pipeline->{closure:{closure:Illuminate\\Pipeline\\Pipeline::carry():194}:195}()
#46 /var/www/indonesia-luxe/vendor/laravel/framework/src/Illuminate/Pipeline/Pipeline.php(219): Illuminate\\Http\\Middleware\\ValidatePostSize->handle()
#47 /var/www/indonesia-luxe/vendor/laravel/framework/src/Illuminate/Foundation/Http/Middleware/PreventRequestsDuringMaintenance.php(109): Illuminate\\Pipeline\\Pipeline->{closure:{closure:Illuminate\\Pipeline\\Pipeline::carry():194}:195}()
#48 /var/www/indonesia-luxe/vendor/laravel/framework/src/Illuminate/Pipeline/Pipeline.php(219): Illuminate\\Foundation\\Http\\Middleware\\PreventRequestsDuringMaintenance->handle()
#49 /var/www/indonesia-luxe/vendor/laravel/framework/src/Illuminate/Http/Middleware/HandleCors.php(61): Illuminate\\Pipeline\\Pipeline->{closure:{closure:Illuminate\\Pipeline\\Pipeline::carry():194}:195}()
#50 /var/www/indonesia-luxe/vendor/laravel/framework/src/Illuminate/Pipeline/Pipeline.php(219): Illuminate\\Http\\Middleware\\HandleCors->handle()
#51 /var/www/indonesia-luxe/vendor/laravel/framework/src/Illuminate/Http/Middleware/TrustProxies.php(58): Illuminate\\Pipeline\\Pipeline->{closure:{closure:Illuminate\\Pipeline\\Pipeline::carry():194}:195}()
#52 /var/www/indonesia-luxe/vendor/laravel/framework/src/Illuminate/Pipeline/Pipeline.php(219): Illuminate\\Http\\Middleware\\TrustProxies->handle()
#53 /var/www/indonesia-luxe/vendor/laravel/framework/src/Illuminate/Foundation/Http/Middleware/InvokeDeferredCallbacks.php(22): Illuminate\\Pipeline\\Pipeline->{closure:{closure:Illuminate\\Pipeline\\Pipeline::carry():194}:195}()
#54 /var/www/indonesia-luxe/vendor/laravel/framework/src/Illuminate/Pipeline/Pipeline.php(219): Illuminate\\Foundation\\Http\\Middleware\\InvokeDeferredCallbacks->handle()
#55 /var/www/indonesia-luxe/vendor/laravel/framework/src/Illuminate/Http/Middleware/ValidatePathEncoding.php(26): Illuminate\\Pipeline\\Pipeline->{closure:{closure:Illuminate\\Pipeline\\Pipeline::carry():194}:195}()
#56 /var/www/indonesia-luxe/vendor/laravel/framework/src/Illuminate/Pipeline/Pipeline.php(219): Illuminate\\Http\\Middleware\\ValidatePathEncoding->handle()
#57 /var/www/indonesia-luxe/vendor/laravel/framework/src/Illuminate/Pipeline/Pipeline.php(137): Illuminate\\Pipeline\\Pipeline->{closure:{closure:Illuminate\\Pipeline\\Pipeline::carry():194}:195}()
#58 /var/www/indonesia-luxe/vendor/laravel/framework/src/Illuminate/Foundation/Http/Kernel.php(175): Illuminate\\Pipeline\\Pipeline->then()
#59 /var/www/indonesia-luxe/vendor/laravel/framework/src/Illuminate/Foundation/Http/Kernel.php(144): Illuminate\\Foundation\\Http\\Kernel->sendRequestThroughRouter()
#60 /var/www/indonesia-luxe/vendor/laravel/framework/src/Illuminate/Foundation/Application.php(1220): Illuminate\\Foundation\\Http\\Kernel->handle()
#61 /var/www/indonesia-luxe/public/index.php(20): Illuminate\\Foundation\\Application->handleRequest()
#62 {main}
"} 
[2026-06-11 00:37:43] local.ERROR: Unable to find component: [profile.two-factor-authentication-form] {"exception":"[object] (Livewire\\Exceptions\\ComponentNotFoundException(code: 0): Unable to find component: [profile.two-factor-authentication-form] at /var/www/indonesia-luxe/vendor/livewire/livewire/src/Factory/Factory.php:76)
[stacktrace]
#0 /var/www/indonesia-luxe/vendor/livewire/livewire/src/Factory/Factory.php(88): Livewire\\Factory\\Factory->resolveComponentNameAndClass()
#1 /var/www/indonesia-luxe/vendor/livewire/livewire/src/Features/SupportReleaseTokens/ReleaseToken.php(15): Livewire\\Factory\\Factory->resolveComponentClass()
#2 /var/www/indonesia-luxe/vendor/livewire/livewire/src/Features/SupportReleaseTokens/SupportReleaseTokens.php(20): Livewire\\Features\\SupportReleaseTokens\\ReleaseToken::verify()
#3 /var/www/indonesia-luxe/vendor/livewire/livewire/src/EventBus.php(87): Livewire\\Features\\SupportReleaseTokens\\SupportReleaseTokens::{closure:Livewire\\Features\\SupportReleaseTokens\\SupportReleaseTokens::provide():19}()
#4 /var/www/indonesia-luxe/vendor/livewire/livewire/src/helpers.php(98): Livewire\\EventBus->trigger()
#5 /var/www/indonesia-luxe/vendor/livewire/livewire/src/Mechanisms/HandleComponents/Checksum.php(22): Livewire\\trigger()
#6 /var/www/indonesia-luxe/vendor/livewire/livewire/src/Mechanisms/HandleComponents/HandleComponents.php(244): Livewire\\Mechanisms\\HandleComponents\\Checksum::verify()
#7 /var/www/indonesia-luxe/vendor/livewire/livewire/src/Mechanisms/HandleComponents/HandleComponents.php(210): Livewire\\Mechanisms\\HandleComponents\\HandleComponents->fromSnapshot()
#8 /var/www/indonesia-luxe/vendor/livewire/livewire/src/LivewireManager.php(131): Livewire\\Mechanisms\\HandleComponents\\HandleComponents->update()
#9 /var/www/indonesia-luxe/vendor/livewire/livewire/src/Mechanisms/HandleRequests/HandleRequests.php(156): Livewire\\LivewireManager->update()
#10 /var/www/indonesia-luxe/vendor/laravel/framework/src/Illuminate/Routing/ControllerDispatcher.php(46): Livewire\\Mechanisms\\HandleRequests\\HandleRequests->handleUpdate()
#11 /var/www/indonesia-luxe/vendor/laravel/framework/src/Illuminate/Routing/Route.php(265): Illuminate\\Routing\\ControllerDispatcher->dispatch()
#12 /var/www/indonesia-luxe/vendor/laravel/framework/src/Illuminate/Routing/Route.php(211): Illuminate\\Routing\\Route->runController()
#13 /var/www/indonesia-luxe/vendor/laravel/framework/src/Illuminate/Routing/Router.php(822): Illuminate\\Routing\\Route->run()
#14 /var/www/indonesia-luxe/vendor/laravel/framework/src/Illuminate/Pipeline/Pipeline.php(180): Illuminate\\Routing\\Router->{closure:Illuminate\\Routing\\Router::runRouteWithinStack():821}()
#15 /var/www/indonesia-luxe/vendor/laravel/boost/src/Middleware/InjectBoost.php(22): Illuminate\\Pipeline\\Pipeline->{closure:Illuminate\\Pipeline\\Pipeline::prepareDestination():178}()
#16 /var/www/indonesia-luxe/vendor/laravel/framework/src/Illuminate/Pipeline/Pipeline.php(219): Laravel\\Boost\\Middleware\\InjectBoost->handle()
#17 /var/www/indonesia-luxe/app/Http/Middleware/SetLocale.php(28): Illuminate\\Pipeline\\Pipeline->{closure:{closure:Illuminate\\Pipeline\\Pipeline::carry():194}:195}()
#18 /var/www/indonesia-luxe/vendor/laravel/framework/src/Illuminate/Pipeline/Pipeline.php(219): App\\Http\\Middleware\\SetLocale->handle()
#19 /var/www/indonesia-luxe/vendor/laravel/framework/src/Illuminate/Routing/Middleware/SubstituteBindings.php(50): Illuminate\\Pipeline\\Pipeline->{closure:{closure:Illuminate\\Pipeline\\Pipeline::carry():194}:195}()
#20 /var/www/indonesia-luxe/vendor/laravel/framework/src/Illuminate/Pipeline/Pipeline.php(219): Illuminate\\Routing\\Middleware\\SubstituteBindings->handle()
#21 /var/www/indonesia-luxe/vendor/laravel/framework/src/Illuminate/Foundation/Http/Middleware/VerifyCsrfToken.php(87): Illuminate\\Pipeline\\Pipeline->{closure:{closure:Illuminate\\Pipeline\\Pipeline::carry():194}:195}()
#22 /var/www/indonesia-luxe/vendor/laravel/framework/src/Illuminate/Pipeline/Pipeline.php(219): Illuminate\\Foundation\\Http\\Middleware\\VerifyCsrfToken->handle()
#23 /var/www/indonesia-luxe/vendor/laravel/framework/src/Illuminate/View/Middleware/ShareErrorsFromSession.php(48): Illuminate\\Pipeline\\Pipeline->{closure:{closure:Illuminate\\Pipeline\\Pipeline::carry():194}:195}()
#24 /var/www/indonesia-luxe/vendor/laravel/framework/src/Illuminate/Pipeline/Pipeline.php(219): Illuminate\\View\\Middleware\\ShareErrorsFromSession->handle()
#25 /var/www/indonesia-luxe/vendor/laravel/framework/src/Illuminate/Session/Middleware/StartSession.php(120): Illuminate\\Pipeline\\Pipeline->{closure:{closure:Illuminate\\Pipeline\\Pipeline::carry():194}:195}()
#26 /var/www/indonesia-luxe/vendor/laravel/framework/src/Illuminate/Session/Middleware/StartSession.php(63): Illuminate\\Session\\Middleware\\StartSession->handleStatefulRequest()
#27 /var/www/indonesia-luxe/vendor/laravel/framework/src/Illuminate/Pipeline/Pipeline.php(219): Illuminate\\Session\\Middleware\\StartSession->handle()
#28 /var/www/indonesia-luxe/vendor/laravel/framework/src/Illuminate/Cookie/Middleware/AddQueuedCookiesToResponse.php(36): Illuminate\\Pipeline\\Pipeline->{closure:{closure:Illuminate\\Pipeline\\Pipeline::carry():194}:195}()
#29 /var/www/indonesia-luxe/vendor/laravel/framework/src/Illuminate/Pipeline/Pipeline.php(219): Illuminate\\Cookie\\Middleware\\AddQueuedCookiesToResponse->handle()
#30 /var/www/indonesia-luxe/vendor/laravel/framework/src/Illuminate/Cookie/Middleware/EncryptCookies.php(74): Illuminate\\Pipeline\\Pipeline->{closure:{closure:Illuminate\\Pipeline\\Pipeline::carry():194}:195}()
#31 /var/www/indonesia-luxe/vendor/laravel/framework/src/Illuminate/Pipeline/Pipeline.php(219): Illuminate\\Cookie\\Middleware\\EncryptCookies->handle()
#32 /var/www/indonesia-luxe/vendor/laravel/framework/src/Illuminate/Pipeline/Pipeline.php(137): Illuminate\\Pipeline\\Pipeline->{closure:{closure:Illuminate\\Pipeline\\Pipeline::carry():194}:195}()
#33 /var/www/indonesia-luxe/vendor/laravel/framework/src/Illuminate/Routing/Router.php(821): Illuminate\\Pipeline\\Pipeline->then()
#34 /var/www/indonesia-luxe/vendor/laravel/framework/src/Illuminate/Routing/Router.php(800): Illuminate\\Routing\\Router->runRouteWithinStack()
#35 /var/www/indonesia-luxe/vendor/laravel/framework/src/Illuminate/Routing/Router.php(764): Illuminate\\Routing\\Router->runRoute()
#36 /var/www/indonesia-luxe/vendor/laravel/framework/src/Illuminate/Routing/Router.php(753): Illuminate\\Routing\\Router->dispatchToRoute()
#37 /var/www/indonesia-luxe/vendor/laravel/framework/src/Illuminate/Foundation/Http/Kernel.php(200): Illuminate\\Routing\\Router->dispatch()
#38 /var/www/indonesia-luxe/vendor/laravel/framework/src/Illuminate/Pipeline/Pipeline.php(180): Illuminate\\Foundation\\Http\\Kernel->{closure:Illuminate\\Foundation\\Http\\Kernel::dispatchToRouter():197}()
#39 /var/www/indonesia-luxe/vendor/livewire/livewire/src/Features/SupportDisablingBackButtonCache/DisableBackButtonCacheMiddleware.php(19): Illuminate\\Pipeline\\Pipeline->{closure:Illuminate\\Pipeline\\Pipeline::prepareDestination():178}()
#40 /var/www/indonesia-luxe/vendor/laravel/framework/src/Illuminate/Pipeline/Pipeline.php(219): Livewire\\Features\\SupportDisablingBackButtonCache\\DisableBackButtonCacheMiddleware->handle()
#41 /var/www/indonesia-luxe/vendor/laravel/framework/src/Illuminate/Foundation/Http/Middleware/ConvertEmptyStringsToNull.php(27): Illuminate\\Pipeline\\Pipeline->{closure:{closure:Illuminate\\Pipeline\\Pipeline::carry():194}:195}()
#42 /var/www/indonesia-luxe/vendor/laravel/framework/src/Illuminate/Pipeline/Pipeline.php(219): Illuminate\\Foundation\\Http\\Middleware\\ConvertEmptyStringsToNull->handle()
#43 /var/www/indonesia-luxe/vendor/laravel/framework/src/Illuminate/Foundation/Http/Middleware/TrimStrings.php(47): Illuminate\\Pipeline\\Pipeline->{closure:{closure:Illuminate\\Pipeline\\Pipeline::carry():194}:195}()
#44 /var/www/indonesia-luxe/vendor/laravel/framework/src/Illuminate/Pipeline/Pipeline.php(219): Illuminate\\Foundation\\Http\\Middleware\\TrimStrings->handle()
#45 /var/www/indonesia-luxe/vendor/laravel/framework/src/Illuminate/Http/Middleware/ValidatePostSize.php(27): Illuminate\\Pipeline\\Pipeline->{closure:{closure:Illuminate\\Pipeline\\Pipeline::carry():194}:195}()
#46 /var/www/indonesia-luxe/vendor/laravel/framework/src/Illuminate/Pipeline/Pipeline.php(219): Illuminate\\Http\\Middleware\\ValidatePostSize->handle()
#47 /var/www/indonesia-luxe/vendor/laravel/framework/src/Illuminate/Foundation/Http/Middleware/PreventRequestsDuringMaintenance.php(109): Illuminate\\Pipeline\\Pipeline->{closure:{closure:Illuminate\\Pipeline\\Pipeline::carry():194}:195}()
#48 /var/www/indonesia-luxe/vendor/laravel/framework/src/Illuminate/Pipeline/Pipeline.php(219): Illuminate\\Foundation\\Http\\Middleware\\PreventRequestsDuringMaintenance->handle()
#49 /var/www/indonesia-luxe/vendor/laravel/framework/src/Illuminate/Http/Middleware/HandleCors.php(61): Illuminate\\Pipeline\\Pipeline->{closure:{closure:Illuminate\\Pipeline\\Pipeline::carry():194}:195}()
#50 /var/www/indonesia-luxe/vendor/laravel/framework/src/Illuminate/Pipeline/Pipeline.php(219): Illuminate\\Http\\Middleware\\HandleCors->handle()
#51 /var/www/indonesia-luxe/vendor/laravel/framework/src/Illuminate/Http/Middleware/TrustProxies.php(58): Illuminate\\Pipeline\\Pipeline->{closure:{closure:Illuminate\\Pipeline\\Pipeline::carry():194}:195}()
#52 /var/www/indonesia-luxe/vendor/laravel/framework/src/Illuminate/Pipeline/Pipeline.php(219): Illuminate\\Http\\Middleware\\TrustProxies->handle()
#53 /var/www/indonesia-luxe/vendor/laravel/framework/src/Illuminate/Foundation/Http/Middleware/InvokeDeferredCallbacks.php(22): Illuminate\\Pipeline\\Pipeline->{closure:{closure:Illuminate\\Pipeline\\Pipeline::carry():194}:195}()
#54 /var/www/indonesia-luxe/vendor/laravel/framework/src/Illuminate/Pipeline/Pipeline.php(219): Illuminate\\Foundation\\Http\\Middleware\\InvokeDeferredCallbacks->handle()
#55 /var/www/indonesia-luxe/vendor/laravel/framework/src/Illuminate/Http/Middleware/ValidatePathEncoding.php(26): Illuminate\\Pipeline\\Pipeline->{closure:{closure:Illuminate\\Pipeline\\Pipeline::carry():194}:195}()
#56 /var/www/indonesia-luxe/vendor/laravel/framework/src/Illuminate/Pipeline/Pipeline.php(219): Illuminate\\Http\\Middleware\\ValidatePathEncoding->handle()
#57 /var/www/indonesia-luxe/vendor/laravel/framework/src/Illuminate/Pipeline/Pipeline.php(137): Illuminate\\Pipeline\\Pipeline->{closure:{closure:Illuminate\\Pipeline\\Pipeline::carry():194}:195}()
#58 /var/www/indonesia-luxe/vendor/laravel/framework/src/Illuminate/Foundation/Http/Kernel.php(175): Illuminate\\Pipeline\\Pipeline->then()
#59 /var/www/indonesia-luxe/vendor/laravel/framework/src/Illuminate/Foundation/Http/Kernel.php(144): Illuminate\\Foundation\\Http\\Kernel->sendRequestThroughRouter()
#60 /var/www/indonesia-luxe/vendor/laravel/framework/src/Illuminate/Foundation/Application.php(1220): Illuminate\\Foundation\\Http\\Kernel->handle()
#61 /var/www/indonesia-luxe/public/index.php(20): Illuminate\\Foundation\\Application->handleRequest()
#62 {main}
"} 
[2026-06-11 00:37:44] local.ERROR: Unable to find component: [profile.two-factor-authentication-form] {"exception":"[object] (Livewire\\Exceptions\\ComponentNotFoundException(code: 0): Unable to find component: [profile.two-factor-authentication-form] at /var/www/indonesia-luxe/vendor/livewire/livewire/src/Factory/Factory.php:76)
[stacktrace]
#0 /var/www/indonesia-luxe/vendor/livewire/livewire/src/Factory/Factory.php(88): Livewire\\Factory\\Factory->resolveComponentNameAndClass()
#1 /var/www/indonesia-luxe/vendor/livewire/livewire/src/Features/SupportReleaseTokens/ReleaseToken.php(15): Livewire\\Factory\\Factory->resolveComponentClass()
#2 /var/www/indonesia-luxe/vendor/livewire/livewire/src/Features/SupportReleaseTokens/SupportReleaseTokens.php(20): Livewire\\Features\\SupportReleaseTokens\\ReleaseToken::verify()
#3 /var/www/indonesia-luxe/vendor/livewire/livewire/src/EventBus.php(87): Livewire\\Features\\SupportReleaseTokens\\SupportReleaseTokens::{closure:Livewire\\Features\\SupportReleaseTokens\\SupportReleaseTokens::provide():19}()
#4 /var/www/indonesia-luxe/vendor/livewire/livewire/src/helpers.php(98): Livewire\\EventBus->trigger()
#5 /var/www/indonesia-luxe/vendor/livewire/livewire/src/Mechanisms/HandleComponents/Checksum.php(22): Livewire\\trigger()
#6 /var/www/indonesia-luxe/vendor/livewire/livewire/src/Mechanisms/HandleComponents/HandleComponents.php(244): Livewire\\Mechanisms\\HandleComponents\\Checksum::verify()
#7 /var/www/indonesia-luxe/vendor/livewire/livewire/src/Mechanisms/HandleComponents/HandleComponents.php(210): Livewire\\Mechanisms\\HandleComponents\\HandleComponents->fromSnapshot()
#8 /var/www/indonesia-luxe/vendor/livewire/livewire/src/LivewireManager.php(131): Livewire\\Mechanisms\\HandleComponents\\HandleComponents->update()
#9 /var/www/indonesia-luxe/vendor/livewire/livewire/src/Mechanisms/HandleRequests/HandleRequests.php(156): Livewire\\LivewireManager->update()
#10 /var/www/indonesia-luxe/vendor/laravel/framework/src/Illuminate/Routing/ControllerDispatcher.php(46): Livewire\\Mechanisms\\HandleRequests\\HandleRequests->handleUpdate()
#11 /var/www/indonesia-luxe/vendor/laravel/framework/src/Illuminate/Routing/Route.php(265): Illuminate\\Routing\\ControllerDispatcher->dispatch()
#12 /var/www/indonesia-luxe/vendor/laravel/framework/src/Illuminate/Routing/Route.php(211): Illuminate\\Routing\\Route->runController()
#13 /var/www/indonesia-luxe/vendor/laravel/framework/src/Illuminate/Routing/Router.php(822): Illuminate\\Routing\\Route->run()
#14 /var/www/indonesia-luxe/vendor/laravel/framework/src/Illuminate/Pipeline/Pipeline.php(180): Illuminate\\Routing\\Router->{closure:Illuminate\\Routing\\Router::runRouteWithinStack():821}()
#15 /var/www/indonesia-luxe/vendor/laravel/boost/src/Middleware/InjectBoost.php(22): Illuminate\\Pipeline\\Pipeline->{closure:Illuminate\\Pipeline\\Pipeline::prepareDestination():178}()
#16 /var/www/indonesia-luxe/vendor/laravel/framework/src/Illuminate/Pipeline/Pipeline.php(219): Laravel\\Boost\\Middleware\\InjectBoost->handle()
#17 /var/www/indonesia-luxe/app/Http/Middleware/SetLocale.php(28): Illuminate\\Pipeline\\Pipeline->{closure:{closure:Illuminate\\Pipeline\\Pipeline::carry():194}:195}()
#18 /var/www/indonesia-luxe/vendor/laravel/framework/src/Illuminate/Pipeline/Pipeline.php(219): App\\Http\\Middleware\\SetLocale->handle()
#19 /var/www/indonesia-luxe/vendor/laravel/framework/src/Illuminate/Routing/Middleware/SubstituteBindings.php(50): Illuminate\\Pipeline\\Pipeline->{closure:{closure:Illuminate\\Pipeline\\Pipeline::carry():194}:195}()
#20 /var/www/indonesia-luxe/vendor/laravel/framework/src/Illuminate/Pipeline/Pipeline.php(219): Illuminate\\Routing\\Middleware\\SubstituteBindings->handle()
#21 /var/www/indonesia-luxe/vendor/laravel/framework/src/Illuminate/Foundation/Http/Middleware/VerifyCsrfToken.php(87): Illuminate\\Pipeline\\Pipeline->{closure:{closure:Illuminate\\Pipeline\\Pipeline::carry():194}:195}()
#22 /var/www/indonesia-luxe/vendor/laravel/framework/src/Illuminate/Pipeline/Pipeline.php(219): Illuminate\\Foundation\\Http\\Middleware\\VerifyCsrfToken->handle()
#23 /var/www/indonesia-luxe/vendor/laravel/framework/src/Illuminate/View/Middleware/ShareErrorsFromSession.php(48): Illuminate\\Pipeline\\Pipeline->{closure:{closure:Illuminate\\Pipeline\\Pipeline::carry():194}:195}()
#24 /var/www/indonesia-luxe/vendor/laravel/framework/src/Illuminate/Pipeline/Pipeline.php(219): Illuminate\\View\\Middleware\\ShareErrorsFromSession->handle()
#25 /var/www/indonesia-luxe/vendor/laravel/framework/src/Illuminate/Session/Middleware/StartSession.php(120): Illuminate\\Pipeline\\Pipeline->{closure:{closure:Illuminate\\Pipeline\\Pipeline::carry():194}:195}()
#26 /var/www/indonesia-luxe/vendor/laravel/framework/src/Illuminate/Session/Middleware/StartSession.php(63): Illuminate\\Session\\Middleware\\StartSession->handleStatefulRequest()
#27 /var/www/indonesia-luxe/vendor/laravel/framework/src/Illuminate/Pipeline/Pipeline.php(219): Illuminate\\Session\\Middleware\\StartSession->handle()
#28 /var/www/indonesia-luxe/vendor/laravel/framework/src/Illuminate/Cookie/Middleware/AddQueuedCookiesToResponse.php(36): Illuminate\\Pipeline\\Pipeline->{closure:{closure:Illuminate\\Pipeline\\Pipeline::carry():194}:195}()
#29 /var/www/indonesia-luxe/vendor/laravel/framework/src/Illuminate/Pipeline/Pipeline.php(219): Illuminate\\Cookie\\Middleware\\AddQueuedCookiesToResponse->handle()
#30 /var/www/indonesia-luxe/vendor/laravel/framework/src/Illuminate/Cookie/Middleware/EncryptCookies.php(74): Illuminate\\Pipeline\\Pipeline->{closure:{closure:Illuminate\\Pipeline\\Pipeline::carry():194}:195}()
#31 /var/www/indonesia-luxe/vendor/laravel/framework/src/Illuminate/Pipeline/Pipeline.php(219): Illuminate\\Cookie\\Middleware\\EncryptCookies->handle()
#32 /var/www/indonesia-luxe/vendor/laravel/framework/src/Illuminate/Pipeline/Pipeline.php(137): Illuminate\\Pipeline\\Pipeline->{closure:{closure:Illuminate\\Pipeline\\Pipeline::carry():194}:195}()
#33 /var/www/indonesia-luxe/vendor/laravel/framework/src/Illuminate/Routing/Router.php(821): Illuminate\\Pipeline\\Pipeline->then()
#34 /var/www/indonesia-luxe/vendor/laravel/framework/src/Illuminate/Routing/Router.php(800): Illuminate\\Routing\\Router->runRouteWithinStack()
#35 /var/www/indonesia-luxe/vendor/laravel/framework/src/Illuminate/Routing/Router.php(764): Illuminate\\Routing\\Router->runRoute()
#36 /var/www/indonesia-luxe/vendor/laravel/framework/src/Illuminate/Routing/Router.php(753): Illuminate\\Routing\\Router->dispatchToRoute()
#37 /var/www/indonesia-luxe/vendor/laravel/framework/src/Illuminate/Foundation/Http/Kernel.php(200): Illuminate\\Routing\\Router->dispatch()
#38 /var/www/indonesia-luxe/vendor/laravel/framework/src/Illuminate/Pipeline/Pipeline.php(180): Illuminate\\Foundation\\Http\\Kernel->{closure:Illuminate\\Foundation\\Http\\Kernel::dispatchToRouter():197}()
#39 /var/www/indonesia-luxe/vendor/livewire/livewire/src/Features/SupportDisablingBackButtonCache/DisableBackButtonCacheMiddleware.php(19): Illuminate\\Pipeline\\Pipeline->{closure:Illuminate\\Pipeline\\Pipeline::prepareDestination():178}()
#40 /var/www/indonesia-luxe/vendor/laravel/framework/src/Illuminate/Pipeline/Pipeline.php(219): Livewire\\Features\\SupportDisablingBackButtonCache\\DisableBackButtonCacheMiddleware->handle()
#41 /var/www/indonesia-luxe/vendor/laravel/framework/src/Illuminate/Foundation/Http/Middleware/ConvertEmptyStringsToNull.php(27): Illuminate\\Pipeline\\Pipeline->{closure:{closure:Illuminate\\Pipeline\\Pipeline::carry():194}:195}()
#42 /var/www/indonesia-luxe/vendor/laravel/framework/src/Illuminate/Pipeline/Pipeline.php(219): Illuminate\\Foundation\\Http\\Middleware\\ConvertEmptyStringsToNull->handle()
#43 /var/www/indonesia-luxe/vendor/laravel/framework/src/Illuminate/Foundation/Http/Middleware/TrimStrings.php(47): Illuminate\\Pipeline\\Pipeline->{closure:{closure:Illuminate\\Pipeline\\Pipeline::carry():194}:195}()
#44 /var/www/indonesia-luxe/vendor/laravel/framework/src/Illuminate/Pipeline/Pipeline.php(219): Illuminate\\Foundation\\Http\\Middleware\\TrimStrings->handle()
#45 /var/www/indonesia-luxe/vendor/laravel/framework/src/Illuminate/Http/Middleware/ValidatePostSize.php(27): Illuminate\\Pipeline\\Pipeline->{closure:{closure:Illuminate\\Pipeline\\Pipeline::carry():194}:195}()
#46 /var/www/indonesia-luxe/vendor/laravel/framework/src/Illuminate/Pipeline/Pipeline.php(219): Illuminate\\Http\\Middleware\\ValidatePostSize->handle()
#47 /var/www/indonesia-luxe/vendor/laravel/framework/src/Illuminate/Foundation/Http/Middleware/PreventRequestsDuringMaintenance.php(109): Illuminate\\Pipeline\\Pipeline->{closure:{closure:Illuminate\\Pipeline\\Pipeline::carry():194}:195}()
#48 /var/www/indonesia-luxe/vendor/laravel/framework/src/Illuminate/Pipeline/Pipeline.php(219): Illuminate\\Foundation\\Http\\Middleware\\PreventRequestsDuringMaintenance->handle()
#49 /var/www/indonesia-luxe/vendor/laravel/framework/src/Illuminate/Http/Middleware/HandleCors.php(61): Illuminate\\Pipeline\\Pipeline->{closure:{closure:Illuminate\\Pipeline\\Pipeline::carry():194}:195}()
#50 /var/www/indonesia-luxe/vendor/laravel/framework/src/Illuminate/Pipeline/Pipeline.php(219): Illuminate\\Http\\Middleware\\HandleCors->handle()
#51 /var/www/indonesia-luxe/vendor/laravel/framework/src/Illuminate/Http/Middleware/TrustProxies.php(58): Illuminate\\Pipeline\\Pipeline->{closure:{closure:Illuminate\\Pipeline\\Pipeline::carry():194}:195}()
#52 /var/www/indonesia-luxe/vendor/laravel/framework/src/Illuminate/Pipeline/Pipeline.php(219): Illuminate\\Http\\Middleware\\TrustProxies->handle()
#53 /var/www/indonesia-luxe/vendor/laravel/framework/src/Illuminate/Foundation/Http/Middleware/InvokeDeferredCallbacks.php(22): Illuminate\\Pipeline\\Pipeline->{closure:{closure:Illuminate\\Pipeline\\Pipeline::carry():194}:195}()
#54 /var/www/indonesia-luxe/vendor/laravel/framework/src/Illuminate/Pipeline/Pipeline.php(219): Illuminate\\Foundation\\Http\\Middleware\\InvokeDeferredCallbacks->handle()
#55 /var/www/indonesia-luxe/vendor/laravel/framework/src/Illuminate/Http/Middleware/ValidatePathEncoding.php(26): Illuminate\\Pipeline\\Pipeline->{closure:{closure:Illuminate\\Pipeline\\Pipeline::carry():194}:195}()
#56 /var/www/indonesia-luxe/vendor/laravel/framework/src/Illuminate/Pipeline/Pipeline.php(219): Illuminate\\Http\\Middleware\\ValidatePathEncoding->handle()
#57 /var/www/indonesia-luxe/vendor/laravel/framework/src/Illuminate/Pipeline/Pipeline.php(137): Illuminate\\Pipeline\\Pipeline->{closure:{closure:Illuminate\\Pipeline\\Pipeline::carry():194}:195}()
#58 /var/www/indonesia-luxe/vendor/laravel/framework/src/Illuminate/Foundation/Http/Kernel.php(175): Illuminate\\Pipeline\\Pipeline->then()
#59 /var/www/indonesia-luxe/vendor/laravel/framework/src/Illuminate/Foundation/Http/Kernel.php(144): Illuminate\\Foundation\\Http\\Kernel->sendRequestThroughRouter()
#60 /var/www/indonesia-luxe/vendor/laravel/framework/src/Illuminate/Foundation/Application.php(1220): Illuminate\\Foundation\\Http\\Kernel->handle()
#61 /var/www/indonesia-luxe/public/index.php(20): Illuminate\\Foundation\\Application->handleRequest()
#62 {main}
"} 
[2026-06-11 00:37:45] local.ERROR: Unable to find component: [profile.logout-other-browser-sessions-form] {"exception":"[object] (Livewire\\Exceptions\\ComponentNotFoundException(code: 0): Unable to find component: [profile.logout-other-browser-sessions-form] at /var/www/indonesia-luxe/vendor/livewire/livewire/src/Factory/Factory.php:76)
[stacktrace]
#0 /var/www/indonesia-luxe/vendor/livewire/livewire/src/Factory/Factory.php(88): Livewire\\Factory\\Factory->resolveComponentNameAndClass()
#1 /var/www/indonesia-luxe/vendor/livewire/livewire/src/Features/SupportReleaseTokens/ReleaseToken.php(15): Livewire\\Factory\\Factory->resolveComponentClass()
#2 /var/www/indonesia-luxe/vendor/livewire/livewire/src/Features/SupportReleaseTokens/SupportReleaseTokens.php(20): Livewire\\Features\\SupportReleaseTokens\\ReleaseToken::verify()
#3 /var/www/indonesia-luxe/vendor/livewire/livewire/src/EventBus.php(87): Livewire\\Features\\SupportReleaseTokens\\SupportReleaseTokens::{closure:Livewire\\Features\\SupportReleaseTokens\\SupportReleaseTokens::provide():19}()
#4 /var/www/indonesia-luxe/vendor/livewire/livewire/src/helpers.php(98): Livewire\\EventBus->trigger()
#5 /var/www/indonesia-luxe/vendor/livewire/livewire/src/Mechanisms/HandleComponents/Checksum.php(22): Livewire\\trigger()
#6 /var/www/indonesia-luxe/vendor/livewire/livewire/src/Mechanisms/HandleComponents/HandleComponents.php(244): Livewire\\Mechanisms\\HandleComponents\\Checksum::verify()
#7 /var/www/indonesia-luxe/vendor/livewire/livewire/src/Mechanisms/HandleComponents/HandleComponents.php(210): Livewire\\Mechanisms\\HandleComponents\\HandleComponents->fromSnapshot()
#8 /var/www/indonesia-luxe/vendor/livewire/livewire/src/LivewireManager.php(131): Livewire\\Mechanisms\\HandleComponents\\HandleComponents->update()
#9 /var/www/indonesia-luxe/vendor/livewire/livewire/src/Mechanisms/HandleRequests/HandleRequests.php(156): Livewire\\LivewireManager->update()
#10 /var/www/indonesia-luxe/vendor/laravel/framework/src/Illuminate/Routing/ControllerDispatcher.php(46): Livewire\\Mechanisms\\HandleRequests\\HandleRequests->handleUpdate()
#11 /var/www/indonesia-luxe/vendor/laravel/framework/src/Illuminate/Routing/Route.php(265): Illuminate\\Routing\\ControllerDispatcher->dispatch()
#12 /var/www/indonesia-luxe/vendor/laravel/framework/src/Illuminate/Routing/Route.php(211): Illuminate\\Routing\\Route->runController()
#13 /var/www/indonesia-luxe/vendor/laravel/framework/src/Illuminate/Routing/Router.php(822): Illuminate\\Routing\\Route->run()
#14 /var/www/indonesia-luxe/vendor/laravel/framework/src/Illuminate/Pipeline/Pipeline.php(180): Illuminate\\Routing\\Router->{closure:Illuminate\\Routing\\Router::runRouteWithinStack():821}()
#15 /var/www/indonesia-luxe/vendor/laravel/boost/src/Middleware/InjectBoost.php(22): Illuminate\\Pipeline\\Pipeline->{closure:Illuminate\\Pipeline\\Pipeline::prepareDestination():178}()
#16 /var/www/indonesia-luxe/vendor/laravel/framework/src/Illuminate/Pipeline/Pipeline.php(219): Laravel\\Boost\\Middleware\\InjectBoost->handle()
#17 /var/www/indonesia-luxe/app/Http/Middleware/SetLocale.php(28): Illuminate\\Pipeline\\Pipeline->{closure:{closure:Illuminate\\Pipeline\\Pipeline::carry():194}:195}()
#18 /var/www/indonesia-luxe/vendor/laravel/framework/src/Illuminate/Pipeline/Pipeline.php(219): App\\Http\\Middleware\\SetLocale->handle()
#19 /var/www/indonesia-luxe/vendor/laravel/framework/src/Illuminate/Routing/Middleware/SubstituteBindings.php(50): Illuminate\\Pipeline\\Pipeline->{closure:{closure:Illuminate\\Pipeline\\Pipeline::carry():194}:195}()
#20 /var/www/indonesia-luxe/vendor/laravel/framework/src/Illuminate/Pipeline/Pipeline.php(219): Illuminate\\Routing\\Middleware\\SubstituteBindings->handle()
#21 /var/www/indonesia-luxe/vendor/laravel/framework/src/Illuminate/Foundation/Http/Middleware/VerifyCsrfToken.php(87): Illuminate\\Pipeline\\Pipeline->{closure:{closure:Illuminate\\Pipeline\\Pipeline::carry():194}:195}()
#22 /var/www/indonesia-luxe/vendor/laravel/framework/src/Illuminate/Pipeline/Pipeline.php(219): Illuminate\\Foundation\\Http\\Middleware\\VerifyCsrfToken->handle()
#23 /var/www/indonesia-luxe/vendor/laravel/framework/src/Illuminate/View/Middleware/ShareErrorsFromSession.php(48): Illuminate\\Pipeline\\Pipeline->{closure:{closure:Illuminate\\Pipeline\\Pipeline::carry():194}:195}()
#24 /var/www/indonesia-luxe/vendor/laravel/framework/src/Illuminate/Pipeline/Pipeline.php(219): Illuminate\\View\\Middleware\\ShareErrorsFromSession->handle()
#25 /var/www/indonesia-luxe/vendor/laravel/framework/src/Illuminate/Session/Middleware/StartSession.php(120): Illuminate\\Pipeline\\Pipeline->{closure:{closure:Illuminate\\Pipeline\\Pipeline::carry():194}:195}()
#26 /var/www/indonesia-luxe/vendor/laravel/framework/src/Illuminate/Session/Middleware/StartSession.php(63): Illuminate\\Session\\Middleware\\StartSession->handleStatefulRequest()
#27 /var/www/indonesia-luxe/vendor/laravel/framework/src/Illuminate/Pipeline/Pipeline.php(219): Illuminate\\Session\\Middleware\\StartSession->handle()
#28 /var/www/indonesia-luxe/vendor/laravel/framework/src/Illuminate/Cookie/Middleware/AddQueuedCookiesToResponse.php(36): Illuminate\\Pipeline\\Pipeline->{closure:{closure:Illuminate\\Pipeline\\Pipeline::carry():194}:195}()
#29 /var/www/indonesia-luxe/vendor/laravel/framework/src/Illuminate/Pipeline/Pipeline.php(219): Illuminate\\Cookie\\Middleware\\AddQueuedCookiesToResponse->handle()
#30 /var/www/indonesia-luxe/vendor/laravel/framework/src/Illuminate/Cookie/Middleware/EncryptCookies.php(74): Illuminate\\Pipeline\\Pipeline->{closure:{closure:Illuminate\\Pipeline\\Pipeline::carry():194}:195}()
#31 /var/www/indonesia-luxe/vendor/laravel/framework/src/Illuminate/Pipeline/Pipeline.php(219): Illuminate\\Cookie\\Middleware\\EncryptCookies->handle()
#32 /var/www/indonesia-luxe/vendor/laravel/framework/src/Illuminate/Pipeline/Pipeline.php(137): Illuminate\\Pipeline\\Pipeline->{closure:{closure:Illuminate\\Pipeline\\Pipeline::carry():194}:195}()
#33 /var/www/indonesia-luxe/vendor/laravel/framework/src/Illuminate/Routing/Router.php(821): Illuminate\\Pipeline\\Pipeline->then()
#34 /var/www/indonesia-luxe/vendor/laravel/framework/src/Illuminate/Routing/Router.php(800): Illuminate\\Routing\\Router->runRouteWithinStack()
#35 /var/www/indonesia-luxe/vendor/laravel/framework/src/Illuminate/Routing/Router.php(764): Illuminate\\Routing\\Router->runRoute()
#36 /var/www/indonesia-luxe/vendor/laravel/framework/src/Illuminate/Routing/Router.php(753): Illuminate\\Routing\\Router->dispatchToRoute()
#37 /var/www/indonesia-luxe/vendor/laravel/framework/src/Illuminate/Foundation/Http/Kernel.php(200): Illuminate\\Routing\\Router->dispatch()
#38 /var/www/indonesia-luxe/vendor/laravel/framework/src/Illuminate/Pipeline/Pipeline.php(180): Illuminate\\Foundation\\Http\\Kernel->{closure:Illuminate\\Foundation\\Http\\Kernel::dispatchToRouter():197}()
#39 /var/www/indonesia-luxe/vendor/livewire/livewire/src/Features/SupportDisablingBackButtonCache/DisableBackButtonCacheMiddleware.php(19): Illuminate\\Pipeline\\Pipeline->{closure:Illuminate\\Pipeline\\Pipeline::prepareDestination():178}()
#40 /var/www/indonesia-luxe/vendor/laravel/framework/src/Illuminate/Pipeline/Pipeline.php(219): Livewire\\Features\\SupportDisablingBackButtonCache\\DisableBackButtonCacheMiddleware->handle()
#41 /var/www/indonesia-luxe/vendor/laravel/framework/src/Illuminate/Foundation/Http/Middleware/ConvertEmptyStringsToNull.php(27): Illuminate\\Pipeline\\Pipeline->{closure:{closure:Illuminate\\Pipeline\\Pipeline::carry():194}:195}()
#42 /var/www/indonesia-luxe/vendor/laravel/framework/src/Illuminate/Pipeline/Pipeline.php(219): Illuminate\\Foundation\\Http\\Middleware\\ConvertEmptyStringsToNull->handle()
#43 /var/www/indonesia-luxe/vendor/laravel/framework/src/Illuminate/Foundation/Http/Middleware/TrimStrings.php(47): Illuminate\\Pipeline\\Pipeline->{closure:{closure:Illuminate\\Pipeline\\Pipeline::carry():194}:195}()
#44 /var/www/indonesia-luxe/vendor/laravel/framework/src/Illuminate/Pipeline/Pipeline.php(219): Illuminate\\Foundation\\Http\\Middleware\\TrimStrings->handle()
#45 /var/www/indonesia-luxe/vendor/laravel/framework/src/Illuminate/Http/Middleware/ValidatePostSize.php(27): Illuminate\\Pipeline\\Pipeline->{closure:{closure:Illuminate\\Pipeline\\Pipeline::carry():194}:195}()
#46 /var/www/indonesia-luxe/vendor/laravel/framework/src/Illuminate/Pipeline/Pipeline.php(219): Illuminate\\Http\\Middleware\\ValidatePostSize->handle()
#47 /var/www/indonesia-luxe/vendor/laravel/framework/src/Illuminate/Foundation/Http/Middleware/PreventRequestsDuringMaintenance.php(109): Illuminate\\Pipeline\\Pipeline->{closure:{closure:Illuminate\\Pipeline\\Pipeline::carry():194}:195}()
#48 /var/www/indonesia-luxe/vendor/laravel/framework/src/Illuminate/Pipeline/Pipeline.php(219): Illuminate\\Foundation\\Http\\Middleware\\PreventRequestsDuringMaintenance->handle()
#49 /var/www/indonesia-luxe/vendor/laravel/framework/src/Illuminate/Http/Middleware/HandleCors.php(61): Illuminate\\Pipeline\\Pipeline->{closure:{closure:Illuminate\\Pipeline\\Pipeline::carry():194}:195}()
#50 /var/www/indonesia-luxe/vendor/laravel/framework/src/Illuminate/Pipeline/Pipeline.php(219): Illuminate\\Http\\Middleware\\HandleCors->handle()
#51 /var/www/indonesia-luxe/vendor/laravel/framework/src/Illuminate/Http/Middleware/TrustProxies.php(58): Illuminate\\Pipeline\\Pipeline->{closure:{closure:Illuminate\\Pipeline\\Pipeline::carry():194}:195}()
#52 /var/www/indonesia-luxe/vendor/laravel/framework/src/Illuminate/Pipeline/Pipeline.php(219): Illuminate\\Http\\Middleware\\TrustProxies->handle()
#53 /var/www/indonesia-luxe/vendor/laravel/framework/src/Illuminate/Foundation/Http/Middleware/InvokeDeferredCallbacks.php(22): Illuminate\\Pipeline\\Pipeline->{closure:{closure:Illuminate\\Pipeline\\Pipeline::carry():194}:195}()
#54 /var/www/indonesia-luxe/vendor/laravel/framework/src/Illuminate/Pipeline/Pipeline.php(219): Illuminate\\Foundation\\Http\\Middleware\\InvokeDeferredCallbacks->handle()
#55 /var/www/indonesia-luxe/vendor/laravel/framework/src/Illuminate/Http/Middleware/ValidatePathEncoding.php(26): Illuminate\\Pipeline\\Pipeline->{closure:{closure:Illuminate\\Pipeline\\Pipeline::carry():194}:195}()
#56 /var/www/indonesia-luxe/vendor/laravel/framework/src/Illuminate/Pipeline/Pipeline.php(219): Illuminate\\Http\\Middleware\\ValidatePathEncoding->handle()
#57 /var/www/indonesia-luxe/vendor/laravel/framework/src/Illuminate/Pipeline/Pipeline.php(137): Illuminate\\Pipeline\\Pipeline->{closure:{closure:Illuminate\\Pipeline\\Pipeline::carry():194}:195}()
#58 /var/www/indonesia-luxe/vendor/laravel/framework/src/Illuminate/Foundation/Http/Kernel.php(175): Illuminate\\Pipeline\\Pipeline->then()
#59 /var/www/indonesia-luxe/vendor/laravel/framework/src/Illuminate/Foundation/Http/Kernel.php(144): Illuminate\\Foundation\\Http\\Kernel->sendRequestThroughRouter()
#60 /var/www/indonesia-luxe/vendor/laravel/framework/src/Illuminate/Foundation/Application.php(1220): Illuminate\\Foundation\\Http\\Kernel->handle()
#61 /var/www/indonesia-luxe/public/index.php(20): Illuminate\\Foundation\\Application->handleRequest()
#62 {main}
"} 
[2026-06-11 00:37:45] local.ERROR: Unable to find component: [profile.logout-other-browser-sessions-form] {"exception":"[object] (Livewire\\Exceptions\\ComponentNotFoundException(code: 0): Unable to find component: [profile.logout-other-browser-sessions-form] at /var/www/indonesia-luxe/vendor/livewire/livewire/src/Factory/Factory.php:76)
[stacktrace]
#0 /var/www/indonesia-luxe/vendor/livewire/livewire/src/Factory/Factory.php(88): Livewire\\Factory\\Factory->resolveComponentNameAndClass()
#1 /var/www/indonesia-luxe/vendor/livewire/livewire/src/Features/SupportReleaseTokens/ReleaseToken.php(15): Livewire\\Factory\\Factory->resolveComponentClass()
#2 /var/www/indonesia-luxe/vendor/livewire/livewire/src/Features/SupportReleaseTokens/SupportReleaseTokens.php(20): Livewire\\Features\\SupportReleaseTokens\\ReleaseToken::verify()
#3 /var/www/indonesia-luxe/vendor/livewire/livewire/src/EventBus.php(87): Livewire\\Features\\SupportReleaseTokens\\SupportReleaseTokens::{closure:Livewire\\Features\\SupportReleaseTokens\\SupportReleaseTokens::provide():19}()
#4 /var/www/indonesia-luxe/vendor/livewire/livewire/src/helpers.php(98): Livewire\\EventBus->trigger()
#5 /var/www/indonesia-luxe/vendor/livewire/livewire/src/Mechanisms/HandleComponents/Checksum.php(22): Livewire\\trigger()
#6 /var/www/indonesia-luxe/vendor/livewire/livewire/src/Mechanisms/HandleComponents/HandleComponents.php(244): Livewire\\Mechanisms\\HandleComponents\\Checksum::verify()
#7 /var/www/indonesia-luxe/vendor/livewire/livewire/src/Mechanisms/HandleComponents/HandleComponents.php(210): Livewire\\Mechanisms\\HandleComponents\\HandleComponents->fromSnapshot()
#8 /var/www/indonesia-luxe/vendor/livewire/livewire/src/LivewireManager.php(131): Livewire\\Mechanisms\\HandleComponents\\HandleComponents->update()
#9 /var/www/indonesia-luxe/vendor/livewire/livewire/src/Mechanisms/HandleRequests/HandleRequests.php(156): Livewire\\LivewireManager->update()
#10 /var/www/indonesia-luxe/vendor/laravel/framework/src/Illuminate/Routing/ControllerDispatcher.php(46): Livewire\\Mechanisms\\HandleRequests\\HandleRequests->handleUpdate()
#11 /var/www/indonesia-luxe/vendor/laravel/framework/src/Illuminate/Routing/Route.php(265): Illuminate\\Routing\\ControllerDispatcher->dispatch()
#12 /var/www/indonesia-luxe/vendor/laravel/framework/src/Illuminate/Routing/Route.php(211): Illuminate\\Routing\\Route->runController()
#13 /var/www/indonesia-luxe/vendor/laravel/framework/src/Illuminate/Routing/Router.php(822): Illuminate\\Routing\\Route->run()
#14 /var/www/indonesia-luxe/vendor/laravel/framework/src/Illuminate/Pipeline/Pipeline.php(180): Illuminate\\Routing\\Router->{closure:Illuminate\\Routing\\Router::runRouteWithinStack():821}()
#15 /var/www/indonesia-luxe/vendor/laravel/boost/src/Middleware/InjectBoost.php(22): Illuminate\\Pipeline\\Pipeline->{closure:Illuminate\\Pipeline\\Pipeline::prepareDestination():178}()
#16 /var/www/indonesia-luxe/vendor/laravel/framework/src/Illuminate/Pipeline/Pipeline.php(219): Laravel\\Boost\\Middleware\\InjectBoost->handle()
#17 /var/www/indonesia-luxe/app/Http/Middleware/SetLocale.php(28): Illuminate\\Pipeline\\Pipeline->{closure:{closure:Illuminate\\Pipeline\\Pipeline::carry():194}:195}()
#18 /var/www/indonesia-luxe/vendor/laravel/framework/src/Illuminate/Pipeline/Pipeline.php(219): App\\Http\\Middleware\\SetLocale->handle()
#19 /var/www/indonesia-luxe/vendor/laravel/framework/src/Illuminate/Routing/Middleware/SubstituteBindings.php(50): Illuminate\\Pipeline\\Pipeline->{closure:{closure:Illuminate\\Pipeline\\Pipeline::carry():194}:195}()
#20 /var/www/indonesia-luxe/vendor/laravel/framework/src/Illuminate/Pipeline/Pipeline.php(219): Illuminate\\Routing\\Middleware\\SubstituteBindings->handle()
#21 /var/www/indonesia-luxe/vendor/laravel/framework/src/Illuminate/Foundation/Http/Middleware/VerifyCsrfToken.php(87): Illuminate\\Pipeline\\Pipeline->{closure:{closure:Illuminate\\Pipeline\\Pipeline::carry():194}:195}()
#22 /var/www/indonesia-luxe/vendor/laravel/framework/src/Illuminate/Pipeline/Pipeline.php(219): Illuminate\\Foundation\\Http\\Middleware\\VerifyCsrfToken->handle()
#23 /var/www/indonesia-luxe/vendor/laravel/framework/src/Illuminate/View/Middleware/ShareErrorsFromSession.php(48): Illuminate\\Pipeline\\Pipeline->{closure:{closure:Illuminate\\Pipeline\\Pipeline::carry():194}:195}()
#24 /var/www/indonesia-luxe/vendor/laravel/framework/src/Illuminate/Pipeline/Pipeline.php(219): Illuminate\\View\\Middleware\\ShareErrorsFromSession->handle()
#25 /var/www/indonesia-luxe/vendor/laravel/framework/src/Illuminate/Session/Middleware/StartSession.php(120): Illuminate\\Pipeline\\Pipeline->{closure:{closure:Illuminate\\Pipeline\\Pipeline::carry():194}:195}()
#26 /var/www/indonesia-luxe/vendor/laravel/framework/src/Illuminate/Session/Middleware/StartSession.php(63): Illuminate\\Session\\Middleware\\StartSession->handleStatefulRequest()
#27 /var/www/indonesia-luxe/vendor/laravel/framework/src/Illuminate/Pipeline/Pipeline.php(219): Illuminate\\Session\\Middleware\\StartSession->handle()
#28 /var/www/indonesia-luxe/vendor/laravel/framework/src/Illuminate/Cookie/Middleware/AddQueuedCookiesToResponse.php(36): Illuminate\\Pipeline\\Pipeline->{closure:{closure:Illuminate\\Pipeline\\Pipeline::carry():194}:195}()
#29 /var/www/indonesia-luxe/vendor/laravel/framework/src/Illuminate/Pipeline/Pipeline.php(219): Illuminate\\Cookie\\Middleware\\AddQueuedCookiesToResponse->handle()
#30 /var/www/indonesia-luxe/vendor/laravel/framework/src/Illuminate/Cookie/Middleware/EncryptCookies.php(74): Illuminate\\Pipeline\\Pipeline->{closure:{closure:Illuminate\\Pipeline\\Pipeline::carry():194}:195}()
#31 /var/www/indonesia-luxe/vendor/laravel/framework/src/Illuminate/Pipeline/Pipeline.php(219): Illuminate\\Cookie\\Middleware\\EncryptCookies->handle()
#32 /var/www/indonesia-luxe/vendor/laravel/framework/src/Illuminate/Pipeline/Pipeline.php(137): Illuminate\\Pipeline\\Pipeline->{closure:{closure:Illuminate\\Pipeline\\Pipeline::carry():194}:195}()
#33 /var/www/indonesia-luxe/vendor/laravel/framework/src/Illuminate/Routing/Router.php(821): Illuminate\\Pipeline\\Pipeline->then()
#34 /var/www/indonesia-luxe/vendor/laravel/framework/src/Illuminate/Routing/Router.php(800): Illuminate\\Routing\\Router->runRouteWithinStack()
#35 /var/www/indonesia-luxe/vendor/laravel/framework/src/Illuminate/Routing/Router.php(764): Illuminate\\Routing\\Router->runRoute()
#36 /var/www/indonesia-luxe/vendor/laravel/framework/src/Illuminate/Routing/Router.php(753): Illuminate\\Routing\\Router->dispatchToRoute()
#37 /var/www/indonesia-luxe/vendor/laravel/framework/src/Illuminate/Foundation/Http/Kernel.php(200): Illuminate\\Routing\\Router->dispatch()
#38 /var/www/indonesia-luxe/vendor/laravel/framework/src/Illuminate/Pipeline/Pipeline.php(180): Illuminate\\Foundation\\Http\\Kernel->{closure:Illuminate\\Foundation\\Http\\Kernel::dispatchToRouter():197}()
#39 /var/www/indonesia-luxe/vendor/livewire/livewire/src/Features/SupportDisablingBackButtonCache/DisableBackButtonCacheMiddleware.php(19): Illuminate\\Pipeline\\Pipeline->{closure:Illuminate\\Pipeline\\Pipeline::prepareDestination():178}()
#40 /var/www/indonesia-luxe/vendor/laravel/framework/src/Illuminate/Pipeline/Pipeline.php(219): Livewire\\Features\\SupportDisablingBackButtonCache\\DisableBackButtonCacheMiddleware->handle()
#41 /var/www/indonesia-luxe/vendor/laravel/framework/src/Illuminate/Foundation/Http/Middleware/ConvertEmptyStringsToNull.php(27): Illuminate\\Pipeline\\Pipeline->{closure:{closure:Illuminate\\Pipeline\\Pipeline::carry():194}:195}()
#42 /var/www/indonesia-luxe/vendor/laravel/framework/src/Illuminate/Pipeline/Pipeline.php(219): Illuminate\\Foundation\\Http\\Middleware\\ConvertEmptyStringsToNull->handle()
#43 /var/www/indonesia-luxe/vendor/laravel/framework/src/Illuminate/Foundation/Http/Middleware/TrimStrings.php(47): Illuminate\\Pipeline\\Pipeline->{closure:{closure:Illuminate\\Pipeline\\Pipeline::carry():194}:195}()
#44 /var/www/indonesia-luxe/vendor/laravel/framework/src/Illuminate/Pipeline/Pipeline.php(219): Illuminate\\Foundation\\Http\\Middleware\\TrimStrings->handle()
#45 /var/www/indonesia-luxe/vendor/laravel/framework/src/Illuminate/Http/Middleware/ValidatePostSize.php(27): Illuminate\\Pipeline\\Pipeline->{closure:{closure:Illuminate\\Pipeline\\Pipeline::carry():194}:195}()
#46 /var/www/indonesia-luxe/vendor/laravel/framework/src/Illuminate/Pipeline/Pipeline.php(219): Illuminate\\Http\\Middleware\\ValidatePostSize->handle()
#47 /var/www/indonesia-luxe/vendor/laravel/framework/src/Illuminate/Foundation/Http/Middleware/PreventRequestsDuringMaintenance.php(109): Illuminate\\Pipeline\\Pipeline->{closure:{closure:Illuminate\\Pipeline\\Pipeline::carry():194}:195}()
#48 /var/www/indonesia-luxe/vendor/laravel/framework/src/Illuminate/Pipeline/Pipeline.php(219): Illuminate\\Foundation\\Http\\Middleware\\PreventRequestsDuringMaintenance->handle()
#49 /var/www/indonesia-luxe/vendor/laravel/framework/src/Illuminate/Http/Middleware/HandleCors.php(61): Illuminate\\Pipeline\\Pipeline->{closure:{closure:Illuminate\\Pipeline\\Pipeline::carry():194}:195}()
#50 /var/www/indonesia-luxe/vendor/laravel/framework/src/Illuminate/Pipeline/Pipeline.php(219): Illuminate\\Http\\Middleware\\HandleCors->handle()
#51 /var/www/indonesia-luxe/vendor/laravel/framework/src/Illuminate/Http/Middleware/TrustProxies.php(58): Illuminate\\Pipeline\\Pipeline->{closure:{closure:Illuminate\\Pipeline\\Pipeline::carry():194}:195}()
#52 /var/www/indonesia-luxe/vendor/laravel/framework/src/Illuminate/Pipeline/Pipeline.php(219): Illuminate\\Http\\Middleware\\TrustProxies->handle()
#53 /var/www/indonesia-luxe/vendor/laravel/framework/src/Illuminate/Foundation/Http/Middleware/InvokeDeferredCallbacks.php(22): Illuminate\\Pipeline\\Pipeline->{closure:{closure:Illuminate\\Pipeline\\Pipeline::carry():194}:195}()
#54 /var/www/indonesia-luxe/vendor/laravel/framework/src/Illuminate/Pipeline/Pipeline.php(219): Illuminate\\Foundation\\Http\\Middleware\\InvokeDeferredCallbacks->handle()
#55 /var/www/indonesia-luxe/vendor/laravel/framework/src/Illuminate/Http/Middleware/ValidatePathEncoding.php(26): Illuminate\\Pipeline\\Pipeline->{closure:{closure:Illuminate\\Pipeline\\Pipeline::carry():194}:195}()
#56 /var/www/indonesia-luxe/vendor/laravel/framework/src/Illuminate/Pipeline/Pipeline.php(219): Illuminate\\Http\\Middleware\\ValidatePathEncoding->handle()
#57 /var/www/indonesia-luxe/vendor/laravel/framework/src/Illuminate/Pipeline/Pipeline.php(137): Illuminate\\Pipeline\\Pipeline->{closure:{closure:Illuminate\\Pipeline\\Pipeline::carry():194}:195}()
#58 /var/www/indonesia-luxe/vendor/laravel/framework/src/Illuminate/Foundation/Http/Kernel.php(175): Illuminate\\Pipeline\\Pipeline->then()
#59 /var/www/indonesia-luxe/vendor/laravel/framework/src/Illuminate/Foundation/Http/Kernel.php(144): Illuminate\\Foundation\\Http\\Kernel->sendRequestThroughRouter()
#60 /var/www/indonesia-luxe/vendor/laravel/framework/src/Illuminate/Foundation/Application.php(1220): Illuminate\\Foundation\\Http\\Kernel->handle()
#61 /var/www/indonesia-luxe/public/index.php(20): Illuminate\\Foundation\\Application->handleRequest()
#62 {main}
"} 
[2026-06-11 00:37:45] local.ERROR: Unable to find component: [profile.delete-user-form] {"exception":"[object] (Livewire\\Exceptions\\ComponentNotFoundException(code: 0): Unable to find component: [profile.delete-user-form] at /var/www/indonesia-luxe/vendor/livewire/livewire/src/Factory/Factory.php:76)
[stacktrace]
#0 /var/www/indonesia-luxe/vendor/livewire/livewire/src/Factory/Factory.php(88): Livewire\\Factory\\Factory->resolveComponentNameAndClass()
#1 /var/www/indonesia-luxe/vendor/livewire/livewire/src/Features/SupportReleaseTokens/ReleaseToken.php(15): Livewire\\Factory\\Factory->resolveComponentClass()
#2 /var/www/indonesia-luxe/vendor/livewire/livewire/src/Features/SupportReleaseTokens/SupportReleaseTokens.php(20): Livewire\\Features\\SupportReleaseTokens\\ReleaseToken::verify()
#3 /var/www/indonesia-luxe/vendor/livewire/livewire/src/EventBus.php(87): Livewire\\Features\\SupportReleaseTokens\\SupportReleaseTokens::{closure:Livewire\\Features\\SupportReleaseTokens\\SupportReleaseTokens::provide():19}()
#4 /var/www/indonesia-luxe/vendor/livewire/livewire/src/helpers.php(98): Livewire\\EventBus->trigger()
#5 /var/www/indonesia-luxe/vendor/livewire/livewire/src/Mechanisms/HandleComponents/Checksum.php(22): Livewire\\trigger()
#6 /var/www/indonesia-luxe/vendor/livewire/livewire/src/Mechanisms/HandleComponents/HandleComponents.php(244): Livewire\\Mechanisms\\HandleComponents\\Checksum::verify()
#7 /var/www/indonesia-luxe/vendor/livewire/livewire/src/Mechanisms/HandleComponents/HandleComponents.php(210): Livewire\\Mechanisms\\HandleComponents\\HandleComponents->fromSnapshot()
#8 /var/www/indonesia-luxe/vendor/livewire/livewire/src/LivewireManager.php(131): Livewire\\Mechanisms\\HandleComponents\\HandleComponents->update()
#9 /var/www/indonesia-luxe/vendor/livewire/livewire/src/Mechanisms/HandleRequests/HandleRequests.php(156): Livewire\\LivewireManager->update()
#10 /var/www/indonesia-luxe/vendor/laravel/framework/src/Illuminate/Routing/ControllerDispatcher.php(46): Livewire\\Mechanisms\\HandleRequests\\HandleRequests->handleUpdate()
#11 /var/www/indonesia-luxe/vendor/laravel/framework/src/Illuminate/Routing/Route.php(265): Illuminate\\Routing\\ControllerDispatcher->dispatch()
#12 /var/www/indonesia-luxe/vendor/laravel/framework/src/Illuminate/Routing/Route.php(211): Illuminate\\Routing\\Route->runController()
#13 /var/www/indonesia-luxe/vendor/laravel/framework/src/Illuminate/Routing/Router.php(822): Illuminate\\Routing\\Route->run()
#14 /var/www/indonesia-luxe/vendor/laravel/framework/src/Illuminate/Pipeline/Pipeline.php(180): Illuminate\\Routing\\Router->{closure:Illuminate\\Routing\\Router::runRouteWithinStack():821}()
#15 /var/www/indonesia-luxe/vendor/laravel/boost/src/Middleware/InjectBoost.php(22): Illuminate\\Pipeline\\Pipeline->{closure:Illuminate\\Pipeline\\Pipeline::prepareDestination():178}()
#16 /var/www/indonesia-luxe/vendor/laravel/framework/src/Illuminate/Pipeline/Pipeline.php(219): Laravel\\Boost\\Middleware\\InjectBoost->handle()
#17 /var/www/indonesia-luxe/app/Http/Middleware/SetLocale.php(28): Illuminate\\Pipeline\\Pipeline->{closure:{closure:Illuminate\\Pipeline\\Pipeline::carry():194}:195}()
#18 /var/www/indonesia-luxe/vendor/laravel/framework/src/Illuminate/Pipeline/Pipeline.php(219): App\\Http\\Middleware\\SetLocale->handle()
#19 /var/www/indonesia-luxe/vendor/laravel/framework/src/Illuminate/Routing/Middleware/SubstituteBindings.php(50): Illuminate\\Pipeline\\Pipeline->{closure:{closure:Illuminate\\Pipeline\\Pipeline::carry():194}:195}()
#20 /var/www/indonesia-luxe/vendor/laravel/framework/src/Illuminate/Pipeline/Pipeline.php(219): Illuminate\\Routing\\Middleware\\SubstituteBindings->handle()
#21 /var/www/indonesia-luxe/vendor/laravel/framework/src/Illuminate/Foundation/Http/Middleware/VerifyCsrfToken.php(87): Illuminate\\Pipeline\\Pipeline->{closure:{closure:Illuminate\\Pipeline\\Pipeline::carry():194}:195}()
#22 /var/www/indonesia-luxe/vendor/laravel/framework/src/Illuminate/Pipeline/Pipeline.php(219): Illuminate\\Foundation\\Http\\Middleware\\VerifyCsrfToken->handle()
#23 /var/www/indonesia-luxe/vendor/laravel/framework/src/Illuminate/View/Middleware/ShareErrorsFromSession.php(48): Illuminate\\Pipeline\\Pipeline->{closure:{closure:Illuminate\\Pipeline\\Pipeline::carry():194}:195}()
#24 /var/www/indonesia-luxe/vendor/laravel/framework/src/Illuminate/Pipeline/Pipeline.php(219): Illuminate\\View\\Middleware\\ShareErrorsFromSession->handle()
#25 /var/www/indonesia-luxe/vendor/laravel/framework/src/Illuminate/Session/Middleware/StartSession.php(120): Illuminate\\Pipeline\\Pipeline->{closure:{closure:Illuminate\\Pipeline\\Pipeline::carry():194}:195}()
#26 /var/www/indonesia-luxe/vendor/laravel/framework/src/Illuminate/Session/Middleware/StartSession.php(63): Illuminate\\Session\\Middleware\\StartSession->handleStatefulRequest()
#27 /var/www/indonesia-luxe/vendor/laravel/framework/src/Illuminate/Pipeline/Pipeline.php(219): Illuminate\\Session\\Middleware\\StartSession->handle()
#28 /var/www/indonesia-luxe/vendor/laravel/framework/src/Illuminate/Cookie/Middleware/AddQueuedCookiesToResponse.php(36): Illuminate\\Pipeline\\Pipeline->{closure:{closure:Illuminate\\Pipeline\\Pipeline::carry():194}:195}()
#29 /var/www/indonesia-luxe/vendor/laravel/framework/src/Illuminate/Pipeline/Pipeline.php(219): Illuminate\\Cookie\\Middleware\\AddQueuedCookiesToResponse->handle()
#30 /var/www/indonesia-luxe/vendor/laravel/framework/src/Illuminate/Cookie/Middleware/EncryptCookies.php(74): Illuminate\\Pipeline\\Pipeline->{closure:{closure:Illuminate\\Pipeline\\Pipeline::carry():194}:195}()
#31 /var/www/indonesia-luxe/vendor/laravel/framework/src/Illuminate/Pipeline/Pipeline.php(219): Illuminate\\Cookie\\Middleware\\EncryptCookies->handle()
#32 /var/www/indonesia-luxe/vendor/laravel/framework/src/Illuminate/Pipeline/Pipeline.php(137): Illuminate\\Pipeline\\Pipeline->{closure:{closure:Illuminate\\Pipeline\\Pipeline::carry():194}:195}()
#33 /var/www/indonesia-luxe/vendor/laravel/framework/src/Illuminate/Routing/Router.php(821): Illuminate\\Pipeline\\Pipeline->then()
#34 /var/www/indonesia-luxe/vendor/laravel/framework/src/Illuminate/Routing/Router.php(800): Illuminate\\Routing\\Router->runRouteWithinStack()
#35 /var/www/indonesia-luxe/vendor/laravel/framework/src/Illuminate/Routing/Router.php(764): Illuminate\\Routing\\Router->runRoute()
#36 /var/www/indonesia-luxe/vendor/laravel/framework/src/Illuminate/Routing/Router.php(753): Illuminate\\Routing\\Router->dispatchToRoute()
#37 /var/www/indonesia-luxe/vendor/laravel/framework/src/Illuminate/Foundation/Http/Kernel.php(200): Illuminate\\Routing\\Router->dispatch()
#38 /var/www/indonesia-luxe/vendor/laravel/framework/src/Illuminate/Pipeline/Pipeline.php(180): Illuminate\\Foundation\\Http\\Kernel->{closure:Illuminate\\Foundation\\Http\\Kernel::dispatchToRouter():197}()
#39 /var/www/indonesia-luxe/vendor/livewire/livewire/src/Features/SupportDisablingBackButtonCache/DisableBackButtonCacheMiddleware.php(19): Illuminate\\Pipeline\\Pipeline->{closure:Illuminate\\Pipeline\\Pipeline::prepareDestination():178}()
#40 /var/www/indonesia-luxe/vendor/laravel/framework/src/Illuminate/Pipeline/Pipeline.php(219): Livewire\\Features\\SupportDisablingBackButtonCache\\DisableBackButtonCacheMiddleware->handle()
#41 /var/www/indonesia-luxe/vendor/laravel/framework/src/Illuminate/Foundation/Http/Middleware/ConvertEmptyStringsToNull.php(27): Illuminate\\Pipeline\\Pipeline->{closure:{closure:Illuminate\\Pipeline\\Pipeline::carry():194}:195}()
#42 /var/www/indonesia-luxe/vendor/laravel/framework/src/Illuminate/Pipeline/Pipeline.php(219): Illuminate\\Foundation\\Http\\Middleware\\ConvertEmptyStringsToNull->handle()
#43 /var/www/indonesia-luxe/vendor/laravel/framework/src/Illuminate/Foundation/Http/Middleware/TrimStrings.php(47): Illuminate\\Pipeline\\Pipeline->{closure:{closure:Illuminate\\Pipeline\\Pipeline::carry():194}:195}()
#44 /var/www/indonesia-luxe/vendor/laravel/framework/src/Illuminate/Pipeline/Pipeline.php(219): Illuminate\\Foundation\\Http\\Middleware\\TrimStrings->handle()
#45 /var/www/indonesia-luxe/vendor/laravel/framework/src/Illuminate/Http/Middleware/ValidatePostSize.php(27): Illuminate\\Pipeline\\Pipeline->{closure:{closure:Illuminate\\Pipeline\\Pipeline::carry():194}:195}()
#46 /var/www/indonesia-luxe/vendor/laravel/framework/src/Illuminate/Pipeline/Pipeline.php(219): Illuminate\\Http\\Middleware\\ValidatePostSize->handle()
#47 /var/www/indonesia-luxe/vendor/laravel/framework/src/Illuminate/Foundation/Http/Middleware/PreventRequestsDuringMaintenance.php(109): Illuminate\\Pipeline\\Pipeline->{closure:{closure:Illuminate\\Pipeline\\Pipeline::carry():194}:195}()
#48 /var/www/indonesia-luxe/vendor/laravel/framework/src/Illuminate/Pipeline/Pipeline.php(219): Illuminate\\Foundation\\Http\\Middleware\\PreventRequestsDuringMaintenance->handle()
#49 /var/www/indonesia-luxe/vendor/laravel/framework/src/Illuminate/Http/Middleware/HandleCors.php(61): Illuminate\\Pipeline\\Pipeline->{closure:{closure:Illuminate\\Pipeline\\Pipeline::carry():194}:195}()
#50 /var/www/indonesia-luxe/vendor/laravel/framework/src/Illuminate/Pipeline/Pipeline.php(219): Illuminate\\Http\\Middleware\\HandleCors->handle()
#51 /var/www/indonesia-luxe/vendor/laravel/framework/src/Illuminate/Http/Middleware/TrustProxies.php(58): Illuminate\\Pipeline\\Pipeline->{closure:{closure:Illuminate\\Pipeline\\Pipeline::carry():194}:195}()
#52 /var/www/indonesia-luxe/vendor/laravel/framework/src/Illuminate/Pipeline/Pipeline.php(219): Illuminate\\Http\\Middleware\\TrustProxies->handle()
#53 /var/www/indonesia-luxe/vendor/laravel/framework/src/Illuminate/Foundation/Http/Middleware/InvokeDeferredCallbacks.php(22): Illuminate\\Pipeline\\Pipeline->{closure:{closure:Illuminate\\Pipeline\\Pipeline::carry():194}:195}()
#54 /var/www/indonesia-luxe/vendor/laravel/framework/src/Illuminate/Pipeline/Pipeline.php(219): Illuminate\\Foundation\\Http\\Middleware\\InvokeDeferredCallbacks->handle()
#55 /var/www/indonesia-luxe/vendor/laravel/framework/src/Illuminate/Http/Middleware/ValidatePathEncoding.php(26): Illuminate\\Pipeline\\Pipeline->{closure:{closure:Illuminate\\Pipeline\\Pipeline::carry():194}:195}()
#56 /var/www/indonesia-luxe/vendor/laravel/framework/src/Illuminate/Pipeline/Pipeline.php(219): Illuminate\\Http\\Middleware\\ValidatePathEncoding->handle()
#57 /var/www/indonesia-luxe/vendor/laravel/framework/src/Illuminate/Pipeline/Pipeline.php(137): Illuminate\\Pipeline\\Pipeline->{closure:{closure:Illuminate\\Pipeline\\Pipeline::carry():194}:195}()
#58 /var/www/indonesia-luxe/vendor/laravel/framework/src/Illuminate/Foundation/Http/Kernel.php(175): Illuminate\\Pipeline\\Pipeline->then()
#59 /var/www/indonesia-luxe/vendor/laravel/framework/src/Illuminate/Foundation/Http/Kernel.php(144): Illuminate\\Foundation\\Http\\Kernel->sendRequestThroughRouter()
#60 /var/www/indonesia-luxe/vendor/laravel/framework/src/Illuminate/Foundation/Application.php(1220): Illuminate\\Foundation\\Http\\Kernel->handle()
#61 /var/www/indonesia-luxe/public/index.php(20): Illuminate\\Foundation\\Application->handleRequest()
#62 {main}
"} 
[2026-06-11 00:37:46] local.ERROR: Unable to find component: [profile.delete-user-form] {"exception":"[object] (Livewire\\Exceptions\\ComponentNotFoundException(code: 0): Unable to find component: [profile.delete-user-form] at /var/www/indonesia-luxe/vendor/livewire/livewire/src/Factory/Factory.php:76)
[stacktrace]
#0 /var/www/indonesia-luxe/vendor/livewire/livewire/src/Factory/Factory.php(88): Livewire\\Factory\\Factory->resolveComponentNameAndClass()
#1 /var/www/indonesia-luxe/vendor/livewire/livewire/src/Features/SupportReleaseTokens/ReleaseToken.php(15): Livewire\\Factory\\Factory->resolveComponentClass()
#2 /var/www/indonesia-luxe/vendor/livewire/livewire/src/Features/SupportReleaseTokens/SupportReleaseTokens.php(20): Livewire\\Features\\SupportReleaseTokens\\ReleaseToken::verify()
#3 /var/www/indonesia-luxe/vendor/livewire/livewire/src/EventBus.php(87): Livewire\\Features\\SupportReleaseTokens\\SupportReleaseTokens::{closure:Livewire\\Features\\SupportReleaseTokens\\SupportReleaseTokens::provide():19}()
#4 /var/www/indonesia-luxe/vendor/livewire/livewire/src/helpers.php(98): Livewire\\EventBus->trigger()
#5 /var/www/indonesia-luxe/vendor/livewire/livewire/src/Mechanisms/HandleComponents/Checksum.php(22): Livewire\\trigger()
#6 /var/www/indonesia-luxe/vendor/livewire/livewire/src/Mechanisms/HandleComponents/HandleComponents.php(244): Livewire\\Mechanisms\\HandleComponents\\Checksum::verify()
#7 /var/www/indonesia-luxe/vendor/livewire/livewire/src/Mechanisms/HandleComponents/HandleComponents.php(210): Livewire\\Mechanisms\\HandleComponents\\HandleComponents->fromSnapshot()
#8 /var/www/indonesia-luxe/vendor/livewire/livewire/src/LivewireManager.php(131): Livewire\\Mechanisms\\HandleComponents\\HandleComponents->update()
#9 /var/www/indonesia-luxe/vendor/livewire/livewire/src/Mechanisms/HandleRequests/HandleRequests.php(156): Livewire\\LivewireManager->update()
#10 /var/www/indonesia-luxe/vendor/laravel/framework/src/Illuminate/Routing/ControllerDispatcher.php(46): Livewire\\Mechanisms\\HandleRequests\\HandleRequests->handleUpdate()
#11 /var/www/indonesia-luxe/vendor/laravel/framework/src/Illuminate/Routing/Route.php(265): Illuminate\\Routing\\ControllerDispatcher->dispatch()
#12 /var/www/indonesia-luxe/vendor/laravel/framework/src/Illuminate/Routing/Route.php(211): Illuminate\\Routing\\Route->runController()
#13 /var/www/indonesia-luxe/vendor/laravel/framework/src/Illuminate/Routing/Router.php(822): Illuminate\\Routing\\Route->run()
#14 /var/www/indonesia-luxe/vendor/laravel/framework/src/Illuminate/Pipeline/Pipeline.php(180): Illuminate\\Routing\\Router->{closure:Illuminate\\Routing\\Router::runRouteWithinStack():821}()
#15 /var/www/indonesia-luxe/vendor/laravel/boost/src/Middleware/InjectBoost.php(22): Illuminate\\Pipeline\\Pipeline->{closure:Illuminate\\Pipeline\\Pipeline::prepareDestination():178}()
#16 /var/www/indonesia-luxe/vendor/laravel/framework/src/Illuminate/Pipeline/Pipeline.php(219): Laravel\\Boost\\Middleware\\InjectBoost->handle()
#17 /var/www/indonesia-luxe/app/Http/Middleware/SetLocale.php(28): Illuminate\\Pipeline\\Pipeline->{closure:{closure:Illuminate\\Pipeline\\Pipeline::carry():194}:195}()
#18 /var/www/indonesia-luxe/vendor/laravel/framework/src/Illuminate/Pipeline/Pipeline.php(219): App\\Http\\Middleware\\SetLocale->handle()
#19 /var/www/indonesia-luxe/vendor/laravel/framework/src/Illuminate/Routing/Middleware/SubstituteBindings.php(50): Illuminate\\Pipeline\\Pipeline->{closure:{closure:Illuminate\\Pipeline\\Pipeline::carry():194}:195}()
#20 /var/www/indonesia-luxe/vendor/laravel/framework/src/Illuminate/Pipeline/Pipeline.php(219): Illuminate\\Routing\\Middleware\\SubstituteBindings->handle()
#21 /var/www/indonesia-luxe/vendor/laravel/framework/src/Illuminate/Foundation/Http/Middleware/VerifyCsrfToken.php(87): Illuminate\\Pipeline\\Pipeline->{closure:{closure:Illuminate\\Pipeline\\Pipeline::carry():194}:195}()
#22 /var/www/indonesia-luxe/vendor/laravel/framework/src/Illuminate/Pipeline/Pipeline.php(219): Illuminate\\Foundation\\Http\\Middleware\\VerifyCsrfToken->handle()
#23 /var/www/indonesia-luxe/vendor/laravel/framework/src/Illuminate/View/Middleware/ShareErrorsFromSession.php(48): Illuminate\\Pipeline\\Pipeline->{closure:{closure:Illuminate\\Pipeline\\Pipeline::carry():194}:195}()
#24 /var/www/indonesia-luxe/vendor/laravel/framework/src/Illuminate/Pipeline/Pipeline.php(219): Illuminate\\View\\Middleware\\ShareErrorsFromSession->handle()
#25 /var/www/indonesia-luxe/vendor/laravel/framework/src/Illuminate/Session/Middleware/StartSession.php(120): Illuminate\\Pipeline\\Pipeline->{closure:{closure:Illuminate\\Pipeline\\Pipeline::carry():194}:195}()
#26 /var/www/indonesia-luxe/vendor/laravel/framework/src/Illuminate/Session/Middleware/StartSession.php(63): Illuminate\\Session\\Middleware\\StartSession->handleStatefulRequest()
#27 /var/www/indonesia-luxe/vendor/laravel/framework/src/Illuminate/Pipeline/Pipeline.php(219): Illuminate\\Session\\Middleware\\StartSession->handle()
#28 /var/www/indonesia-luxe/vendor/laravel/framework/src/Illuminate/Cookie/Middleware/AddQueuedCookiesToResponse.php(36): Illuminate\\Pipeline\\Pipeline->{closure:{closure:Illuminate\\Pipeline\\Pipeline::carry():194}:195}()
#29 /var/www/indonesia-luxe/vendor/laravel/framework/src/Illuminate/Pipeline/Pipeline.php(219): Illuminate\\Cookie\\Middleware\\AddQueuedCookiesToResponse->handle()
#30 /var/www/indonesia-luxe/vendor/laravel/framework/src/Illuminate/Cookie/Middleware/EncryptCookies.php(74): Illuminate\\Pipeline\\Pipeline->{closure:{closure:Illuminate\\Pipeline\\Pipeline::carry():194}:195}()
#31 /var/www/indonesia-luxe/vendor/laravel/framework/src/Illuminate/Pipeline/Pipeline.php(219): Illuminate\\Cookie\\Middleware\\EncryptCookies->handle()
#32 /var/www/indonesia-luxe/vendor/laravel/framework/src/Illuminate/Pipeline/Pipeline.php(137): Illuminate\\Pipeline\\Pipeline->{closure:{closure:Illuminate\\Pipeline\\Pipeline::carry():194}:195}()
#33 /var/www/indonesia-luxe/vendor/laravel/framework/src/Illuminate/Routing/Router.php(821): Illuminate\\Pipeline\\Pipeline->then()
#34 /var/www/indonesia-luxe/vendor/laravel/framework/src/Illuminate/Routing/Router.php(800): Illuminate\\Routing\\Router->runRouteWithinStack()
#35 /var/www/indonesia-luxe/vendor/laravel/framework/src/Illuminate/Routing/Router.php(764): Illuminate\\Routing\\Router->runRoute()
#36 /var/www/indonesia-luxe/vendor/laravel/framework/src/Illuminate/Routing/Router.php(753): Illuminate\\Routing\\Router->dispatchToRoute()
#37 /var/www/indonesia-luxe/vendor/laravel/framework/src/Illuminate/Foundation/Http/Kernel.php(200): Illuminate\\Routing\\Router->dispatch()
#38 /var/www/indonesia-luxe/vendor/laravel/framework/src/Illuminate/Pipeline/Pipeline.php(180): Illuminate\\Foundation\\Http\\Kernel->{closure:Illuminate\\Foundation\\Http\\Kernel::dispatchToRouter():197}()
#39 /var/www/indonesia-luxe/vendor/livewire/livewire/src/Features/SupportDisablingBackButtonCache/DisableBackButtonCacheMiddleware.php(19): Illuminate\\Pipeline\\Pipeline->{closure:Illuminate\\Pipeline\\Pipeline::prepareDestination():178}()
#40 /var/www/indonesia-luxe/vendor/laravel/framework/src/Illuminate/Pipeline/Pipeline.php(219): Livewire\\Features\\SupportDisablingBackButtonCache\\DisableBackButtonCacheMiddleware->handle()
#41 /var/www/indonesia-luxe/vendor/laravel/framework/src/Illuminate/Foundation/Http/Middleware/ConvertEmptyStringsToNull.php(27): Illuminate\\Pipeline\\Pipeline->{closure:{closure:Illuminate\\Pipeline\\Pipeline::carry():194}:195}()
#42 /var/www/indonesia-luxe/vendor/laravel/framework/src/Illuminate/Pipeline/Pipeline.php(219): Illuminate\\Foundation\\Http\\Middleware\\ConvertEmptyStringsToNull->handle()
#43 /var/www/indonesia-luxe/vendor/laravel/framework/src/Illuminate/Foundation/Http/Middleware/TrimStrings.php(47): Illuminate\\Pipeline\\Pipeline->{closure:{closure:Illuminate\\Pipeline\\Pipeline::carry():194}:195}()
#44 /var/www/indonesia-luxe/vendor/laravel/framework/src/Illuminate/Pipeline/Pipeline.php(219): Illuminate\\Foundation\\Http\\Middleware\\TrimStrings->handle()
#45 /var/www/indonesia-luxe/vendor/laravel/framework/src/Illuminate/Http/Middleware/ValidatePostSize.php(27): Illuminate\\Pipeline\\Pipeline->{closure:{closure:Illuminate\\Pipeline\\Pipeline::carry():194}:195}()
#46 /var/www/indonesia-luxe/vendor/laravel/framework/src/Illuminate/Pipeline/Pipeline.php(219): Illuminate\\Http\\Middleware\\ValidatePostSize->handle()
#47 /var/www/indonesia-luxe/vendor/laravel/framework/src/Illuminate/Foundation/Http/Middleware/PreventRequestsDuringMaintenance.php(109): Illuminate\\Pipeline\\Pipeline->{closure:{closure:Illuminate\\Pipeline\\Pipeline::carry():194}:195}()
#48 /var/www/indonesia-luxe/vendor/laravel/framework/src/Illuminate/Pipeline/Pipeline.php(219): Illuminate\\Foundation\\Http\\Middleware\\PreventRequestsDuringMaintenance->handle()
#49 /var/www/indonesia-luxe/vendor/laravel/framework/src/Illuminate/Http/Middleware/HandleCors.php(61): Illuminate\\Pipeline\\Pipeline->{closure:{closure:Illuminate\\Pipeline\\Pipeline::carry():194}:195}()
#50 /var/www/indonesia-luxe/vendor/laravel/framework/src/Illuminate/Pipeline/Pipeline.php(219): Illuminate\\Http\\Middleware\\HandleCors->handle()
#51 /var/www/indonesia-luxe/vendor/laravel/framework/src/Illuminate/Http/Middleware/TrustProxies.php(58): Illuminate\\Pipeline\\Pipeline->{closure:{closure:Illuminate\\Pipeline\\Pipeline::carry():194}:195}()
#52 /var/www/indonesia-luxe/vendor/laravel/framework/src/Illuminate/Pipeline/Pipeline.php(219): Illuminate\\Http\\Middleware\\TrustProxies->handle()
#53 /var/www/indonesia-luxe/vendor/laravel/framework/src/Illuminate/Foundation/Http/Middleware/InvokeDeferredCallbacks.php(22): Illuminate\\Pipeline\\Pipeline->{closure:{closure:Illuminate\\Pipeline\\Pipeline::carry():194}:195}()
#54 /var/www/indonesia-luxe/vendor/laravel/framework/src/Illuminate/Pipeline/Pipeline.php(219): Illuminate\\Foundation\\Http\\Middleware\\InvokeDeferredCallbacks->handle()
#55 /var/www/indonesia-luxe/vendor/laravel/framework/src/Illuminate/Http/Middleware/ValidatePathEncoding.php(26): Illuminate\\Pipeline\\Pipeline->{closure:{closure:Illuminate\\Pipeline\\Pipeline::carry():194}:195}()
#56 /var/www/indonesia-luxe/vendor/laravel/framework/src/Illuminate/Pipeline/Pipeline.php(219): Illuminate\\Http\\Middleware\\ValidatePathEncoding->handle()
#57 /var/www/indonesia-luxe/vendor/laravel/framework/src/Illuminate/Pipeline/Pipeline.php(137): Illuminate\\Pipeline\\Pipeline->{closure:{closure:Illuminate\\Pipeline\\Pipeline::carry():194}:195}()
#58 /var/www/indonesia-luxe/vendor/laravel/framework/src/Illuminate/Foundation/Http/Kernel.php(175): Illuminate\\Pipeline\\Pipeline->then()
#59 /var/www/indonesia-luxe/vendor/laravel/framework/src/Illuminate/Foundation/Http/Kernel.php(144): Illuminate\\Foundation\\Http\\Kernel->sendRequestThroughRouter()
#60 /var/www/indonesia-luxe/vendor/laravel/framework/src/Illuminate/Foundation/Application.php(1220): Illuminate\\Foundation\\Http\\Kernel->handle()
#61 /var/www/indonesia-luxe/public/index.php(20): Illuminate\\Foundation\\Application->handleRequest()
#62 {main}
"} 
[2026-06-11 00:37:46] local.ERROR: Unable to find component: [pages.auth.login] {"exception":"[object] (Livewire\\Exceptions\\ComponentNotFoundException(code: 0): Unable to find component: [pages.auth.login] at /var/www/indonesia-luxe/vendor/livewire/livewire/src/Factory/Factory.php:76)
[stacktrace]
#0 /var/www/indonesia-luxe/vendor/livewire/livewire/src/Factory/Factory.php(88): Livewire\\Factory\\Factory->resolveComponentNameAndClass()
#1 /var/www/indonesia-luxe/vendor/livewire/livewire/src/Features/SupportReleaseTokens/ReleaseToken.php(15): Livewire\\Factory\\Factory->resolveComponentClass()
#2 /var/www/indonesia-luxe/vendor/livewire/livewire/src/Features/SupportReleaseTokens/SupportReleaseTokens.php(20): Livewire\\Features\\SupportReleaseTokens\\ReleaseToken::verify()
#3 /var/www/indonesia-luxe/vendor/livewire/livewire/src/EventBus.php(87): Livewire\\Features\\SupportReleaseTokens\\SupportReleaseTokens::{closure:Livewire\\Features\\SupportReleaseTokens\\SupportReleaseTokens::provide():19}()
#4 /var/www/indonesia-luxe/vendor/livewire/livewire/src/helpers.php(98): Livewire\\EventBus->trigger()
#5 /var/www/indonesia-luxe/vendor/livewire/livewire/src/Mechanisms/HandleComponents/Checksum.php(22): Livewire\\trigger()
#6 /var/www/indonesia-luxe/vendor/livewire/livewire/src/Mechanisms/HandleComponents/HandleComponents.php(244): Livewire\\Mechanisms\\HandleComponents\\Checksum::verify()
#7 /var/www/indonesia-luxe/vendor/livewire/livewire/src/Mechanisms/HandleComponents/HandleComponents.php(210): Livewire\\Mechanisms\\HandleComponents\\HandleComponents->fromSnapshot()
#8 /var/www/indonesia-luxe/vendor/livewire/livewire/src/LivewireManager.php(131): Livewire\\Mechanisms\\HandleComponents\\HandleComponents->update()
#9 /var/www/indonesia-luxe/vendor/livewire/livewire/src/Mechanisms/HandleRequests/HandleRequests.php(156): Livewire\\LivewireManager->update()
#10 /var/www/indonesia-luxe/vendor/laravel/framework/src/Illuminate/Routing/ControllerDispatcher.php(46): Livewire\\Mechanisms\\HandleRequests\\HandleRequests->handleUpdate()
#11 /var/www/indonesia-luxe/vendor/laravel/framework/src/Illuminate/Routing/Route.php(265): Illuminate\\Routing\\ControllerDispatcher->dispatch()
#12 /var/www/indonesia-luxe/vendor/laravel/framework/src/Illuminate/Routing/Route.php(211): Illuminate\\Routing\\Route->runController()
#13 /var/www/indonesia-luxe/vendor/laravel/framework/src/Illuminate/Routing/Router.php(822): Illuminate\\Routing\\Route->run()
#14 /var/www/indonesia-luxe/vendor/laravel/framework/src/Illuminate/Pipeline/Pipeline.php(180): Illuminate\\Routing\\Router->{closure:Illuminate\\Routing\\Router::runRouteWithinStack():821}()
#15 /var/www/indonesia-luxe/vendor/laravel/boost/src/Middleware/InjectBoost.php(22): Illuminate\\Pipeline\\Pipeline->{closure:Illuminate\\Pipeline\\Pipeline::prepareDestination():178}()
#16 /var/www/indonesia-luxe/vendor/laravel/framework/src/Illuminate/Pipeline/Pipeline.php(219): Laravel\\Boost\\Middleware\\InjectBoost->handle()
#17 /var/www/indonesia-luxe/app/Http/Middleware/SetLocale.php(28): Illuminate\\Pipeline\\Pipeline->{closure:{closure:Illuminate\\Pipeline\\Pipeline::carry():194}:195}()
#18 /var/www/indonesia-luxe/vendor/laravel/framework/src/Illuminate/Pipeline/Pipeline.php(219): App\\Http\\Middleware\\SetLocale->handle()
#19 /var/www/indonesia-luxe/vendor/laravel/framework/src/Illuminate/Routing/Middleware/SubstituteBindings.php(50): Illuminate\\Pipeline\\Pipeline->{closure:{closure:Illuminate\\Pipeline\\Pipeline::carry():194}:195}()
#20 /var/www/indonesia-luxe/vendor/laravel/framework/src/Illuminate/Pipeline/Pipeline.php(219): Illuminate\\Routing\\Middleware\\SubstituteBindings->handle()
#21 /var/www/indonesia-luxe/vendor/laravel/framework/src/Illuminate/Foundation/Http/Middleware/VerifyCsrfToken.php(87): Illuminate\\Pipeline\\Pipeline->{closure:{closure:Illuminate\\Pipeline\\Pipeline::carry():194}:195}()
#22 /var/www/indonesia-luxe/vendor/laravel/framework/src/Illuminate/Pipeline/Pipeline.php(219): Illuminate\\Foundation\\Http\\Middleware\\VerifyCsrfToken->handle()
#23 /var/www/indonesia-luxe/vendor/laravel/framework/src/Illuminate/View/Middleware/ShareErrorsFromSession.php(48): Illuminate\\Pipeline\\Pipeline->{closure:{closure:Illuminate\\Pipeline\\Pipeline::carry():194}:195}()
#24 /var/www/indonesia-luxe/vendor/laravel/framework/src/Illuminate/Pipeline/Pipeline.php(219): Illuminate\\View\\Middleware\\ShareErrorsFromSession->handle()
#25 /var/www/indonesia-luxe/vendor/laravel/framework/src/Illuminate/Session/Middleware/StartSession.php(120): Illuminate\\Pipeline\\Pipeline->{closure:{closure:Illuminate\\Pipeline\\Pipeline::carry():194}:195}()
#26 /var/www/indonesia-luxe/vendor/laravel/framework/src/Illuminate/Session/Middleware/StartSession.php(63): Illuminate\\Session\\Middleware\\StartSession->handleStatefulRequest()
#27 /var/www/indonesia-luxe/vendor/laravel/framework/src/Illuminate/Pipeline/Pipeline.php(219): Illuminate\\Session\\Middleware\\StartSession->handle()
#28 /var/www/indonesia-luxe/vendor/laravel/framework/src/Illuminate/Cookie/Middleware/AddQueuedCookiesToResponse.php(36): Illuminate\\Pipeline\\Pipeline->{closure:{closure:Illuminate\\Pipeline\\Pipeline::carry():194}:195}()
#29 /var/www/indonesia-luxe/vendor/laravel/framework/src/Illuminate/Pipeline/Pipeline.php(219): Illuminate\\Cookie\\Middleware\\AddQueuedCookiesToResponse->handle()
#30 /var/www/indonesia-luxe/vendor/laravel/framework/src/Illuminate/Cookie/Middleware/EncryptCookies.php(74): Illuminate\\Pipeline\\Pipeline->{closure:{closure:Illuminate\\Pipeline\\Pipeline::carry():194}:195}()
#31 /var/www/indonesia-luxe/vendor/laravel/framework/src/Illuminate/Pipeline/Pipeline.php(219): Illuminate\\Cookie\\Middleware\\EncryptCookies->handle()
#32 /var/www/indonesia-luxe/vendor/laravel/framework/src/Illuminate/Pipeline/Pipeline.php(137): Illuminate\\Pipeline\\Pipeline->{closure:{closure:Illuminate\\Pipeline\\Pipeline::carry():194}:195}()
#33 /var/www/indonesia-luxe/vendor/laravel/framework/src/Illuminate/Routing/Router.php(821): Illuminate\\Pipeline\\Pipeline->then()
#34 /var/www/indonesia-luxe/vendor/laravel/framework/src/Illuminate/Routing/Router.php(800): Illuminate\\Routing\\Router->runRouteWithinStack()
#35 /var/www/indonesia-luxe/vendor/laravel/framework/src/Illuminate/Routing/Router.php(764): Illuminate\\Routing\\Router->runRoute()
#36 /var/www/indonesia-luxe/vendor/laravel/framework/src/Illuminate/Routing/Router.php(753): Illuminate\\Routing\\Router->dispatchToRoute()
#37 /var/www/indonesia-luxe/vendor/laravel/framework/src/Illuminate/Foundation/Http/Kernel.php(200): Illuminate\\Routing\\Router->dispatch()
#38 /var/www/indonesia-luxe/vendor/laravel/framework/src/Illuminate/Pipeline/Pipeline.php(180): Illuminate\\Foundation\\Http\\Kernel->{closure:Illuminate\\Foundation\\Http\\Kernel::dispatchToRouter():197}()
#39 /var/www/indonesia-luxe/vendor/livewire/livewire/src/Features/SupportDisablingBackButtonCache/DisableBackButtonCacheMiddleware.php(19): Illuminate\\Pipeline\\Pipeline->{closure:Illuminate\\Pipeline\\Pipeline::prepareDestination():178}()
#40 /var/www/indonesia-luxe/vendor/laravel/framework/src/Illuminate/Pipeline/Pipeline.php(219): Livewire\\Features\\SupportDisablingBackButtonCache\\DisableBackButtonCacheMiddleware->handle()
#41 /var/www/indonesia-luxe/vendor/laravel/framework/src/Illuminate/Foundation/Http/Middleware/ConvertEmptyStringsToNull.php(27): Illuminate\\Pipeline\\Pipeline->{closure:{closure:Illuminate\\Pipeline\\Pipeline::carry():194}:195}()
#42 /var/www/indonesia-luxe/vendor/laravel/framework/src/Illuminate/Pipeline/Pipeline.php(219): Illuminate\\Foundation\\Http\\Middleware\\ConvertEmptyStringsToNull->handle()
#43 /var/www/indonesia-luxe/vendor/laravel/framework/src/Illuminate/Foundation/Http/Middleware/TrimStrings.php(47): Illuminate\\Pipeline\\Pipeline->{closure:{closure:Illuminate\\Pipeline\\Pipeline::carry():194}:195}()
#44 /var/www/indonesia-luxe/vendor/laravel/framework/src/Illuminate/Pipeline/Pipeline.php(219): Illuminate\\Foundation\\Http\\Middleware\\TrimStrings->handle()
#45 /var/www/indonesia-luxe/vendor/laravel/framework/src/Illuminate/Http/Middleware/ValidatePostSize.php(27): Illuminate\\Pipeline\\Pipeline->{closure:{closure:Illuminate\\Pipeline\\Pipeline::carry():194}:195}()
#46 /var/www/indonesia-luxe/vendor/laravel/framework/src/Illuminate/Pipeline/Pipeline.php(219): Illuminate\\Http\\Middleware\\ValidatePostSize->handle()
#47 /var/www/indonesia-luxe/vendor/laravel/framework/src/Illuminate/Foundation/Http/Middleware/PreventRequestsDuringMaintenance.php(109): Illuminate\\Pipeline\\Pipeline->{closure:{closure:Illuminate\\Pipeline\\Pipeline::carry():194}:195}()
#48 /var/www/indonesia-luxe/vendor/laravel/framework/src/Illuminate/Pipeline/Pipeline.php(219): Illuminate\\Foundation\\Http\\Middleware\\PreventRequestsDuringMaintenance->handle()
#49 /var/www/indonesia-luxe/vendor/laravel/framework/src/Illuminate/Http/Middleware/HandleCors.php(61): Illuminate\\Pipeline\\Pipeline->{closure:{closure:Illuminate\\Pipeline\\Pipeline::carry():194}:195}()
#50 /var/www/indonesia-luxe/vendor/laravel/framework/src/Illuminate/Pipeline/Pipeline.php(219): Illuminate\\Http\\Middleware\\HandleCors->handle()
#51 /var/www/indonesia-luxe/vendor/laravel/framework/src/Illuminate/Http/Middleware/TrustProxies.php(58): Illuminate\\Pipeline\\Pipeline->{closure:{closure:Illuminate\\Pipeline\\Pipeline::carry():194}:195}()
#52 /var/www/indonesia-luxe/vendor/laravel/framework/src/Illuminate/Pipeline/Pipeline.php(219): Illuminate\\Http\\Middleware\\TrustProxies->handle()
#53 /var/www/indonesia-luxe/vendor/laravel/framework/src/Illuminate/Foundation/Http/Middleware/InvokeDeferredCallbacks.php(22): Illuminate\\Pipeline\\Pipeline->{closure:{closure:Illuminate\\Pipeline\\Pipeline::carry():194}:195}()
#54 /var/www/indonesia-luxe/vendor/laravel/framework/src/Illuminate/Pipeline/Pipeline.php(219): Illuminate\\Foundation\\Http\\Middleware\\InvokeDeferredCallbacks->handle()
#55 /var/www/indonesia-luxe/vendor/laravel/framework/src/Illuminate/Http/Middleware/ValidatePathEncoding.php(26): Illuminate\\Pipeline\\Pipeline->{closure:{closure:Illuminate\\Pipeline\\Pipeline::carry():194}:195}()
#56 /var/www/indonesia-luxe/vendor/laravel/framework/src/Illuminate/Pipeline/Pipeline.php(219): Illuminate\\Http\\Middleware\\ValidatePathEncoding->handle()
#57 /var/www/indonesia-luxe/vendor/laravel/framework/src/Illuminate/Pipeline/Pipeline.php(137): Illuminate\\Pipeline\\Pipeline->{closure:{closure:Illuminate\\Pipeline\\Pipeline::carry():194}:195}()
#58 /var/www/indonesia-luxe/vendor/laravel/framework/src/Illuminate/Foundation/Http/Kernel.php(175): Illuminate\\Pipeline\\Pipeline->then()
#59 /var/www/indonesia-luxe/vendor/laravel/framework/src/Illuminate/Foundation/Http/Kernel.php(144): Illuminate\\Foundation\\Http\\Kernel->sendRequestThroughRouter()
#60 /var/www/indonesia-luxe/vendor/laravel/framework/src/Illuminate/Foundation/Application.php(1220): Illuminate\\Foundation\\Http\\Kernel->handle()
#61 /var/www/indonesia-luxe/public/index.php(20): Illuminate\\Foundation\\Application->handleRequest()
#62 {main}
"} 
[2026-06-11 00:37:47] local.ERROR: Unable to find component: [pages.auth.login] {"exception":"[object] (Livewire\\Exceptions\\ComponentNotFoundException(code: 0): Unable to find component: [pages.auth.login] at /var/www/indonesia-luxe/vendor/livewire/livewire/src/Factory/Factory.php:76)
[stacktrace]
#0 /var/www/indonesia-luxe/vendor/livewire/livewire/src/Factory/Factory.php(88): Livewire\\Factory\\Factory->resolveComponentNameAndClass()
#1 /var/www/indonesia-luxe/vendor/livewire/livewire/src/Features/SupportReleaseTokens/ReleaseToken.php(15): Livewire\\Factory\\Factory->resolveComponentClass()
#2 /var/www/indonesia-luxe/vendor/livewire/livewire/src/Features/SupportReleaseTokens/SupportReleaseTokens.php(20): Livewire\\Features\\SupportReleaseTokens\\ReleaseToken::verify()
#3 /var/www/indonesia-luxe/vendor/livewire/livewire/src/EventBus.php(87): Livewire\\Features\\SupportReleaseTokens\\SupportReleaseTokens::{closure:Livewire\\Features\\SupportReleaseTokens\\SupportReleaseTokens::provide():19}()
#4 /var/www/indonesia-luxe/vendor/livewire/livewire/src/helpers.php(98): Livewire\\EventBus->trigger()
#5 /var/www/indonesia-luxe/vendor/livewire/livewire/src/Mechanisms/HandleComponents/Checksum.php(22): Livewire\\trigger()
#6 /var/www/indonesia-luxe/vendor/livewire/livewire/src/Mechanisms/HandleComponents/HandleComponents.php(244): Livewire\\Mechanisms\\HandleComponents\\Checksum::verify()
#7 /var/www/indonesia-luxe/vendor/livewire/livewire/src/Mechanisms/HandleComponents/HandleComponents.php(210): Livewire\\Mechanisms\\HandleComponents\\HandleComponents->fromSnapshot()
#8 /var/www/indonesia-luxe/vendor/livewire/livewire/src/LivewireManager.php(131): Livewire\\Mechanisms\\HandleComponents\\HandleComponents->update()
#9 /var/www/indonesia-luxe/vendor/livewire/livewire/src/Mechanisms/HandleRequests/HandleRequests.php(156): Livewire\\LivewireManager->update()
#10 /var/www/indonesia-luxe/vendor/laravel/framework/src/Illuminate/Routing/ControllerDispatcher.php(46): Livewire\\Mechanisms\\HandleRequests\\HandleRequests->handleUpdate()
#11 /var/www/indonesia-luxe/vendor/laravel/framework/src/Illuminate/Routing/Route.php(265): Illuminate\\Routing\\ControllerDispatcher->dispatch()
#12 /var/www/indonesia-luxe/vendor/laravel/framework/src/Illuminate/Routing/Route.php(211): Illuminate\\Routing\\Route->runController()
#13 /var/www/indonesia-luxe/vendor/laravel/framework/src/Illuminate/Routing/Router.php(822): Illuminate\\Routing\\Route->run()
#14 /var/www/indonesia-luxe/vendor/laravel/framework/src/Illuminate/Pipeline/Pipeline.php(180): Illuminate\\Routing\\Router->{closure:Illuminate\\Routing\\Router::runRouteWithinStack():821}()
#15 /var/www/indonesia-luxe/vendor/laravel/boost/src/Middleware/InjectBoost.php(22): Illuminate\\Pipeline\\Pipeline->{closure:Illuminate\\Pipeline\\Pipeline::prepareDestination():178}()
#16 /var/www/indonesia-luxe/vendor/laravel/framework/src/Illuminate/Pipeline/Pipeline.php(219): Laravel\\Boost\\Middleware\\InjectBoost->handle()
#17 /var/www/indonesia-luxe/app/Http/Middleware/SetLocale.php(28): Illuminate\\Pipeline\\Pipeline->{closure:{closure:Illuminate\\Pipeline\\Pipeline::carry():194}:195}()
#18 /var/www/indonesia-luxe/vendor/laravel/framework/src/Illuminate/Pipeline/Pipeline.php(219): App\\Http\\Middleware\\SetLocale->handle()
#19 /var/www/indonesia-luxe/vendor/laravel/framework/src/Illuminate/Routing/Middleware/SubstituteBindings.php(50): Illuminate\\Pipeline\\Pipeline->{closure:{closure:Illuminate\\Pipeline\\Pipeline::carry():194}:195}()
#20 /var/www/indonesia-luxe/vendor/laravel/framework/src/Illuminate/Pipeline/Pipeline.php(219): Illuminate\\Routing\\Middleware\\SubstituteBindings->handle()
#21 /var/www/indonesia-luxe/vendor/laravel/framework/src/Illuminate/Foundation/Http/Middleware/VerifyCsrfToken.php(87): Illuminate\\Pipeline\\Pipeline->{closure:{closure:Illuminate\\Pipeline\\Pipeline::carry():194}:195}()
#22 /var/www/indonesia-luxe/vendor/laravel/framework/src/Illuminate/Pipeline/Pipeline.php(219): Illuminate\\Foundation\\Http\\Middleware\\VerifyCsrfToken->handle()
#23 /var/www/indonesia-luxe/vendor/laravel/framework/src/Illuminate/View/Middleware/ShareErrorsFromSession.php(48): Illuminate\\Pipeline\\Pipeline->{closure:{closure:Illuminate\\Pipeline\\Pipeline::carry():194}:195}()
#24 /var/www/indonesia-luxe/vendor/laravel/framework/src/Illuminate/Pipeline/Pipeline.php(219): Illuminate\\View\\Middleware\\ShareErrorsFromSession->handle()
#25 /var/www/indonesia-luxe/vendor/laravel/framework/src/Illuminate/Session/Middleware/StartSession.php(120): Illuminate\\Pipeline\\Pipeline->{closure:{closure:Illuminate\\Pipeline\\Pipeline::carry():194}:195}()
#26 /var/www/indonesia-luxe/vendor/laravel/framework/src/Illuminate/Session/Middleware/StartSession.php(63): Illuminate\\Session\\Middleware\\StartSession->handleStatefulRequest()
#27 /var/www/indonesia-luxe/vendor/laravel/framework/src/Illuminate/Pipeline/Pipeline.php(219): Illuminate\\Session\\Middleware\\StartSession->handle()
#28 /var/www/indonesia-luxe/vendor/laravel/framework/src/Illuminate/Cookie/Middleware/AddQueuedCookiesToResponse.php(36): Illuminate\\Pipeline\\Pipeline->{closure:{closure:Illuminate\\Pipeline\\Pipeline::carry():194}:195}()
#29 /var/www/indonesia-luxe/vendor/laravel/framework/src/Illuminate/Pipeline/Pipeline.php(219): Illuminate\\Cookie\\Middleware\\AddQueuedCookiesToResponse->handle()
#30 /var/www/indonesia-luxe/vendor/laravel/framework/src/Illuminate/Cookie/Middleware/EncryptCookies.php(74): Illuminate\\Pipeline\\Pipeline->{closure:{closure:Illuminate\\Pipeline\\Pipeline::carry():194}:195}()
#31 /var/www/indonesia-luxe/vendor/laravel/framework/src/Illuminate/Pipeline/Pipeline.php(219): Illuminate\\Cookie\\Middleware\\EncryptCookies->handle()
#32 /var/www/indonesia-luxe/vendor/laravel/framework/src/Illuminate/Pipeline/Pipeline.php(137): Illuminate\\Pipeline\\Pipeline->{closure:{closure:Illuminate\\Pipeline\\Pipeline::carry():194}:195}()
#33 /var/www/indonesia-luxe/vendor/laravel/framework/src/Illuminate/Routing/Router.php(821): Illuminate\\Pipeline\\Pipeline->then()
#34 /var/www/indonesia-luxe/vendor/laravel/framework/src/Illuminate/Routing/Router.php(800): Illuminate\\Routing\\Router->runRouteWithinStack()
#35 /var/www/indonesia-luxe/vendor/laravel/framework/src/Illuminate/Routing/Router.php(764): Illuminate\\Routing\\Router->runRoute()
#36 /var/www/indonesia-luxe/vendor/laravel/framework/src/Illuminate/Routing/Router.php(753): Illuminate\\Routing\\Router->dispatchToRoute()
#37 /var/www/indonesia-luxe/vendor/laravel/framework/src/Illuminate/Foundation/Http/Kernel.php(200): Illuminate\\Routing\\Router->dispatch()
#38 /var/www/indonesia-luxe/vendor/laravel/framework/src/Illuminate/Pipeline/Pipeline.php(180): Illuminate\\Foundation\\Http\\Kernel->{closure:Illuminate\\Foundation\\Http\\Kernel::dispatchToRouter():197}()
#39 /var/www/indonesia-luxe/vendor/livewire/livewire/src/Features/SupportDisablingBackButtonCache/DisableBackButtonCacheMiddleware.php(19): Illuminate\\Pipeline\\Pipeline->{closure:Illuminate\\Pipeline\\Pipeline::prepareDestination():178}()
#40 /var/www/indonesia-luxe/vendor/laravel/framework/src/Illuminate/Pipeline/Pipeline.php(219): Livewire\\Features\\SupportDisablingBackButtonCache\\DisableBackButtonCacheMiddleware->handle()
#41 /var/www/indonesia-luxe/vendor/laravel/framework/src/Illuminate/Foundation/Http/Middleware/ConvertEmptyStringsToNull.php(27): Illuminate\\Pipeline\\Pipeline->{closure:{closure:Illuminate\\Pipeline\\Pipeline::carry():194}:195}()
#42 /var/www/indonesia-luxe/vendor/laravel/framework/src/Illuminate/Pipeline/Pipeline.php(219): Illuminate\\Foundation\\Http\\Middleware\\ConvertEmptyStringsToNull->handle()
#43 /var/www/indonesia-luxe/vendor/laravel/framework/src/Illuminate/Foundation/Http/Middleware/TrimStrings.php(47): Illuminate\\Pipeline\\Pipeline->{closure:{closure:Illuminate\\Pipeline\\Pipeline::carry():194}:195}()
#44 /var/www/indonesia-luxe/vendor/laravel/framework/src/Illuminate/Pipeline/Pipeline.php(219): Illuminate\\Foundation\\Http\\Middleware\\TrimStrings->handle()
#45 /var/www/indonesia-luxe/vendor/laravel/framework/src/Illuminate/Http/Middleware/ValidatePostSize.php(27): Illuminate\\Pipeline\\Pipeline->{closure:{closure:Illuminate\\Pipeline\\Pipeline::carry():194}:195}()
#46 /var/www/indonesia-luxe/vendor/laravel/framework/src/Illuminate/Pipeline/Pipeline.php(219): Illuminate\\Http\\Middleware\\ValidatePostSize->handle()
#47 /var/www/indonesia-luxe/vendor/laravel/framework/src/Illuminate/Foundation/Http/Middleware/PreventRequestsDuringMaintenance.php(109): Illuminate\\Pipeline\\Pipeline->{closure:{closure:Illuminate\\Pipeline\\Pipeline::carry():194}:195}()
#48 /var/www/indonesia-luxe/vendor/laravel/framework/src/Illuminate/Pipeline/Pipeline.php(219): Illuminate\\Foundation\\Http\\Middleware\\PreventRequestsDuringMaintenance->handle()
#49 /var/www/indonesia-luxe/vendor/laravel/framework/src/Illuminate/Http/Middleware/HandleCors.php(61): Illuminate\\Pipeline\\Pipeline->{closure:{closure:Illuminate\\Pipeline\\Pipeline::carry():194}:195}()
#50 /var/www/indonesia-luxe/vendor/laravel/framework/src/Illuminate/Pipeline/Pipeline.php(219): Illuminate\\Http\\Middleware\\HandleCors->handle()
#51 /var/www/indonesia-luxe/vendor/laravel/framework/src/Illuminate/Http/Middleware/TrustProxies.php(58): Illuminate\\Pipeline\\Pipeline->{closure:{closure:Illuminate\\Pipeline\\Pipeline::carry():194}:195}()
#52 /var/www/indonesia-luxe/vendor/laravel/framework/src/Illuminate/Pipeline/Pipeline.php(219): Illuminate\\Http\\Middleware\\TrustProxies->handle()
#53 /var/www/indonesia-luxe/vendor/laravel/framework/src/Illuminate/Foundation/Http/Middleware/InvokeDeferredCallbacks.php(22): Illuminate\\Pipeline\\Pipeline->{closure:{closure:Illuminate\\Pipeline\\Pipeline::carry():194}:195}()
#54 /var/www/indonesia-luxe/vendor/laravel/framework/src/Illuminate/Pipeline/Pipeline.php(219): Illuminate\\Foundation\\Http\\Middleware\\InvokeDeferredCallbacks->handle()
#55 /var/www/indonesia-luxe/vendor/laravel/framework/src/Illuminate/Http/Middleware/ValidatePathEncoding.php(26): Illuminate\\Pipeline\\Pipeline->{closure:{closure:Illuminate\\Pipeline\\Pipeline::carry():194}:195}()
#56 /var/www/indonesia-luxe/vendor/laravel/framework/src/Illuminate/Pipeline/Pipeline.php(219): Illuminate\\Http\\Middleware\\ValidatePathEncoding->handle()
#57 /var/www/indonesia-luxe/vendor/laravel/framework/src/Illuminate/Pipeline/Pipeline.php(137): Illuminate\\Pipeline\\Pipeline->{closure:{closure:Illuminate\\Pipeline\\Pipeline::carry():194}:195}()
#58 /var/www/indonesia-luxe/vendor/laravel/framework/src/Illuminate/Foundation/Http/Kernel.php(175): Illuminate\\Pipeline\\Pipeline->then()
#59 /var/www/indonesia-luxe/vendor/laravel/framework/src/Illuminate/Foundation/Http/Kernel.php(144): Illuminate\\Foundation\\Http\\Kernel->sendRequestThroughRouter()
#60 /var/www/indonesia-luxe/vendor/laravel/framework/src/Illuminate/Foundation/Application.php(1220): Illuminate\\Foundation\\Http\\Kernel->handle()
#61 /var/www/indonesia-luxe/public/index.php(20): Illuminate\\Foundation\\Application->handleRequest()
#62 {main}
"} 
[2026-06-11 00:37:47] local.ERROR: Unable to find component: [pages.auth.register] {"exception":"[object] (Livewire\\Exceptions\\ComponentNotFoundException(code: 0): Unable to find component: [pages.auth.register] at /var/www/indonesia-luxe/vendor/livewire/livewire/src/Factory/Factory.php:76)
[stacktrace]
#0 /var/www/indonesia-luxe/vendor/livewire/livewire/src/Factory/Factory.php(88): Livewire\\Factory\\Factory->resolveComponentNameAndClass()
#1 /var/www/indonesia-luxe/vendor/livewire/livewire/src/Features/SupportReleaseTokens/ReleaseToken.php(15): Livewire\\Factory\\Factory->resolveComponentClass()
#2 /var/www/indonesia-luxe/vendor/livewire/livewire/src/Features/SupportReleaseTokens/SupportReleaseTokens.php(20): Livewire\\Features\\SupportReleaseTokens\\ReleaseToken::verify()
#3 /var/www/indonesia-luxe/vendor/livewire/livewire/src/EventBus.php(87): Livewire\\Features\\SupportReleaseTokens\\SupportReleaseTokens::{closure:Livewire\\Features\\SupportReleaseTokens\\SupportReleaseTokens::provide():19}()
#4 /var/www/indonesia-luxe/vendor/livewire/livewire/src/helpers.php(98): Livewire\\EventBus->trigger()
#5 /var/www/indonesia-luxe/vendor/livewire/livewire/src/Mechanisms/HandleComponents/Checksum.php(22): Livewire\\trigger()
#6 /var/www/indonesia-luxe/vendor/livewire/livewire/src/Mechanisms/HandleComponents/HandleComponents.php(244): Livewire\\Mechanisms\\HandleComponents\\Checksum::verify()
#7 /var/www/indonesia-luxe/vendor/livewire/livewire/src/Mechanisms/HandleComponents/HandleComponents.php(210): Livewire\\Mechanisms\\HandleComponents\\HandleComponents->fromSnapshot()
#8 /var/www/indonesia-luxe/vendor/livewire/livewire/src/LivewireManager.php(131): Livewire\\Mechanisms\\HandleComponents\\HandleComponents->update()
#9 /var/www/indonesia-luxe/vendor/livewire/livewire/src/Mechanisms/HandleRequests/HandleRequests.php(156): Livewire\\LivewireManager->update()
#10 /var/www/indonesia-luxe/vendor/laravel/framework/src/Illuminate/Routing/ControllerDispatcher.php(46): Livewire\\Mechanisms\\HandleRequests\\HandleRequests->handleUpdate()
#11 /var/www/indonesia-luxe/vendor/laravel/framework/src/Illuminate/Routing/Route.php(265): Illuminate\\Routing\\ControllerDispatcher->dispatch()
#12 /var/www/indonesia-luxe/vendor/laravel/framework/src/Illuminate/Routing/Route.php(211): Illuminate\\Routing\\Route->runController()
#13 /var/www/indonesia-luxe/vendor/laravel/framework/src/Illuminate/Routing/Router.php(822): Illuminate\\Routing\\Route->run()
#14 /var/www/indonesia-luxe/vendor/laravel/framework/src/Illuminate/Pipeline/Pipeline.php(180): Illuminate\\Routing\\Router->{closure:Illuminate\\Routing\\Router::runRouteWithinStack():821}()
#15 /var/www/indonesia-luxe/vendor/laravel/boost/src/Middleware/InjectBoost.php(22): Illuminate\\Pipeline\\Pipeline->{closure:Illuminate\\Pipeline\\Pipeline::prepareDestination():178}()
#16 /var/www/indonesia-luxe/vendor/laravel/framework/src/Illuminate/Pipeline/Pipeline.php(219): Laravel\\Boost\\Middleware\\InjectBoost->handle()
#17 /var/www/indonesia-luxe/app/Http/Middleware/SetLocale.php(28): Illuminate\\Pipeline\\Pipeline->{closure:{closure:Illuminate\\Pipeline\\Pipeline::carry():194}:195}()
#18 /var/www/indonesia-luxe/vendor/laravel/framework/src/Illuminate/Pipeline/Pipeline.php(219): App\\Http\\Middleware\\SetLocale->handle()
#19 /var/www/indonesia-luxe/vendor/laravel/framework/src/Illuminate/Routing/Middleware/SubstituteBindings.php(50): Illuminate\\Pipeline\\Pipeline->{closure:{closure:Illuminate\\Pipeline\\Pipeline::carry():194}:195}()
#20 /var/www/indonesia-luxe/vendor/laravel/framework/src/Illuminate/Pipeline/Pipeline.php(219): Illuminate\\Routing\\Middleware\\SubstituteBindings->handle()
#21 /var/www/indonesia-luxe/vendor/laravel/framework/src/Illuminate/Foundation/Http/Middleware/VerifyCsrfToken.php(87): Illuminate\\Pipeline\\Pipeline->{closure:{closure:Illuminate\\Pipeline\\Pipeline::carry():194}:195}()
#22 /var/www/indonesia-luxe/vendor/laravel/framework/src/Illuminate/Pipeline/Pipeline.php(219): Illuminate\\Foundation\\Http\\Middleware\\VerifyCsrfToken->handle()
#23 /var/www/indonesia-luxe/vendor/laravel/framework/src/Illuminate/View/Middleware/ShareErrorsFromSession.php(48): Illuminate\\Pipeline\\Pipeline->{closure:{closure:Illuminate\\Pipeline\\Pipeline::carry():194}:195}()
#24 /var/www/indonesia-luxe/vendor/laravel/framework/src/Illuminate/Pipeline/Pipeline.php(219): Illuminate\\View\\Middleware\\ShareErrorsFromSession->handle()
#25 /var/www/indonesia-luxe/vendor/laravel/framework/src/Illuminate/Session/Middleware/StartSession.php(120): Illuminate\\Pipeline\\Pipeline->{closure:{closure:Illuminate\\Pipeline\\Pipeline::carry():194}:195}()
#26 /var/www/indonesia-luxe/vendor/laravel/framework/src/Illuminate/Session/Middleware/StartSession.php(63): Illuminate\\Session\\Middleware\\StartSession->handleStatefulRequest()
#27 /var/www/indonesia-luxe/vendor/laravel/framework/src/Illuminate/Pipeline/Pipeline.php(219): Illuminate\\Session\\Middleware\\StartSession->handle()
#28 /var/www/indonesia-luxe/vendor/laravel/framework/src/Illuminate/Cookie/Middleware/AddQueuedCookiesToResponse.php(36): Illuminate\\Pipeline\\Pipeline->{closure:{closure:Illuminate\\Pipeline\\Pipeline::carry():194}:195}()
#29 /var/www/indonesia-luxe/vendor/laravel/framework/src/Illuminate/Pipeline/Pipeline.php(219): Illuminate\\Cookie\\Middleware\\AddQueuedCookiesToResponse->handle()
#30 /var/www/indonesia-luxe/vendor/laravel/framework/src/Illuminate/Cookie/Middleware/EncryptCookies.php(74): Illuminate\\Pipeline\\Pipeline->{closure:{closure:Illuminate\\Pipeline\\Pipeline::carry():194}:195}()
#31 /var/www/indonesia-luxe/vendor/laravel/framework/src/Illuminate/Pipeline/Pipeline.php(219): Illuminate\\Cookie\\Middleware\\EncryptCookies->handle()
#32 /var/www/indonesia-luxe/vendor/laravel/framework/src/Illuminate/Pipeline/Pipeline.php(137): Illuminate\\Pipeline\\Pipeline->{closure:{closure:Illuminate\\Pipeline\\Pipeline::carry():194}:195}()
#33 /var/www/indonesia-luxe/vendor/laravel/framework/src/Illuminate/Routing/Router.php(821): Illuminate\\Pipeline\\Pipeline->then()
#34 /var/www/indonesia-luxe/vendor/laravel/framework/src/Illuminate/Routing/Router.php(800): Illuminate\\Routing\\Router->runRouteWithinStack()
#35 /var/www/indonesia-luxe/vendor/laravel/framework/src/Illuminate/Routing/Router.php(764): Illuminate\\Routing\\Router->runRoute()
#36 /var/www/indonesia-luxe/vendor/laravel/framework/src/Illuminate/Routing/Router.php(753): Illuminate\\Routing\\Router->dispatchToRoute()
#37 /var/www/indonesia-luxe/vendor/laravel/framework/src/Illuminate/Foundation/Http/Kernel.php(200): Illuminate\\Routing\\Router->dispatch()
#38 /var/www/indonesia-luxe/vendor/laravel/framework/src/Illuminate/Pipeline/Pipeline.php(180): Illuminate\\Foundation\\Http\\Kernel->{closure:Illuminate\\Foundation\\Http\\Kernel::dispatchToRouter():197}()
#39 /var/www/indonesia-luxe/vendor/livewire/livewire/src/Features/SupportDisablingBackButtonCache/DisableBackButtonCacheMiddleware.php(19): Illuminate\\Pipeline\\Pipeline->{closure:Illuminate\\Pipeline\\Pipeline::prepareDestination():178}()
#40 /var/www/indonesia-luxe/vendor/laravel/framework/src/Illuminate/Pipeline/Pipeline.php(219): Livewire\\Features\\SupportDisablingBackButtonCache\\DisableBackButtonCacheMiddleware->handle()
#41 /var/www/indonesia-luxe/vendor/laravel/framework/src/Illuminate/Foundation/Http/Middleware/ConvertEmptyStringsToNull.php(27): Illuminate\\Pipeline\\Pipeline->{closure:{closure:Illuminate\\Pipeline\\Pipeline::carry():194}:195}()
#42 /var/www/indonesia-luxe/vendor/laravel/framework/src/Illuminate/Pipeline/Pipeline.php(219): Illuminate\\Foundation\\Http\\Middleware\\ConvertEmptyStringsToNull->handle()
#43 /var/www/indonesia-luxe/vendor/laravel/framework/src/Illuminate/Foundation/Http/Middleware/TrimStrings.php(47): Illuminate\\Pipeline\\Pipeline->{closure:{closure:Illuminate\\Pipeline\\Pipeline::carry():194}:195}()
#44 /var/www/indonesia-luxe/vendor/laravel/framework/src/Illuminate/Pipeline/Pipeline.php(219): Illuminate\\Foundation\\Http\\Middleware\\TrimStrings->handle()
#45 /var/www/indonesia-luxe/vendor/laravel/framework/src/Illuminate/Http/Middleware/ValidatePostSize.php(27): Illuminate\\Pipeline\\Pipeline->{closure:{closure:Illuminate\\Pipeline\\Pipeline::carry():194}:195}()
#46 /var/www/indonesia-luxe/vendor/laravel/framework/src/Illuminate/Pipeline/Pipeline.php(219): Illuminate\\Http\\Middleware\\ValidatePostSize->handle()
#47 /var/www/indonesia-luxe/vendor/laravel/framework/src/Illuminate/Foundation/Http/Middleware/PreventRequestsDuringMaintenance.php(109): Illuminate\\Pipeline\\Pipeline->{closure:{closure:Illuminate\\Pipeline\\Pipeline::carry():194}:195}()
#48 /var/www/indonesia-luxe/vendor/laravel/framework/src/Illuminate/Pipeline/Pipeline.php(219): Illuminate\\Foundation\\Http\\Middleware\\PreventRequestsDuringMaintenance->handle()
#49 /var/www/indonesia-luxe/vendor/laravel/framework/src/Illuminate/Http/Middleware/HandleCors.php(61): Illuminate\\Pipeline\\Pipeline->{closure:{closure:Illuminate\\Pipeline\\Pipeline::carry():194}:195}()
#50 /var/www/indonesia-luxe/vendor/laravel/framework/src/Illuminate/Pipeline/Pipeline.php(219): Illuminate\\Http\\Middleware\\HandleCors->handle()
#51 /var/www/indonesia-luxe/vendor/laravel/framework/src/Illuminate/Http/Middleware/TrustProxies.php(58): Illuminate\\Pipeline\\Pipeline->{closure:{closure:Illuminate\\Pipeline\\Pipeline::carry():194}:195}()
#52 /var/www/indonesia-luxe/vendor/laravel/framework/src/Illuminate/Pipeline/Pipeline.php(219): Illuminate\\Http\\Middleware\\TrustProxies->handle()
#53 /var/www/indonesia-luxe/vendor/laravel/framework/src/Illuminate/Foundation/Http/Middleware/InvokeDeferredCallbacks.php(22): Illuminate\\Pipeline\\Pipeline->{closure:{closure:Illuminate\\Pipeline\\Pipeline::carry():194}:195}()
#54 /var/www/indonesia-luxe/vendor/laravel/framework/src/Illuminate/Pipeline/Pipeline.php(219): Illuminate\\Foundation\\Http\\Middleware\\InvokeDeferredCallbacks->handle()
#55 /var/www/indonesia-luxe/vendor/laravel/framework/src/Illuminate/Http/Middleware/ValidatePathEncoding.php(26): Illuminate\\Pipeline\\Pipeline->{closure:{closure:Illuminate\\Pipeline\\Pipeline::carry():194}:195}()
#56 /var/www/indonesia-luxe/vendor/laravel/framework/src/Illuminate/Pipeline/Pipeline.php(219): Illuminate\\Http\\Middleware\\ValidatePathEncoding->handle()
#57 /var/www/indonesia-luxe/vendor/laravel/framework/src/Illuminate/Pipeline/Pipeline.php(137): Illuminate\\Pipeline\\Pipeline->{closure:{closure:Illuminate\\Pipeline\\Pipeline::carry():194}:195}()
#58 /var/www/indonesia-luxe/vendor/laravel/framework/src/Illuminate/Foundation/Http/Kernel.php(175): Illuminate\\Pipeline\\Pipeline->then()
#59 /var/www/indonesia-luxe/vendor/laravel/framework/src/Illuminate/Foundation/Http/Kernel.php(144): Illuminate\\Foundation\\Http\\Kernel->sendRequestThroughRouter()
#60 /var/www/indonesia-luxe/vendor/laravel/framework/src/Illuminate/Foundation/Application.php(1220): Illuminate\\Foundation\\Http\\Kernel->handle()
#61 /var/www/indonesia-luxe/public/index.php(20): Illuminate\\Foundation\\Application->handleRequest()
#62 {main}
"} 
[2026-06-11 00:37:47] local.ERROR: Unable to find component: [pages.auth.register] {"exception":"[object] (Livewire\\Exceptions\\ComponentNotFoundException(code: 0): Unable to find component: [pages.auth.register] at /var/www/indonesia-luxe/vendor/livewire/livewire/src/Factory/Factory.php:76)
[stacktrace]
#0 /var/www/indonesia-luxe/vendor/livewire/livewire/src/Factory/Factory.php(88): Livewire\\Factory\\Factory->resolveComponentNameAndClass()
#1 /var/www/indonesia-luxe/vendor/livewire/livewire/src/Features/SupportReleaseTokens/ReleaseToken.php(15): Livewire\\Factory\\Factory->resolveComponentClass()
#2 /var/www/indonesia-luxe/vendor/livewire/livewire/src/Features/SupportReleaseTokens/SupportReleaseTokens.php(20): Livewire\\Features\\SupportReleaseTokens\\ReleaseToken::verify()
#3 /var/www/indonesia-luxe/vendor/livewire/livewire/src/EventBus.php(87): Livewire\\Features\\SupportReleaseTokens\\SupportReleaseTokens::{closure:Livewire\\Features\\SupportReleaseTokens\\SupportReleaseTokens::provide():19}()
#4 /var/www/indonesia-luxe/vendor/livewire/livewire/src/helpers.php(98): Livewire\\EventBus->trigger()
#5 /var/www/indonesia-luxe/vendor/livewire/livewire/src/Mechanisms/HandleComponents/Checksum.php(22): Livewire\\trigger()
#6 /var/www/indonesia-luxe/vendor/livewire/livewire/src/Mechanisms/HandleComponents/HandleComponents.php(244): Livewire\\Mechanisms\\HandleComponents\\Checksum::verify()
#7 /var/www/indonesia-luxe/vendor/livewire/livewire/src/Mechanisms/HandleComponents/HandleComponents.php(210): Livewire\\Mechanisms\\HandleComponents\\HandleComponents->fromSnapshot()
#8 /var/www/indonesia-luxe/vendor/livewire/livewire/src/LivewireManager.php(131): Livewire\\Mechanisms\\HandleComponents\\HandleComponents->update()
#9 /var/www/indonesia-luxe/vendor/livewire/livewire/src/Mechanisms/HandleRequests/HandleRequests.php(156): Livewire\\LivewireManager->update()
#10 /var/www/indonesia-luxe/vendor/laravel/framework/src/Illuminate/Routing/ControllerDispatcher.php(46): Livewire\\Mechanisms\\HandleRequests\\HandleRequests->handleUpdate()
#11 /var/www/indonesia-luxe/vendor/laravel/framework/src/Illuminate/Routing/Route.php(265): Illuminate\\Routing\\ControllerDispatcher->dispatch()
#12 /var/www/indonesia-luxe/vendor/laravel/framework/src/Illuminate/Routing/Route.php(211): Illuminate\\Routing\\Route->runController()
#13 /var/www/indonesia-luxe/vendor/laravel/framework/src/Illuminate/Routing/Router.php(822): Illuminate\\Routing\\Route->run()
#14 /var/www/indonesia-luxe/vendor/laravel/framework/src/Illuminate/Pipeline/Pipeline.php(180): Illuminate\\Routing\\Router->{closure:Illuminate\\Routing\\Router::runRouteWithinStack():821}()
#15 /var/www/indonesia-luxe/vendor/laravel/boost/src/Middleware/InjectBoost.php(22): Illuminate\\Pipeline\\Pipeline->{closure:Illuminate\\Pipeline\\Pipeline::prepareDestination():178}()
#16 /var/www/indonesia-luxe/vendor/laravel/framework/src/Illuminate/Pipeline/Pipeline.php(219): Laravel\\Boost\\Middleware\\InjectBoost->handle()
#17 /var/www/indonesia-luxe/app/Http/Middleware/SetLocale.php(28): Illuminate\\Pipeline\\Pipeline->{closure:{closure:Illuminate\\Pipeline\\Pipeline::carry():194}:195}()
#18 /var/www/indonesia-luxe/vendor/laravel/framework/src/Illuminate/Pipeline/Pipeline.php(219): App\\Http\\Middleware\\SetLocale->handle()
#19 /var/www/indonesia-luxe/vendor/laravel/framework/src/Illuminate/Routing/Middleware/SubstituteBindings.php(50): Illuminate\\Pipeline\\Pipeline->{closure:{closure:Illuminate\\Pipeline\\Pipeline::carry():194}:195}()
#20 /var/www/indonesia-luxe/vendor/laravel/framework/src/Illuminate/Pipeline/Pipeline.php(219): Illuminate\\Routing\\Middleware\\SubstituteBindings->handle()
#21 /var/www/indonesia-luxe/vendor/laravel/framework/src/Illuminate/Foundation/Http/Middleware/VerifyCsrfToken.php(87): Illuminate\\Pipeline\\Pipeline->{closure:{closure:Illuminate\\Pipeline\\Pipeline::carry():194}:195}()
#22 /var/www/indonesia-luxe/vendor/laravel/framework/src/Illuminate/Pipeline/Pipeline.php(219): Illuminate\\Foundation\\Http\\Middleware\\VerifyCsrfToken->handle()
#23 /var/www/indonesia-luxe/vendor/laravel/framework/src/Illuminate/View/Middleware/ShareErrorsFromSession.php(48): Illuminate\\Pipeline\\Pipeline->{closure:{closure:Illuminate\\Pipeline\\Pipeline::carry():194}:195}()
#24 /var/www/indonesia-luxe/vendor/laravel/framework/src/Illuminate/Pipeline/Pipeline.php(219): Illuminate\\View\\Middleware\\ShareErrorsFromSession->handle()
#25 /var/www/indonesia-luxe/vendor/laravel/framework/src/Illuminate/Session/Middleware/StartSession.php(120): Illuminate\\Pipeline\\Pipeline->{closure:{closure:Illuminate\\Pipeline\\Pipeline::carry():194}:195}()
#26 /var/www/indonesia-luxe/vendor/laravel/framework/src/Illuminate/Session/Middleware/StartSession.php(63): Illuminate\\Session\\Middleware\\StartSession->handleStatefulRequest()
#27 /var/www/indonesia-luxe/vendor/laravel/framework/src/Illuminate/Pipeline/Pipeline.php(219): Illuminate\\Session\\Middleware\\StartSession->handle()
#28 /var/www/indonesia-luxe/vendor/laravel/framework/src/Illuminate/Cookie/Middleware/AddQueuedCookiesToResponse.php(36): Illuminate\\Pipeline\\Pipeline->{closure:{closure:Illuminate\\Pipeline\\Pipeline::carry():194}:195}()
#29 /var/www/indonesia-luxe/vendor/laravel/framework/src/Illuminate/Pipeline/Pipeline.php(219): Illuminate\\Cookie\\Middleware\\AddQueuedCookiesToResponse->handle()
#30 /var/www/indonesia-luxe/vendor/laravel/framework/src/Illuminate/Cookie/Middleware/EncryptCookies.php(74): Illuminate\\Pipeline\\Pipeline->{closure:{closure:Illuminate\\Pipeline\\Pipeline::carry():194}:195}()
#31 /var/www/indonesia-luxe/vendor/laravel/framework/src/Illuminate/Pipeline/Pipeline.php(219): Illuminate\\Cookie\\Middleware\\EncryptCookies->handle()
#32 /var/www/indonesia-luxe/vendor/laravel/framework/src/Illuminate/Pipeline/Pipeline.php(137): Illuminate\\Pipeline\\Pipeline->{closure:{closure:Illuminate\\Pipeline\\Pipeline::carry():194}:195}()
#33 /var/www/indonesia-luxe/vendor/laravel/framework/src/Illuminate/Routing/Router.php(821): Illuminate\\Pipeline\\Pipeline->then()
#34 /var/www/indonesia-luxe/vendor/laravel/framework/src/Illuminate/Routing/Router.php(800): Illuminate\\Routing\\Router->runRouteWithinStack()
#35 /var/www/indonesia-luxe/vendor/laravel/framework/src/Illuminate/Routing/Router.php(764): Illuminate\\Routing\\Router->runRoute()
#36 /var/www/indonesia-luxe/vendor/laravel/framework/src/Illuminate/Routing/Router.php(753): Illuminate\\Routing\\Router->dispatchToRoute()
#37 /var/www/indonesia-luxe/vendor/laravel/framework/src/Illuminate/Foundation/Http/Kernel.php(200): Illuminate\\Routing\\Router->dispatch()
#38 /var/www/indonesia-luxe/vendor/laravel/framework/src/Illuminate/Pipeline/Pipeline.php(180): Illuminate\\Foundation\\Http\\Kernel->{closure:Illuminate\\Foundation\\Http\\Kernel::dispatchToRouter():197}()
#39 /var/www/indonesia-luxe/vendor/livewire/livewire/src/Features/SupportDisablingBackButtonCache/DisableBackButtonCacheMiddleware.php(19): Illuminate\\Pipeline\\Pipeline->{closure:Illuminate\\Pipeline\\Pipeline::prepareDestination():178}()
#40 /var/www/indonesia-luxe/vendor/laravel/framework/src/Illuminate/Pipeline/Pipeline.php(219): Livewire\\Features\\SupportDisablingBackButtonCache\\DisableBackButtonCacheMiddleware->handle()
#41 /var/www/indonesia-luxe/vendor/laravel/framework/src/Illuminate/Foundation/Http/Middleware/ConvertEmptyStringsToNull.php(27): Illuminate\\Pipeline\\Pipeline->{closure:{closure:Illuminate\\Pipeline\\Pipeline::carry():194}:195}()
#42 /var/www/indonesia-luxe/vendor/laravel/framework/src/Illuminate/Pipeline/Pipeline.php(219): Illuminate\\Foundation\\Http\\Middleware\\ConvertEmptyStringsToNull->handle()
#43 /var/www/indonesia-luxe/vendor/laravel/framework/src/Illuminate/Foundation/Http/Middleware/TrimStrings.php(47): Illuminate\\Pipeline\\Pipeline->{closure:{closure:Illuminate\\Pipeline\\Pipeline::carry():194}:195}()
#44 /var/www/indonesia-luxe/vendor/laravel/framework/src/Illuminate/Pipeline/Pipeline.php(219): Illuminate\\Foundation\\Http\\Middleware\\TrimStrings->handle()
#45 /var/www/indonesia-luxe/vendor/laravel/framework/src/Illuminate/Http/Middleware/ValidatePostSize.php(27): Illuminate\\Pipeline\\Pipeline->{closure:{closure:Illuminate\\Pipeline\\Pipeline::carry():194}:195}()
#46 /var/www/indonesia-luxe/vendor/laravel/framework/src/Illuminate/Pipeline/Pipeline.php(219): Illuminate\\Http\\Middleware\\ValidatePostSize->handle()
#47 /var/www/indonesia-luxe/vendor/laravel/framework/src/Illuminate/Foundation/Http/Middleware/PreventRequestsDuringMaintenance.php(109): Illuminate\\Pipeline\\Pipeline->{closure:{closure:Illuminate\\Pipeline\\Pipeline::carry():194}:195}()
#48 /var/www/indonesia-luxe/vendor/laravel/framework/src/Illuminate/Pipeline/Pipeline.php(219): Illuminate\\Foundation\\Http\\Middleware\\PreventRequestsDuringMaintenance->handle()
#49 /var/www/indonesia-luxe/vendor/laravel/framework/src/Illuminate/Http/Middleware/HandleCors.php(61): Illuminate\\Pipeline\\Pipeline->{closure:{closure:Illuminate\\Pipeline\\Pipeline::carry():194}:195}()
#50 /var/www/indonesia-luxe/vendor/laravel/framework/src/Illuminate/Pipeline/Pipeline.php(219): Illuminate\\Http\\Middleware\\HandleCors->handle()
#51 /var/www/indonesia-luxe/vendor/laravel/framework/src/Illuminate/Http/Middleware/TrustProxies.php(58): Illuminate\\Pipeline\\Pipeline->{closure:{closure:Illuminate\\Pipeline\\Pipeline::carry():194}:195}()
#52 /var/www/indonesia-luxe/vendor/laravel/framework/src/Illuminate/Pipeline/Pipeline.php(219): Illuminate\\Http\\Middleware\\TrustProxies->handle()
#53 /var/www/indonesia-luxe/vendor/laravel/framework/src/Illuminate/Foundation/Http/Middleware/InvokeDeferredCallbacks.php(22): Illuminate\\Pipeline\\Pipeline->{closure:{closure:Illuminate\\Pipeline\\Pipeline::carry():194}:195}()
#54 /var/www/indonesia-luxe/vendor/laravel/framework/src/Illuminate/Pipeline/Pipeline.php(219): Illuminate\\Foundation\\Http\\Middleware\\InvokeDeferredCallbacks->handle()
#55 /var/www/indonesia-luxe/vendor/laravel/framework/src/Illuminate/Http/Middleware/ValidatePathEncoding.php(26): Illuminate\\Pipeline\\Pipeline->{closure:{closure:Illuminate\\Pipeline\\Pipeline::carry():194}:195}()
#56 /var/www/indonesia-luxe/vendor/laravel/framework/src/Illuminate/Pipeline/Pipeline.php(219): Illuminate\\Http\\Middleware\\ValidatePathEncoding->handle()
#57 /var/www/indonesia-luxe/vendor/laravel/framework/src/Illuminate/Pipeline/Pipeline.php(137): Illuminate\\Pipeline\\Pipeline->{closure:{closure:Illuminate\\Pipeline\\Pipeline::carry():194}:195}()
#58 /var/www/indonesia-luxe/vendor/laravel/framework/src/Illuminate/Foundation/Http/Kernel.php(175): Illuminate\\Pipeline\\Pipeline->then()
#59 /var/www/indonesia-luxe/vendor/laravel/framework/src/Illuminate/Foundation/Http/Kernel.php(144): Illuminate\\Foundation\\Http\\Kernel->sendRequestThroughRouter()
#60 /var/www/indonesia-luxe/vendor/laravel/framework/src/Illuminate/Foundation/Application.php(1220): Illuminate\\Foundation\\Http\\Kernel->handle()
#61 /var/www/indonesia-luxe/public/index.php(20): Illuminate\\Foundation\\Application->handleRequest()
#62 {main}
"} 
[2026-06-11 00:37:53] local.ERROR: Livewire encountered corrupt data when trying to hydrate a component. 
Ensure that the [name, id, data] of the Livewire component wasn't tampered with between requests. {"exception":"[object] (Livewire\\Mechanisms\\HandleComponents\\CorruptComponentPayloadException(code: 0): Livewire encountered corrupt data when trying to hydrate a component. 
Ensure that the [name, id, data] of the Livewire component wasn't tampered with between requests. at /var/www/indonesia-luxe/vendor/livewire/livewire/src/Mechanisms/HandleComponents/Checksum.php:29)
[stacktrace]
#0 /var/www/indonesia-luxe/vendor/livewire/livewire/src/Mechanisms/HandleComponents/HandleComponents.php(244): Livewire\\Mechanisms\\HandleComponents\\Checksum::verify()
#1 /var/www/indonesia-luxe/vendor/livewire/livewire/src/Mechanisms/HandleComponents/HandleComponents.php(210): Livewire\\Mechanisms\\HandleComponents\\HandleComponents->fromSnapshot()
#2 /var/www/indonesia-luxe/vendor/livewire/livewire/src/LivewireManager.php(131): Livewire\\Mechanisms\\HandleComponents\\HandleComponents->update()
#3 /var/www/indonesia-luxe/vendor/livewire/livewire/src/Mechanisms/HandleRequests/HandleRequests.php(156): Livewire\\LivewireManager->update()
#4 /var/www/indonesia-luxe/vendor/laravel/framework/src/Illuminate/Routing/ControllerDispatcher.php(46): Livewire\\Mechanisms\\HandleRequests\\HandleRequests->handleUpdate()
#5 /var/www/indonesia-luxe/vendor/laravel/framework/src/Illuminate/Routing/Route.php(265): Illuminate\\Routing\\ControllerDispatcher->dispatch()
#6 /var/www/indonesia-luxe/vendor/laravel/framework/src/Illuminate/Routing/Route.php(211): Illuminate\\Routing\\Route->runController()
#7 /var/www/indonesia-luxe/vendor/laravel/framework/src/Illuminate/Routing/Router.php(822): Illuminate\\Routing\\Route->run()
#8 /var/www/indonesia-luxe/vendor/laravel/framework/src/Illuminate/Pipeline/Pipeline.php(180): Illuminate\\Routing\\Router->{closure:Illuminate\\Routing\\Router::runRouteWithinStack():821}()
#9 /var/www/indonesia-luxe/vendor/laravel/boost/src/Middleware/InjectBoost.php(22): Illuminate\\Pipeline\\Pipeline->{closure:Illuminate\\Pipeline\\Pipeline::prepareDestination():178}()
#10 /var/www/indonesia-luxe/vendor/laravel/framework/src/Illuminate/Pipeline/Pipeline.php(219): Laravel\\Boost\\Middleware\\InjectBoost->handle()
#11 /var/www/indonesia-luxe/app/Http/Middleware/SetLocale.php(28): Illuminate\\Pipeline\\Pipeline->{closure:{closure:Illuminate\\Pipeline\\Pipeline::carry():194}:195}()
#12 /var/www/indonesia-luxe/vendor/laravel/framework/src/Illuminate/Pipeline/Pipeline.php(219): App\\Http\\Middleware\\SetLocale->handle()
#13 /var/www/indonesia-luxe/vendor/laravel/framework/src/Illuminate/Routing/Middleware/SubstituteBindings.php(50): Illuminate\\Pipeline\\Pipeline->{closure:{closure:Illuminate\\Pipeline\\Pipeline::carry():194}:195}()
#14 /var/www/indonesia-luxe/vendor/laravel/framework/src/Illuminate/Pipeline/Pipeline.php(219): Illuminate\\Routing\\Middleware\\SubstituteBindings->handle()
#15 /var/www/indonesia-luxe/vendor/laravel/framework/src/Illuminate/Foundation/Http/Middleware/VerifyCsrfToken.php(87): Illuminate\\Pipeline\\Pipeline->{closure:{closure:Illuminate\\Pipeline\\Pipeline::carry():194}:195}()
#16 /var/www/indonesia-luxe/vendor/laravel/framework/src/Illuminate/Pipeline/Pipeline.php(219): Illuminate\\Foundation\\Http\\Middleware\\VerifyCsrfToken->handle()
#17 /var/www/indonesia-luxe/vendor/laravel/framework/src/Illuminate/View/Middleware/ShareErrorsFromSession.php(48): Illuminate\\Pipeline\\Pipeline->{closure:{closure:Illuminate\\Pipeline\\Pipeline::carry():194}:195}()
#18 /var/www/indonesia-luxe/vendor/laravel/framework/src/Illuminate/Pipeline/Pipeline.php(219): Illuminate\\View\\Middleware\\ShareErrorsFromSession->handle()
#19 /var/www/indonesia-luxe/vendor/laravel/framework/src/Illuminate/Session/Middleware/StartSession.php(120): Illuminate\\Pipeline\\Pipeline->{closure:{closure:Illuminate\\Pipeline\\Pipeline::carry():194}:195}()
#20 /var/www/indonesia-luxe/vendor/laravel/framework/src/Illuminate/Session/Middleware/StartSession.php(63): Illuminate\\Session\\Middleware\\StartSession->handleStatefulRequest()
#21 /var/www/indonesia-luxe/vendor/laravel/framework/src/Illuminate/Pipeline/Pipeline.php(219): Illuminate\\Session\\Middleware\\StartSession->handle()
#22 /var/www/indonesia-luxe/vendor/laravel/framework/src/Illuminate/Cookie/Middleware/AddQueuedCookiesToResponse.php(36): Illuminate\\Pipeline\\Pipeline->{closure:{closure:Illuminate\\Pipeline\\Pipeline::carry():194}:195}()
#23 /var/www/indonesia-luxe/vendor/laravel/framework/src/Illuminate/Pipeline/Pipeline.php(219): Illuminate\\Cookie\\Middleware\\AddQueuedCookiesToResponse->handle()
#24 /var/www/indonesia-luxe/vendor/laravel/framework/src/Illuminate/Cookie/Middleware/EncryptCookies.php(74): Illuminate\\Pipeline\\Pipeline->{closure:{closure:Illuminate\\Pipeline\\Pipeline::carry():194}:195}()
#25 /var/www/indonesia-luxe/vendor/laravel/framework/src/Illuminate/Pipeline/Pipeline.php(219): Illuminate\\Cookie\\Middleware\\EncryptCookies->handle()
#26 /var/www/indonesia-luxe/vendor/laravel/framework/src/Illuminate/Pipeline/Pipeline.php(137): Illuminate\\Pipeline\\Pipeline->{closure:{closure:Illuminate\\Pipeline\\Pipeline::carry():194}:195}()
#27 /var/www/indonesia-luxe/vendor/laravel/framework/src/Illuminate/Routing/Router.php(821): Illuminate\\Pipeline\\Pipeline->then()
#28 /var/www/indonesia-luxe/vendor/laravel/framework/src/Illuminate/Routing/Router.php(800): Illuminate\\Routing\\Router->runRouteWithinStack()
#29 /var/www/indonesia-luxe/vendor/laravel/framework/src/Illuminate/Routing/Router.php(764): Illuminate\\Routing\\Router->runRoute()
#30 /var/www/indonesia-luxe/vendor/laravel/framework/src/Illuminate/Routing/Router.php(753): Illuminate\\Routing\\Router->dispatchToRoute()
#31 /var/www/indonesia-luxe/vendor/laravel/framework/src/Illuminate/Foundation/Http/Kernel.php(200): Illuminate\\Routing\\Router->dispatch()
#32 /var/www/indonesia-luxe/vendor/laravel/framework/src/Illuminate/Pipeline/Pipeline.php(180): Illuminate\\Foundation\\Http\\Kernel->{closure:Illuminate\\Foundation\\Http\\Kernel::dispatchToRouter():197}()
#33 /var/www/indonesia-luxe/vendor/livewire/livewire/src/Features/SupportDisablingBackButtonCache/DisableBackButtonCacheMiddleware.php(19): Illuminate\\Pipeline\\Pipeline->{closure:Illuminate\\Pipeline\\Pipeline::prepareDestination():178}()
#34 /var/www/indonesia-luxe/vendor/laravel/framework/src/Illuminate/Pipeline/Pipeline.php(219): Livewire\\Features\\SupportDisablingBackButtonCache\\DisableBackButtonCacheMiddleware->handle()
#35 /var/www/indonesia-luxe/vendor/laravel/framework/src/Illuminate/Foundation/Http/Middleware/ConvertEmptyStringsToNull.php(27): Illuminate\\Pipeline\\Pipeline->{closure:{closure:Illuminate\\Pipeline\\Pipeline::carry():194}:195}()
#36 /var/www/indonesia-luxe/vendor/laravel/framework/src/Illuminate/Pipeline/Pipeline.php(219): Illuminate\\Foundation\\Http\\Middleware\\ConvertEmptyStringsToNull->handle()
#37 /var/www/indonesia-luxe/vendor/laravel/framework/src/Illuminate/Foundation/Http/Middleware/TrimStrings.php(47): Illuminate\\Pipeline\\Pipeline->{closure:{closure:Illuminate\\Pipeline\\Pipeline::carry():194}:195}()
#38 /var/www/indonesia-luxe/vendor/laravel/framework/src/Illuminate/Pipeline/Pipeline.php(219): Illuminate\\Foundation\\Http\\Middleware\\TrimStrings->handle()
#39 /var/www/indonesia-luxe/vendor/laravel/framework/src/Illuminate/Http/Middleware/ValidatePostSize.php(27): Illuminate\\Pipeline\\Pipeline->{closure:{closure:Illuminate\\Pipeline\\Pipeline::carry():194}:195}()
#40 /var/www/indonesia-luxe/vendor/laravel/framework/src/Illuminate/Pipeline/Pipeline.php(219): Illuminate\\Http\\Middleware\\ValidatePostSize->handle()
#41 /var/www/indonesia-luxe/vendor/laravel/framework/src/Illuminate/Foundation/Http/Middleware/PreventRequestsDuringMaintenance.php(109): Illuminate\\Pipeline\\Pipeline->{closure:{closure:Illuminate\\Pipeline\\Pipeline::carry():194}:195}()
#42 /var/www/indonesia-luxe/vendor/laravel/framework/src/Illuminate/Pipeline/Pipeline.php(219): Illuminate\\Foundation\\Http\\Middleware\\PreventRequestsDuringMaintenance->handle()
#43 /var/www/indonesia-luxe/vendor/laravel/framework/src/Illuminate/Http/Middleware/HandleCors.php(61): Illuminate\\Pipeline\\Pipeline->{closure:{closure:Illuminate\\Pipeline\\Pipeline::carry():194}:195}()
#44 /var/www/indonesia-luxe/vendor/laravel/framework/src/Illuminate/Pipeline/Pipeline.php(219): Illuminate\\Http\\Middleware\\HandleCors->handle()
#45 /var/www/indonesia-luxe/vendor/laravel/framework/src/Illuminate/Http/Middleware/TrustProxies.php(58): Illuminate\\Pipeline\\Pipeline->{closure:{closure:Illuminate\\Pipeline\\Pipeline::carry():194}:195}()
#46 /var/www/indonesia-luxe/vendor/laravel/framework/src/Illuminate/Pipeline/Pipeline.php(219): Illuminate\\Http\\Middleware\\TrustProxies->handle()
#47 /var/www/indonesia-luxe/vendor/laravel/framework/src/Illuminate/Foundation/Http/Middleware/InvokeDeferredCallbacks.php(22): Illuminate\\Pipeline\\Pipeline->{closure:{closure:Illuminate\\Pipeline\\Pipeline::carry():194}:195}()
#48 /var/www/indonesia-luxe/vendor/laravel/framework/src/Illuminate/Pipeline/Pipeline.php(219): Illuminate\\Foundation\\Http\\Middleware\\InvokeDeferredCallbacks->handle()
#49 /var/www/indonesia-luxe/vendor/laravel/framework/src/Illuminate/Http/Middleware/ValidatePathEncoding.php(26): Illuminate\\Pipeline\\Pipeline->{closure:{closure:Illuminate\\Pipeline\\Pipeline::carry():194}:195}()
#50 /var/www/indonesia-luxe/vendor/laravel/framework/src/Illuminate/Pipeline/Pipeline.php(219): Illuminate\\Http\\Middleware\\ValidatePathEncoding->handle()
#51 /var/www/indonesia-luxe/vendor/laravel/framework/src/Illuminate/Pipeline/Pipeline.php(137): Illuminate\\Pipeline\\Pipeline->{closure:{closure:Illuminate\\Pipeline\\Pipeline::carry():194}:195}()
#52 /var/www/indonesia-luxe/vendor/laravel/framework/src/Illuminate/Foundation/Http/Kernel.php(175): Illuminate\\Pipeline\\Pipeline->then()
#53 /var/www/indonesia-luxe/vendor/laravel/framework/src/Illuminate/Foundation/Http/Kernel.php(144): Illuminate\\Foundation\\Http\\Kernel->sendRequestThroughRouter()
#54 /var/www/indonesia-luxe/vendor/laravel/framework/src/Illuminate/Foundation/Application.php(1220): Illuminate\\Foundation\\Http\\Kernel->handle()
#55 /var/www/indonesia-luxe/public/index.php(20): Illuminate\\Foundation\\Application->handleRequest()
#56 {main}
"} 
[2026-06-11 00:37:55] local.ERROR: Livewire encountered corrupt data when trying to hydrate a component. 
Ensure that the [name, id, data] of the Livewire component wasn't tampered with between requests. {"exception":"[object] (Livewire\\Mechanisms\\HandleComponents\\CorruptComponentPayloadException(code: 0): Livewire encountered corrupt data when trying to hydrate a component. 
Ensure that the [name, id, data] of the Livewire component wasn't tampered with between requests. at /var/www/indonesia-luxe/vendor/livewire/livewire/src/Mechanisms/HandleComponents/Checksum.php:29)
[stacktrace]
#0 /var/www/indonesia-luxe/vendor/livewire/livewire/src/Mechanisms/HandleComponents/HandleComponents.php(244): Livewire\\Mechanisms\\HandleComponents\\Checksum::verify()
#1 /var/www/indonesia-luxe/vendor/livewire/livewire/src/Mechanisms/HandleComponents/HandleComponents.php(210): Livewire\\Mechanisms\\HandleComponents\\HandleComponents->fromSnapshot()
#2 /var/www/indonesia-luxe/vendor/livewire/livewire/src/LivewireManager.php(131): Livewire\\Mechanisms\\HandleComponents\\HandleComponents->update()
#3 /var/www/indonesia-luxe/vendor/livewire/livewire/src/Mechanisms/HandleRequests/HandleRequests.php(156): Livewire\\LivewireManager->update()
#4 /var/www/indonesia-luxe/vendor/laravel/framework/src/Illuminate/Routing/ControllerDispatcher.php(46): Livewire\\Mechanisms\\HandleRequests\\HandleRequests->handleUpdate()
#5 /var/www/indonesia-luxe/vendor/laravel/framework/src/Illuminate/Routing/Route.php(265): Illuminate\\Routing\\ControllerDispatcher->dispatch()
#6 /var/www/indonesia-luxe/vendor/laravel/framework/src/Illuminate/Routing/Route.php(211): Illuminate\\Routing\\Route->runController()
#7 /var/www/indonesia-luxe/vendor/laravel/framework/src/Illuminate/Routing/Router.php(822): Illuminate\\Routing\\Route->run()
#8 /var/www/indonesia-luxe/vendor/laravel/framework/src/Illuminate/Pipeline/Pipeline.php(180): Illuminate\\Routing\\Router->{closure:Illuminate\\Routing\\Router::runRouteWithinStack():821}()
#9 /var/www/indonesia-luxe/vendor/laravel/boost/src/Middleware/InjectBoost.php(22): Illuminate\\Pipeline\\Pipeline->{closure:Illuminate\\Pipeline\\Pipeline::prepareDestination():178}()
#10 /var/www/indonesia-luxe/vendor/laravel/framework/src/Illuminate/Pipeline/Pipeline.php(219): Laravel\\Boost\\Middleware\\InjectBoost->handle()
#11 /var/www/indonesia-luxe/app/Http/Middleware/SetLocale.php(28): Illuminate\\Pipeline\\Pipeline->{closure:{closure:Illuminate\\Pipeline\\Pipeline::carry():194}:195}()
#12 /var/www/indonesia-luxe/vendor/laravel/framework/src/Illuminate/Pipeline/Pipeline.php(219): App\\Http\\Middleware\\SetLocale->handle()
#13 /var/www/indonesia-luxe/vendor/laravel/framework/src/Illuminate/Routing/Middleware/SubstituteBindings.php(50): Illuminate\\Pipeline\\Pipeline->{closure:{closure:Illuminate\\Pipeline\\Pipeline::carry():194}:195}()
#14 /var/www/indonesia-luxe/vendor/laravel/framework/src/Illuminate/Pipeline/Pipeline.php(219): Illuminate\\Routing\\Middleware\\SubstituteBindings->handle()
#15 /var/www/indonesia-luxe/vendor/laravel/framework/src/Illuminate/Foundation/Http/Middleware/VerifyCsrfToken.php(87): Illuminate\\Pipeline\\Pipeline->{closure:{closure:Illuminate\\Pipeline\\Pipeline::carry():194}:195}()
#16 /var/www/indonesia-luxe/vendor/laravel/framework/src/Illuminate/Pipeline/Pipeline.php(219): Illuminate\\Foundation\\Http\\Middleware\\VerifyCsrfToken->handle()
#17 /var/www/indonesia-luxe/vendor/laravel/framework/src/Illuminate/View/Middleware/ShareErrorsFromSession.php(48): Illuminate\\Pipeline\\Pipeline->{closure:{closure:Illuminate\\Pipeline\\Pipeline::carry():194}:195}()
#18 /var/www/indonesia-luxe/vendor/laravel/framework/src/Illuminate/Pipeline/Pipeline.php(219): Illuminate\\View\\Middleware\\ShareErrorsFromSession->handle()
#19 /var/www/indonesia-luxe/vendor/laravel/framework/src/Illuminate/Session/Middleware/StartSession.php(120): Illuminate\\Pipeline\\Pipeline->{closure:{closure:Illuminate\\Pipeline\\Pipeline::carry():194}:195}()
#20 /var/www/indonesia-luxe/vendor/laravel/framework/src/Illuminate/Session/Middleware/StartSession.php(63): Illuminate\\Session\\Middleware\\StartSession->handleStatefulRequest()
#21 /var/www/indonesia-luxe/vendor/laravel/framework/src/Illuminate/Pipeline/Pipeline.php(219): Illuminate\\Session\\Middleware\\StartSession->handle()
#22 /var/www/indonesia-luxe/vendor/laravel/framework/src/Illuminate/Cookie/Middleware/AddQueuedCookiesToResponse.php(36): Illuminate\\Pipeline\\Pipeline->{closure:{closure:Illuminate\\Pipeline\\Pipeline::carry():194}:195}()
#23 /var/www/indonesia-luxe/vendor/laravel/framework/src/Illuminate/Pipeline/Pipeline.php(219): Illuminate\\Cookie\\Middleware\\AddQueuedCookiesToResponse->handle()
#24 /var/www/indonesia-luxe/vendor/laravel/framework/src/Illuminate/Cookie/Middleware/EncryptCookies.php(74): Illuminate\\Pipeline\\Pipeline->{closure:{closure:Illuminate\\Pipeline\\Pipeline::carry():194}:195}()
#25 /var/www/indonesia-luxe/vendor/laravel/framework/src/Illuminate/Pipeline/Pipeline.php(219): Illuminate\\Cookie\\Middleware\\EncryptCookies->handle()
#26 /var/www/indonesia-luxe/vendor/laravel/framework/src/Illuminate/Pipeline/Pipeline.php(137): Illuminate\\Pipeline\\Pipeline->{closure:{closure:Illuminate\\Pipeline\\Pipeline::carry():194}:195}()
#27 /var/www/indonesia-luxe/vendor/laravel/framework/src/Illuminate/Routing/Router.php(821): Illuminate\\Pipeline\\Pipeline->then()
#28 /var/www/indonesia-luxe/vendor/laravel/framework/src/Illuminate/Routing/Router.php(800): Illuminate\\Routing\\Router->runRouteWithinStack()
#29 /var/www/indonesia-luxe/vendor/laravel/framework/src/Illuminate/Routing/Router.php(764): Illuminate\\Routing\\Router->runRoute()
#30 /var/www/indonesia-luxe/vendor/laravel/framework/src/Illuminate/Routing/Router.php(753): Illuminate\\Routing\\Router->dispatchToRoute()
#31 /var/www/indonesia-luxe/vendor/laravel/framework/src/Illuminate/Foundation/Http/Kernel.php(200): Illuminate\\Routing\\Router->dispatch()
#32 /var/www/indonesia-luxe/vendor/laravel/framework/src/Illuminate/Pipeline/Pipeline.php(180): Illuminate\\Foundation\\Http\\Kernel->{closure:Illuminate\\Foundation\\Http\\Kernel::dispatchToRouter():197}()
#33 /var/www/indonesia-luxe/vendor/livewire/livewire/src/Features/SupportDisablingBackButtonCache/DisableBackButtonCacheMiddleware.php(19): Illuminate\\Pipeline\\Pipeline->{closure:Illuminate\\Pipeline\\Pipeline::prepareDestination():178}()
#34 /var/www/indonesia-luxe/vendor/laravel/framework/src/Illuminate/Pipeline/Pipeline.php(219): Livewire\\Features\\SupportDisablingBackButtonCache\\DisableBackButtonCacheMiddleware->handle()
#35 /var/www/indonesia-luxe/vendor/laravel/framework/src/Illuminate/Foundation/Http/Middleware/ConvertEmptyStringsToNull.php(27): Illuminate\\Pipeline\\Pipeline->{closure:{closure:Illuminate\\Pipeline\\Pipeline::carry():194}:195}()
#36 /var/www/indonesia-luxe/vendor/laravel/framework/src/Illuminate/Pipeline/Pipeline.php(219): Illuminate\\Foundation\\Http\\Middleware\\ConvertEmptyStringsToNull->handle()
#37 /var/www/indonesia-luxe/vendor/laravel/framework/src/Illuminate/Foundation/Http/Middleware/TrimStrings.php(47): Illuminate\\Pipeline\\Pipeline->{closure:{closure:Illuminate\\Pipeline\\Pipeline::carry():194}:195}()
#38 /var/www/indonesia-luxe/vendor/laravel/framework/src/Illuminate/Pipeline/Pipeline.php(219): Illuminate\\Foundation\\Http\\Middleware\\TrimStrings->handle()
#39 /var/www/indonesia-luxe/vendor/laravel/framework/src/Illuminate/Http/Middleware/ValidatePostSize.php(27): Illuminate\\Pipeline\\Pipeline->{closure:{closure:Illuminate\\Pipeline\\Pipeline::carry():194}:195}()
#40 /var/www/indonesia-luxe/vendor/laravel/framework/src/Illuminate/Pipeline/Pipeline.php(219): Illuminate\\Http\\Middleware\\ValidatePostSize->handle()
#41 /var/www/indonesia-luxe/vendor/laravel/framework/src/Illuminate/Foundation/Http/Middleware/PreventRequestsDuringMaintenance.php(109): Illuminate\\Pipeline\\Pipeline->{closure:{closure:Illuminate\\Pipeline\\Pipeline::carry():194}:195}()
#42 /var/www/indonesia-luxe/vendor/laravel/framework/src/Illuminate/Pipeline/Pipeline.php(219): Illuminate\\Foundation\\Http\\Middleware\\PreventRequestsDuringMaintenance->handle()
#43 /var/www/indonesia-luxe/vendor/laravel/framework/src/Illuminate/Http/Middleware/HandleCors.php(61): Illuminate\\Pipeline\\Pipeline->{closure:{closure:Illuminate\\Pipeline\\Pipeline::carry():194}:195}()
#44 /var/www/indonesia-luxe/vendor/laravel/framework/src/Illuminate/Pipeline/Pipeline.php(219): Illuminate\\Http\\Middleware\\HandleCors->handle()
#45 /var/www/indonesia-luxe/vendor/laravel/framework/src/Illuminate/Http/Middleware/TrustProxies.php(58): Illuminate\\Pipeline\\Pipeline->{closure:{closure:Illuminate\\Pipeline\\Pipeline::carry():194}:195}()
#46 /var/www/indonesia-luxe/vendor/laravel/framework/src/Illuminate/Pipeline/Pipeline.php(219): Illuminate\\Http\\Middleware\\TrustProxies->handle()
#47 /var/www/indonesia-luxe/vendor/laravel/framework/src/Illuminate/Foundation/Http/Middleware/InvokeDeferredCallbacks.php(22): Illuminate\\Pipeline\\Pipeline->{closure:{closure:Illuminate\\Pipeline\\Pipeline::carry():194}:195}()
#48 /var/www/indonesia-luxe/vendor/laravel/framework/src/Illuminate/Pipeline/Pipeline.php(219): Illuminate\\Foundation\\Http\\Middleware\\InvokeDeferredCallbacks->handle()
#49 /var/www/indonesia-luxe/vendor/laravel/framework/src/Illuminate/Http/Middleware/ValidatePathEncoding.php(26): Illuminate\\Pipeline\\Pipeline->{closure:{closure:Illuminate\\Pipeline\\Pipeline::carry():194}:195}()
#50 /var/www/indonesia-luxe/vendor/laravel/framework/src/Illuminate/Pipeline/Pipeline.php(219): Illuminate\\Http\\Middleware\\ValidatePathEncoding->handle()
#51 /var/www/indonesia-luxe/vendor/laravel/framework/src/Illuminate/Pipeline/Pipeline.php(137): Illuminate\\Pipeline\\Pipeline->{closure:{closure:Illuminate\\Pipeline\\Pipeline::carry():194}:195}()
#52 /var/www/indonesia-luxe/vendor/laravel/framework/src/Illuminate/Foundation/Http/Kernel.php(175): Illuminate\\Pipeline\\Pipeline->then()
#53 /var/www/indonesia-luxe/vendor/laravel/framework/src/Illuminate/Foundation/Http/Kernel.php(144): Illuminate\\Foundation\\Http\\Kernel->sendRequestThroughRouter()
#54 /var/www/indonesia-luxe/vendor/laravel/framework/src/Illuminate/Foundation/Application.php(1220): Illuminate\\Foundation\\Http\\Kernel->handle()
#55 /var/www/indonesia-luxe/public/index.php(20): Illuminate\\Foundation\\Application->handleRequest()
#56 {main}
"} 
[2026-06-11 00:37:55] local.ERROR: Livewire encountered corrupt data when trying to hydrate a component. 
Ensure that the [name, id, data] of the Livewire component wasn't tampered with between requests. {"exception":"[object] (Livewire\\Mechanisms\\HandleComponents\\CorruptComponentPayloadException(code: 0): Livewire encountered corrupt data when trying to hydrate a component. 
Ensure that the [name, id, data] of the Livewire component wasn't tampered with between requests. at /var/www/indonesia-luxe/vendor/livewire/livewire/src/Mechanisms/HandleComponents/Checksum.php:29)
[stacktrace]
#0 /var/www/indonesia-luxe/vendor/livewire/livewire/src/Mechanisms/HandleComponents/HandleComponents.php(244): Livewire\\Mechanisms\\HandleComponents\\Checksum::verify()
#1 /var/www/indonesia-luxe/vendor/livewire/livewire/src/Mechanisms/HandleComponents/HandleComponents.php(210): Livewire\\Mechanisms\\HandleComponents\\HandleComponents->fromSnapshot()
#2 /var/www/indonesia-luxe/vendor/livewire/livewire/src/LivewireManager.php(131): Livewire\\Mechanisms\\HandleComponents\\HandleComponents->update()
#3 /var/www/indonesia-luxe/vendor/livewire/livewire/src/Mechanisms/HandleRequests/HandleRequests.php(156): Livewire\\LivewireManager->update()
#4 /var/www/indonesia-luxe/vendor/laravel/framework/src/Illuminate/Routing/ControllerDispatcher.php(46): Livewire\\Mechanisms\\HandleRequests\\HandleRequests->handleUpdate()
#5 /var/www/indonesia-luxe/vendor/laravel/framework/src/Illuminate/Routing/Route.php(265): Illuminate\\Routing\\ControllerDispatcher->dispatch()
#6 /var/www/indonesia-luxe/vendor/laravel/framework/src/Illuminate/Routing/Route.php(211): Illuminate\\Routing\\Route->runController()
#7 /var/www/indonesia-luxe/vendor/laravel/framework/src/Illuminate/Routing/Router.php(822): Illuminate\\Routing\\Route->run()
#8 /var/www/indonesia-luxe/vendor/laravel/framework/src/Illuminate/Pipeline/Pipeline.php(180): Illuminate\\Routing\\Router->{closure:Illuminate\\Routing\\Router::runRouteWithinStack():821}()
#9 /var/www/indonesia-luxe/vendor/laravel/boost/src/Middleware/InjectBoost.php(22): Illuminate\\Pipeline\\Pipeline->{closure:Illuminate\\Pipeline\\Pipeline::prepareDestination():178}()
#10 /var/www/indonesia-luxe/vendor/laravel/framework/src/Illuminate/Pipeline/Pipeline.php(219): Laravel\\Boost\\Middleware\\InjectBoost->handle()
#11 /var/www/indonesia-luxe/app/Http/Middleware/SetLocale.php(28): Illuminate\\Pipeline\\Pipeline->{closure:{closure:Illuminate\\Pipeline\\Pipeline::carry():194}:195}()
#12 /var/www/indonesia-luxe/vendor/laravel/framework/src/Illuminate/Pipeline/Pipeline.php(219): App\\Http\\Middleware\\SetLocale->handle()
#13 /var/www/indonesia-luxe/vendor/laravel/framework/src/Illuminate/Routing/Middleware/SubstituteBindings.php(50): Illuminate\\Pipeline\\Pipeline->{closure:{closure:Illuminate\\Pipeline\\Pipeline::carry():194}:195}()
#14 /var/www/indonesia-luxe/vendor/laravel/framework/src/Illuminate/Pipeline/Pipeline.php(219): Illuminate\\Routing\\Middleware\\SubstituteBindings->handle()
#15 /var/www/indonesia-luxe/vendor/laravel/framework/src/Illuminate/Foundation/Http/Middleware/VerifyCsrfToken.php(87): Illuminate\\Pipeline\\Pipeline->{closure:{closure:Illuminate\\Pipeline\\Pipeline::carry():194}:195}()
#16 /var/www/indonesia-luxe/vendor/laravel/framework/src/Illuminate/Pipeline/Pipeline.php(219): Illuminate\\Foundation\\Http\\Middleware\\VerifyCsrfToken->handle()
#17 /var/www/indonesia-luxe/vendor/laravel/framework/src/Illuminate/View/Middleware/ShareErrorsFromSession.php(48): Illuminate\\Pipeline\\Pipeline->{closure:{closure:Illuminate\\Pipeline\\Pipeline::carry():194}:195}()
#18 /var/www/indonesia-luxe/vendor/laravel/framework/src/Illuminate/Pipeline/Pipeline.php(219): Illuminate\\View\\Middleware\\ShareErrorsFromSession->handle()
#19 /var/www/indonesia-luxe/vendor/laravel/framework/src/Illuminate/Session/Middleware/StartSession.php(120): Illuminate\\Pipeline\\Pipeline->{closure:{closure:Illuminate\\Pipeline\\Pipeline::carry():194}:195}()
#20 /var/www/indonesia-luxe/vendor/laravel/framework/src/Illuminate/Session/Middleware/StartSession.php(63): Illuminate\\Session\\Middleware\\StartSession->handleStatefulRequest()
#21 /var/www/indonesia-luxe/vendor/laravel/framework/src/Illuminate/Pipeline/Pipeline.php(219): Illuminate\\Session\\Middleware\\StartSession->handle()
#22 /var/www/indonesia-luxe/vendor/laravel/framework/src/Illuminate/Cookie/Middleware/AddQueuedCookiesToResponse.php(36): Illuminate\\Pipeline\\Pipeline->{closure:{closure:Illuminate\\Pipeline\\Pipeline::carry():194}:195}()
#23 /var/www/indonesia-luxe/vendor/laravel/framework/src/Illuminate/Pipeline/Pipeline.php(219): Illuminate\\Cookie\\Middleware\\AddQueuedCookiesToResponse->handle()
#24 /var/www/indonesia-luxe/vendor/laravel/framework/src/Illuminate/Cookie/Middleware/EncryptCookies.php(74): Illuminate\\Pipeline\\Pipeline->{closure:{closure:Illuminate\\Pipeline\\Pipeline::carry():194}:195}()
#25 /var/www/indonesia-luxe/vendor/laravel/framework/src/Illuminate/Pipeline/Pipeline.php(219): Illuminate\\Cookie\\Middleware\\EncryptCookies->handle()
#26 /var/www/indonesia-luxe/vendor/laravel/framework/src/Illuminate/Pipeline/Pipeline.php(137): Illuminate\\Pipeline\\Pipeline->{closure:{closure:Illuminate\\Pipeline\\Pipeline::carry():194}:195}()
#27 /var/www/indonesia-luxe/vendor/laravel/framework/src/Illuminate/Routing/Router.php(821): Illuminate\\Pipeline\\Pipeline->then()
#28 /var/www/indonesia-luxe/vendor/laravel/framework/src/Illuminate/Routing/Router.php(800): Illuminate\\Routing\\Router->runRouteWithinStack()
#29 /var/www/indonesia-luxe/vendor/laravel/framework/src/Illuminate/Routing/Router.php(764): Illuminate\\Routing\\Router->runRoute()
#30 /var/www/indonesia-luxe/vendor/laravel/framework/src/Illuminate/Routing/Router.php(753): Illuminate\\Routing\\Router->dispatchToRoute()
#31 /var/www/indonesia-luxe/vendor/laravel/framework/src/Illuminate/Foundation/Http/Kernel.php(200): Illuminate\\Routing\\Router->dispatch()
#32 /var/www/indonesia-luxe/vendor/laravel/framework/src/Illuminate/Pipeline/Pipeline.php(180): Illuminate\\Foundation\\Http\\Kernel->{closure:Illuminate\\Foundation\\Http\\Kernel::dispatchToRouter():197}()
#33 /var/www/indonesia-luxe/vendor/livewire/livewire/src/Features/SupportDisablingBackButtonCache/DisableBackButtonCacheMiddleware.php(19): Illuminate\\Pipeline\\Pipeline->{closure:Illuminate\\Pipeline\\Pipeline::prepareDestination():178}()
#34 /var/www/indonesia-luxe/vendor/laravel/framework/src/Illuminate/Pipeline/Pipeline.php(219): Livewire\\Features\\SupportDisablingBackButtonCache\\DisableBackButtonCacheMiddleware->handle()
#35 /var/www/indonesia-luxe/vendor/laravel/framework/src/Illuminate/Foundation/Http/Middleware/ConvertEmptyStringsToNull.php(27): Illuminate\\Pipeline\\Pipeline->{closure:{closure:Illuminate\\Pipeline\\Pipeline::carry():194}:195}()
#36 /var/www/indonesia-luxe/vendor/laravel/framework/src/Illuminate/Pipeline/Pipeline.php(219): Illuminate\\Foundation\\Http\\Middleware\\ConvertEmptyStringsToNull->handle()
#37 /var/www/indonesia-luxe/vendor/laravel/framework/src/Illuminate/Foundation/Http/Middleware/TrimStrings.php(47): Illuminate\\Pipeline\\Pipeline->{closure:{closure:Illuminate\\Pipeline\\Pipeline::carry():194}:195}()
#38 /var/www/indonesia-luxe/vendor/laravel/framework/src/Illuminate/Pipeline/Pipeline.php(219): Illuminate\\Foundation\\Http\\Middleware\\TrimStrings->handle()
#39 /var/www/indonesia-luxe/vendor/laravel/framework/src/Illuminate/Http/Middleware/ValidatePostSize.php(27): Illuminate\\Pipeline\\Pipeline->{closure:{closure:Illuminate\\Pipeline\\Pipeline::carry():194}:195}()
#40 /var/www/indonesia-luxe/vendor/laravel/framework/src/Illuminate/Pipeline/Pipeline.php(219): Illuminate\\Http\\Middleware\\ValidatePostSize->handle()
#41 /var/www/indonesia-luxe/vendor/laravel/framework/src/Illuminate/Foundation/Http/Middleware/PreventRequestsDuringMaintenance.php(109): Illuminate\\Pipeline\\Pipeline->{closure:{closure:Illuminate\\Pipeline\\Pipeline::carry():194}:195}()
#42 /var/www/indonesia-luxe/vendor/laravel/framework/src/Illuminate/Pipeline/Pipeline.php(219): Illuminate\\Foundation\\Http\\Middleware\\PreventRequestsDuringMaintenance->handle()
#43 /var/www/indonesia-luxe/vendor/laravel/framework/src/Illuminate/Http/Middleware/HandleCors.php(61): Illuminate\\Pipeline\\Pipeline->{closure:{closure:Illuminate\\Pipeline\\Pipeline::carry():194}:195}()
#44 /var/www/indonesia-luxe/vendor/laravel/framework/src/Illuminate/Pipeline/Pipeline.php(219): Illuminate\\Http\\Middleware\\HandleCors->handle()
#45 /var/www/indonesia-luxe/vendor/laravel/framework/src/Illuminate/Http/Middleware/TrustProxies.php(58): Illuminate\\Pipeline\\Pipeline->{closure:{closure:Illuminate\\Pipeline\\Pipeline::carry():194}:195}()
#46 /var/www/indonesia-luxe/vendor/laravel/framework/src/Illuminate/Pipeline/Pipeline.php(219): Illuminate\\Http\\Middleware\\TrustProxies->handle()
#47 /var/www/indonesia-luxe/vendor/laravel/framework/src/Illuminate/Foundation/Http/Middleware/InvokeDeferredCallbacks.php(22): Illuminate\\Pipeline\\Pipeline->{closure:{closure:Illuminate\\Pipeline\\Pipeline::carry():194}:195}()
#48 /var/www/indonesia-luxe/vendor/laravel/framework/src/Illuminate/Pipeline/Pipeline.php(219): Illuminate\\Foundation\\Http\\Middleware\\InvokeDeferredCallbacks->handle()
#49 /var/www/indonesia-luxe/vendor/laravel/framework/src/Illuminate/Http/Middleware/ValidatePathEncoding.php(26): Illuminate\\Pipeline\\Pipeline->{closure:{closure:Illuminate\\Pipeline\\Pipeline::carry():194}:195}()
#50 /var/www/indonesia-luxe/vendor/laravel/framework/src/Illuminate/Pipeline/Pipeline.php(219): Illuminate\\Http\\Middleware\\ValidatePathEncoding->handle()
#51 /var/www/indonesia-luxe/vendor/laravel/framework/src/Illuminate/Pipeline/Pipeline.php(137): Illuminate\\Pipeline\\Pipeline->{closure:{closure:Illuminate\\Pipeline\\Pipeline::carry():194}:195}()
#52 /var/www/indonesia-luxe/vendor/laravel/framework/src/Illuminate/Foundation/Http/Kernel.php(175): Illuminate\\Pipeline\\Pipeline->then()
#53 /var/www/indonesia-luxe/vendor/laravel/framework/src/Illuminate/Foundation/Http/Kernel.php(144): Illuminate\\Foundation\\Http\\Kernel->sendRequestThroughRouter()
#54 /var/www/indonesia-luxe/vendor/laravel/framework/src/Illuminate/Foundation/Application.php(1220): Illuminate\\Foundation\\Http\\Kernel->handle()
#55 /var/www/indonesia-luxe/public/index.php(20): Illuminate\\Foundation\\Application->handleRequest()
#56 {main}
"} 
[2026-06-11 00:37:56] local.ERROR: Livewire encountered corrupt data when trying to hydrate a component. 
Ensure that the [name, id, data] of the Livewire component wasn't tampered with between requests. {"exception":"[object] (Livewire\\Mechanisms\\HandleComponents\\CorruptComponentPayloadException(code: 0): Livewire encountered corrupt data when trying to hydrate a component. 
Ensure that the [name, id, data] of the Livewire component wasn't tampered with between requests. at /var/www/indonesia-luxe/vendor/livewire/livewire/src/Mechanisms/HandleComponents/Checksum.php:29)
[stacktrace]
#0 /var/www/indonesia-luxe/vendor/livewire/livewire/src/Mechanisms/HandleComponents/HandleComponents.php(244): Livewire\\Mechanisms\\HandleComponents\\Checksum::verify()
#1 /var/www/indonesia-luxe/vendor/livewire/livewire/src/Mechanisms/HandleComponents/HandleComponents.php(210): Livewire\\Mechanisms\\HandleComponents\\HandleComponents->fromSnapshot()
#2 /var/www/indonesia-luxe/vendor/livewire/livewire/src/LivewireManager.php(131): Livewire\\Mechanisms\\HandleComponents\\HandleComponents->update()
#3 /var/www/indonesia-luxe/vendor/livewire/livewire/src/Mechanisms/HandleRequests/HandleRequests.php(156): Livewire\\LivewireManager->update()
#4 /var/www/indonesia-luxe/vendor/laravel/framework/src/Illuminate/Routing/ControllerDispatcher.php(46): Livewire\\Mechanisms\\HandleRequests\\HandleRequests->handleUpdate()
#5 /var/www/indonesia-luxe/vendor/laravel/framework/src/Illuminate/Routing/Route.php(265): Illuminate\\Routing\\ControllerDispatcher->dispatch()
#6 /var/www/indonesia-luxe/vendor/laravel/framework/src/Illuminate/Routing/Route.php(211): Illuminate\\Routing\\Route->runController()
#7 /var/www/indonesia-luxe/vendor/laravel/framework/src/Illuminate/Routing/Router.php(822): Illuminate\\Routing\\Route->run()
#8 /var/www/indonesia-luxe/vendor/laravel/framework/src/Illuminate/Pipeline/Pipeline.php(180): Illuminate\\Routing\\Router->{closure:Illuminate\\Routing\\Router::runRouteWithinStack():821}()
#9 /var/www/indonesia-luxe/vendor/laravel/boost/src/Middleware/InjectBoost.php(22): Illuminate\\Pipeline\\Pipeline->{closure:Illuminate\\Pipeline\\Pipeline::prepareDestination():178}()
#10 /var/www/indonesia-luxe/vendor/laravel/framework/src/Illuminate/Pipeline/Pipeline.php(219): Laravel\\Boost\\Middleware\\InjectBoost->handle()
#11 /var/www/indonesia-luxe/app/Http/Middleware/SetLocale.php(28): Illuminate\\Pipeline\\Pipeline->{closure:{closure:Illuminate\\Pipeline\\Pipeline::carry():194}:195}()
#12 /var/www/indonesia-luxe/vendor/laravel/framework/src/Illuminate/Pipeline/Pipeline.php(219): App\\Http\\Middleware\\SetLocale->handle()
#13 /var/www/indonesia-luxe/vendor/laravel/framework/src/Illuminate/Routing/Middleware/SubstituteBindings.php(50): Illuminate\\Pipeline\\Pipeline->{closure:{closure:Illuminate\\Pipeline\\Pipeline::carry():194}:195}()
#14 /var/www/indonesia-luxe/vendor/laravel/framework/src/Illuminate/Pipeline/Pipeline.php(219): Illuminate\\Routing\\Middleware\\SubstituteBindings->handle()
#15 /var/www/indonesia-luxe/vendor/laravel/framework/src/Illuminate/Foundation/Http/Middleware/VerifyCsrfToken.php(87): Illuminate\\Pipeline\\Pipeline->{closure:{closure:Illuminate\\Pipeline\\Pipeline::carry():194}:195}()
#16 /var/www/indonesia-luxe/vendor/laravel/framework/src/Illuminate/Pipeline/Pipeline.php(219): Illuminate\\Foundation\\Http\\Middleware\\VerifyCsrfToken->handle()
#17 /var/www/indonesia-luxe/vendor/laravel/framework/src/Illuminate/View/Middleware/ShareErrorsFromSession.php(48): Illuminate\\Pipeline\\Pipeline->{closure:{closure:Illuminate\\Pipeline\\Pipeline::carry():194}:195}()
#18 /var/www/indonesia-luxe/vendor/laravel/framework/src/Illuminate/Pipeline/Pipeline.php(219): Illuminate\\View\\Middleware\\ShareErrorsFromSession->handle()
#19 /var/www/indonesia-luxe/vendor/laravel/framework/src/Illuminate/Session/Middleware/StartSession.php(120): Illuminate\\Pipeline\\Pipeline->{closure:{closure:Illuminate\\Pipeline\\Pipeline::carry():194}:195}()
#20 /var/www/indonesia-luxe/vendor/laravel/framework/src/Illuminate/Session/Middleware/StartSession.php(63): Illuminate\\Session\\Middleware\\StartSession->handleStatefulRequest()
#21 /var/www/indonesia-luxe/vendor/laravel/framework/src/Illuminate/Pipeline/Pipeline.php(219): Illuminate\\Session\\Middleware\\StartSession->handle()
#22 /var/www/indonesia-luxe/vendor/laravel/framework/src/Illuminate/Cookie/Middleware/AddQueuedCookiesToResponse.php(36): Illuminate\\Pipeline\\Pipeline->{closure:{closure:Illuminate\\Pipeline\\Pipeline::carry():194}:195}()
#23 /var/www/indonesia-luxe/vendor/laravel/framework/src/Illuminate/Pipeline/Pipeline.php(219): Illuminate\\Cookie\\Middleware\\AddQueuedCookiesToResponse->handle()
#24 /var/www/indonesia-luxe/vendor/laravel/framework/src/Illuminate/Cookie/Middleware/EncryptCookies.php(74): Illuminate\\Pipeline\\Pipeline->{closure:{closure:Illuminate\\Pipeline\\Pipeline::carry():194}:195}()
#25 /var/www/indonesia-luxe/vendor/laravel/framework/src/Illuminate/Pipeline/Pipeline.php(219): Illuminate\\Cookie\\Middleware\\EncryptCookies->handle()
#26 /var/www/indonesia-luxe/vendor/laravel/framework/src/Illuminate/Pipeline/Pipeline.php(137): Illuminate\\Pipeline\\Pipeline->{closure:{closure:Illuminate\\Pipeline\\Pipeline::carry():194}:195}()
#27 /var/www/indonesia-luxe/vendor/laravel/framework/src/Illuminate/Routing/Router.php(821): Illuminate\\Pipeline\\Pipeline->then()
#28 /var/www/indonesia-luxe/vendor/laravel/framework/src/Illuminate/Routing/Router.php(800): Illuminate\\Routing\\Router->runRouteWithinStack()
#29 /var/www/indonesia-luxe/vendor/laravel/framework/src/Illuminate/Routing/Router.php(764): Illuminate\\Routing\\Router->runRoute()
#30 /var/www/indonesia-luxe/vendor/laravel/framework/src/Illuminate/Routing/Router.php(753): Illuminate\\Routing\\Router->dispatchToRoute()
#31 /var/www/indonesia-luxe/vendor/laravel/framework/src/Illuminate/Foundation/Http/Kernel.php(200): Illuminate\\Routing\\Router->dispatch()
#32 /var/www/indonesia-luxe/vendor/laravel/framework/src/Illuminate/Pipeline/Pipeline.php(180): Illuminate\\Foundation\\Http\\Kernel->{closure:Illuminate\\Foundation\\Http\\Kernel::dispatchToRouter():197}()
#33 /var/www/indonesia-luxe/vendor/livewire/livewire/src/Features/SupportDisablingBackButtonCache/DisableBackButtonCacheMiddleware.php(19): Illuminate\\Pipeline\\Pipeline->{closure:Illuminate\\Pipeline\\Pipeline::prepareDestination():178}()
#34 /var/www/indonesia-luxe/vendor/laravel/framework/src/Illuminate/Pipeline/Pipeline.php(219): Livewire\\Features\\SupportDisablingBackButtonCache\\DisableBackButtonCacheMiddleware->handle()
#35 /var/www/indonesia-luxe/vendor/laravel/framework/src/Illuminate/Foundation/Http/Middleware/ConvertEmptyStringsToNull.php(27): Illuminate\\Pipeline\\Pipeline->{closure:{closure:Illuminate\\Pipeline\\Pipeline::carry():194}:195}()
#36 /var/www/indonesia-luxe/vendor/laravel/framework/src/Illuminate/Pipeline/Pipeline.php(219): Illuminate\\Foundation\\Http\\Middleware\\ConvertEmptyStringsToNull->handle()
#37 /var/www/indonesia-luxe/vendor/laravel/framework/src/Illuminate/Foundation/Http/Middleware/TrimStrings.php(47): Illuminate\\Pipeline\\Pipeline->{closure:{closure:Illuminate\\Pipeline\\Pipeline::carry():194}:195}()
#38 /var/www/indonesia-luxe/vendor/laravel/framework/src/Illuminate/Pipeline/Pipeline.php(219): Illuminate\\Foundation\\Http\\Middleware\\TrimStrings->handle()
#39 /var/www/indonesia-luxe/vendor/laravel/framework/src/Illuminate/Http/Middleware/ValidatePostSize.php(27): Illuminate\\Pipeline\\Pipeline->{closure:{closure:Illuminate\\Pipeline\\Pipeline::carry():194}:195}()
#40 /var/www/indonesia-luxe/vendor/laravel/framework/src/Illuminate/Pipeline/Pipeline.php(219): Illuminate\\Http\\Middleware\\ValidatePostSize->handle()
#41 /var/www/indonesia-luxe/vendor/laravel/framework/src/Illuminate/Foundation/Http/Middleware/PreventRequestsDuringMaintenance.php(109): Illuminate\\Pipeline\\Pipeline->{closure:{closure:Illuminate\\Pipeline\\Pipeline::carry():194}:195}()
#42 /var/www/indonesia-luxe/vendor/laravel/framework/src/Illuminate/Pipeline/Pipeline.php(219): Illuminate\\Foundation\\Http\\Middleware\\PreventRequestsDuringMaintenance->handle()
#43 /var/www/indonesia-luxe/vendor/laravel/framework/src/Illuminate/Http/Middleware/HandleCors.php(61): Illuminate\\Pipeline\\Pipeline->{closure:{closure:Illuminate\\Pipeline\\Pipeline::carry():194}:195}()
#44 /var/www/indonesia-luxe/vendor/laravel/framework/src/Illuminate/Pipeline/Pipeline.php(219): Illuminate\\Http\\Middleware\\HandleCors->handle()
#45 /var/www/indonesia-luxe/vendor/laravel/framework/src/Illuminate/Http/Middleware/TrustProxies.php(58): Illuminate\\Pipeline\\Pipeline->{closure:{closure:Illuminate\\Pipeline\\Pipeline::carry():194}:195}()
#46 /var/www/indonesia-luxe/vendor/laravel/framework/src/Illuminate/Pipeline/Pipeline.php(219): Illuminate\\Http\\Middleware\\TrustProxies->handle()
#47 /var/www/indonesia-luxe/vendor/laravel/framework/src/Illuminate/Foundation/Http/Middleware/InvokeDeferredCallbacks.php(22): Illuminate\\Pipeline\\Pipeline->{closure:{closure:Illuminate\\Pipeline\\Pipeline::carry():194}:195}()
#48 /var/www/indonesia-luxe/vendor/laravel/framework/src/Illuminate/Pipeline/Pipeline.php(219): Illuminate\\Foundation\\Http\\Middleware\\InvokeDeferredCallbacks->handle()
#49 /var/www/indonesia-luxe/vendor/laravel/framework/src/Illuminate/Http/Middleware/ValidatePathEncoding.php(26): Illuminate\\Pipeline\\Pipeline->{closure:{closure:Illuminate\\Pipeline\\Pipeline::carry():194}:195}()
#50 /var/www/indonesia-luxe/vendor/laravel/framework/src/Illuminate/Pipeline/Pipeline.php(219): Illuminate\\Http\\Middleware\\ValidatePathEncoding->handle()
#51 /var/www/indonesia-luxe/vendor/laravel/framework/src/Illuminate/Pipeline/Pipeline.php(137): Illuminate\\Pipeline\\Pipeline->{closure:{closure:Illuminate\\Pipeline\\Pipeline::carry():194}:195}()
#52 /var/www/indonesia-luxe/vendor/laravel/framework/src/Illuminate/Foundation/Http/Kernel.php(175): Illuminate\\Pipeline\\Pipeline->then()
#53 /var/www/indonesia-luxe/vendor/laravel/framework/src/Illuminate/Foundation/Http/Kernel.php(144): Illuminate\\Foundation\\Http\\Kernel->sendRequestThroughRouter()
#54 /var/www/indonesia-luxe/vendor/laravel/framework/src/Illuminate/Foundation/Application.php(1220): Illuminate\\Foundation\\Http\\Kernel->handle()
#55 /var/www/indonesia-luxe/public/index.php(20): Illuminate\\Foundation\\Application->handleRequest()
#56 {main}
"} 
[2026-06-11 00:37:57] local.ERROR: Livewire encountered corrupt data when trying to hydrate a component. 
Ensure that the [name, id, data] of the Livewire component wasn't tampered with between requests. {"exception":"[object] (Livewire\\Mechanisms\\HandleComponents\\CorruptComponentPayloadException(code: 0): Livewire encountered corrupt data when trying to hydrate a component. 
Ensure that the [name, id, data] of the Livewire component wasn't tampered with between requests. at /var/www/indonesia-luxe/vendor/livewire/livewire/src/Mechanisms/HandleComponents/Checksum.php:29)
[stacktrace]
#0 /var/www/indonesia-luxe/vendor/livewire/livewire/src/Mechanisms/HandleComponents/HandleComponents.php(244): Livewire\\Mechanisms\\HandleComponents\\Checksum::verify()
#1 /var/www/indonesia-luxe/vendor/livewire/livewire/src/Mechanisms/HandleComponents/HandleComponents.php(210): Livewire\\Mechanisms\\HandleComponents\\HandleComponents->fromSnapshot()
#2 /var/www/indonesia-luxe/vendor/livewire/livewire/src/LivewireManager.php(131): Livewire\\Mechanisms\\HandleComponents\\HandleComponents->update()
#3 /var/www/indonesia-luxe/vendor/livewire/livewire/src/Mechanisms/HandleRequests/HandleRequests.php(156): Livewire\\LivewireManager->update()
#4 /var/www/indonesia-luxe/vendor/laravel/framework/src/Illuminate/Routing/ControllerDispatcher.php(46): Livewire\\Mechanisms\\HandleRequests\\HandleRequests->handleUpdate()
#5 /var/www/indonesia-luxe/vendor/laravel/framework/src/Illuminate/Routing/Route.php(265): Illuminate\\Routing\\ControllerDispatcher->dispatch()
#6 /var/www/indonesia-luxe/vendor/laravel/framework/src/Illuminate/Routing/Route.php(211): Illuminate\\Routing\\Route->runController()
#7 /var/www/indonesia-luxe/vendor/laravel/framework/src/Illuminate/Routing/Router.php(822): Illuminate\\Routing\\Route->run()
#8 /var/www/indonesia-luxe/vendor/laravel/framework/src/Illuminate/Pipeline/Pipeline.php(180): Illuminate\\Routing\\Router->{closure:Illuminate\\Routing\\Router::runRouteWithinStack():821}()
#9 /var/www/indonesia-luxe/vendor/laravel/boost/src/Middleware/InjectBoost.php(22): Illuminate\\Pipeline\\Pipeline->{closure:Illuminate\\Pipeline\\Pipeline::prepareDestination():178}()
#10 /var/www/indonesia-luxe/vendor/laravel/framework/src/Illuminate/Pipeline/Pipeline.php(219): Laravel\\Boost\\Middleware\\InjectBoost->handle()
#11 /var/www/indonesia-luxe/app/Http/Middleware/SetLocale.php(28): Illuminate\\Pipeline\\Pipeline->{closure:{closure:Illuminate\\Pipeline\\Pipeline::carry():194}:195}()
#12 /var/www/indonesia-luxe/vendor/laravel/framework/src/Illuminate/Pipeline/Pipeline.php(219): App\\Http\\Middleware\\SetLocale->handle()
#13 /var/www/indonesia-luxe/vendor/laravel/framework/src/Illuminate/Routing/Middleware/SubstituteBindings.php(50): Illuminate\\Pipeline\\Pipeline->{closure:{closure:Illuminate\\Pipeline\\Pipeline::carry():194}:195}()
#14 /var/www/indonesia-luxe/vendor/laravel/framework/src/Illuminate/Pipeline/Pipeline.php(219): Illuminate\\Routing\\Middleware\\SubstituteBindings->handle()
#15 /var/www/indonesia-luxe/vendor/laravel/framework/src/Illuminate/Foundation/Http/Middleware/VerifyCsrfToken.php(87): Illuminate\\Pipeline\\Pipeline->{closure:{closure:Illuminate\\Pipeline\\Pipeline::carry():194}:195}()
#16 /var/www/indonesia-luxe/vendor/laravel/framework/src/Illuminate/Pipeline/Pipeline.php(219): Illuminate\\Foundation\\Http\\Middleware\\VerifyCsrfToken->handle()
#17 /var/www/indonesia-luxe/vendor/laravel/framework/src/Illuminate/View/Middleware/ShareErrorsFromSession.php(48): Illuminate\\Pipeline\\Pipeline->{closure:{closure:Illuminate\\Pipeline\\Pipeline::carry():194}:195}()
#18 /var/www/indonesia-luxe/vendor/laravel/framework/src/Illuminate/Pipeline/Pipeline.php(219): Illuminate\\View\\Middleware\\ShareErrorsFromSession->handle()
#19 /var/www/indonesia-luxe/vendor/laravel/framework/src/Illuminate/Session/Middleware/StartSession.php(120): Illuminate\\Pipeline\\Pipeline->{closure:{closure:Illuminate\\Pipeline\\Pipeline::carry():194}:195}()
#20 /var/www/indonesia-luxe/vendor/laravel/framework/src/Illuminate/Session/Middleware/StartSession.php(63): Illuminate\\Session\\Middleware\\StartSession->handleStatefulRequest()
#21 /var/www/indonesia-luxe/vendor/laravel/framework/src/Illuminate/Pipeline/Pipeline.php(219): Illuminate\\Session\\Middleware\\StartSession->handle()
#22 /var/www/indonesia-luxe/vendor/laravel/framework/src/Illuminate/Cookie/Middleware/AddQueuedCookiesToResponse.php(36): Illuminate\\Pipeline\\Pipeline->{closure:{closure:Illuminate\\Pipeline\\Pipeline::carry():194}:195}()
#23 /var/www/indonesia-luxe/vendor/laravel/framework/src/Illuminate/Pipeline/Pipeline.php(219): Illuminate\\Cookie\\Middleware\\AddQueuedCookiesToResponse->handle()
#24 /var/www/indonesia-luxe/vendor/laravel/framework/src/Illuminate/Cookie/Middleware/EncryptCookies.php(74): Illuminate\\Pipeline\\Pipeline->{closure:{closure:Illuminate\\Pipeline\\Pipeline::carry():194}:195}()
#25 /var/www/indonesia-luxe/vendor/laravel/framework/src/Illuminate/Pipeline/Pipeline.php(219): Illuminate\\Cookie\\Middleware\\EncryptCookies->handle()
#26 /var/www/indonesia-luxe/vendor/laravel/framework/src/Illuminate/Pipeline/Pipeline.php(137): Illuminate\\Pipeline\\Pipeline->{closure:{closure:Illuminate\\Pipeline\\Pipeline::carry():194}:195}()
#27 /var/www/indonesia-luxe/vendor/laravel/framework/src/Illuminate/Routing/Router.php(821): Illuminate\\Pipeline\\Pipeline->then()
#28 /var/www/indonesia-luxe/vendor/laravel/framework/src/Illuminate/Routing/Router.php(800): Illuminate\\Routing\\Router->runRouteWithinStack()
#29 /var/www/indonesia-luxe/vendor/laravel/framework/src/Illuminate/Routing/Router.php(764): Illuminate\\Routing\\Router->runRoute()
#30 /var/www/indonesia-luxe/vendor/laravel/framework/src/Illuminate/Routing/Router.php(753): Illuminate\\Routing\\Router->dispatchToRoute()
#31 /var/www/indonesia-luxe/vendor/laravel/framework/src/Illuminate/Foundation/Http/Kernel.php(200): Illuminate\\Routing\\Router->dispatch()
#32 /var/www/indonesia-luxe/vendor/laravel/framework/src/Illuminate/Pipeline/Pipeline.php(180): Illuminate\\Foundation\\Http\\Kernel->{closure:Illuminate\\Foundation\\Http\\Kernel::dispatchToRouter():197}()
#33 /var/www/indonesia-luxe/vendor/livewire/livewire/src/Features/SupportDisablingBackButtonCache/DisableBackButtonCacheMiddleware.php(19): Illuminate\\Pipeline\\Pipeline->{closure:Illuminate\\Pipeline\\Pipeline::prepareDestination():178}()
#34 /var/www/indonesia-luxe/vendor/laravel/framework/src/Illuminate/Pipeline/Pipeline.php(219): Livewire\\Features\\SupportDisablingBackButtonCache\\DisableBackButtonCacheMiddleware->handle()
#35 /var/www/indonesia-luxe/vendor/laravel/framework/src/Illuminate/Foundation/Http/Middleware/ConvertEmptyStringsToNull.php(27): Illuminate\\Pipeline\\Pipeline->{closure:{closure:Illuminate\\Pipeline\\Pipeline::carry():194}:195}()
#36 /var/www/indonesia-luxe/vendor/laravel/framework/src/Illuminate/Pipeline/Pipeline.php(219): Illuminate\\Foundation\\Http\\Middleware\\ConvertEmptyStringsToNull->handle()
#37 /var/www/indonesia-luxe/vendor/laravel/framework/src/Illuminate/Foundation/Http/Middleware/TrimStrings.php(47): Illuminate\\Pipeline\\Pipeline->{closure:{closure:Illuminate\\Pipeline\\Pipeline::carry():194}:195}()
#38 /var/www/indonesia-luxe/vendor/laravel/framework/src/Illuminate/Pipeline/Pipeline.php(219): Illuminate\\Foundation\\Http\\Middleware\\TrimStrings->handle()
#39 /var/www/indonesia-luxe/vendor/laravel/framework/src/Illuminate/Http/Middleware/ValidatePostSize.php(27): Illuminate\\Pipeline\\Pipeline->{closure:{closure:Illuminate\\Pipeline\\Pipeline::carry():194}:195}()
#40 /var/www/indonesia-luxe/vendor/laravel/framework/src/Illuminate/Pipeline/Pipeline.php(219): Illuminate\\Http\\Middleware\\ValidatePostSize->handle()
#41 /var/www/indonesia-luxe/vendor/laravel/framework/src/Illuminate/Foundation/Http/Middleware/PreventRequestsDuringMaintenance.php(109): Illuminate\\Pipeline\\Pipeline->{closure:{closure:Illuminate\\Pipeline\\Pipeline::carry():194}:195}()
#42 /var/www/indonesia-luxe/vendor/laravel/framework/src/Illuminate/Pipeline/Pipeline.php(219): Illuminate\\Foundation\\Http\\Middleware\\PreventRequestsDuringMaintenance->handle()
#43 /var/www/indonesia-luxe/vendor/laravel/framework/src/Illuminate/Http/Middleware/HandleCors.php(61): Illuminate\\Pipeline\\Pipeline->{closure:{closure:Illuminate\\Pipeline\\Pipeline::carry():194}:195}()
#44 /var/www/indonesia-luxe/vendor/laravel/framework/src/Illuminate/Pipeline/Pipeline.php(219): Illuminate\\Http\\Middleware\\HandleCors->handle()
#45 /var/www/indonesia-luxe/vendor/laravel/framework/src/Illuminate/Http/Middleware/TrustProxies.php(58): Illuminate\\Pipeline\\Pipeline->{closure:{closure:Illuminate\\Pipeline\\Pipeline::carry():194}:195}()
#46 /var/www/indonesia-luxe/vendor/laravel/framework/src/Illuminate/Pipeline/Pipeline.php(219): Illuminate\\Http\\Middleware\\TrustProxies->handle()
#47 /var/www/indonesia-luxe/vendor/laravel/framework/src/Illuminate/Foundation/Http/Middleware/InvokeDeferredCallbacks.php(22): Illuminate\\Pipeline\\Pipeline->{closure:{closure:Illuminate\\Pipeline\\Pipeline::carry():194}:195}()
#48 /var/www/indonesia-luxe/vendor/laravel/framework/src/Illuminate/Pipeline/Pipeline.php(219): Illuminate\\Foundation\\Http\\Middleware\\InvokeDeferredCallbacks->handle()
#49 /var/www/indonesia-luxe/vendor/laravel/framework/src/Illuminate/Http/Middleware/ValidatePathEncoding.php(26): Illuminate\\Pipeline\\Pipeline->{closure:{closure:Illuminate\\Pipeline\\Pipeline::carry():194}:195}()
#50 /var/www/indonesia-luxe/vendor/laravel/framework/src/Illuminate/Pipeline/Pipeline.php(219): Illuminate\\Http\\Middleware\\ValidatePathEncoding->handle()
#51 /var/www/indonesia-luxe/vendor/laravel/framework/src/Illuminate/Pipeline/Pipeline.php(137): Illuminate\\Pipeline\\Pipeline->{closure:{closure:Illuminate\\Pipeline\\Pipeline::carry():194}:195}()
#52 /var/www/indonesia-luxe/vendor/laravel/framework/src/Illuminate/Foundation/Http/Kernel.php(175): Illuminate\\Pipeline\\Pipeline->then()
#53 /var/www/indonesia-luxe/vendor/laravel/framework/src/Illuminate/Foundation/Http/Kernel.php(144): Illuminate\\Foundation\\Http\\Kernel->sendRequestThroughRouter()
#54 /var/www/indonesia-luxe/vendor/laravel/framework/src/Illuminate/Foundation/Application.php(1220): Illuminate\\Foundation\\Http\\Kernel->handle()
#55 /var/www/indonesia-luxe/public/index.php(20): Illuminate\\Foundation\\Application->handleRequest()
#56 {main}
"} 
[2026-06-11 00:37:58] local.ERROR: Livewire encountered corrupt data when trying to hydrate a component. 
Ensure that the [name, id, data] of the Livewire component wasn't tampered with between requests. {"exception":"[object] (Livewire\\Mechanisms\\HandleComponents\\CorruptComponentPayloadException(code: 0): Livewire encountered corrupt data when trying to hydrate a component. 
Ensure that the [name, id, data] of the Livewire component wasn't tampered with between requests. at /var/www/indonesia-luxe/vendor/livewire/livewire/src/Mechanisms/HandleComponents/Checksum.php:29)
[stacktrace]
#0 /var/www/indonesia-luxe/vendor/livewire/livewire/src/Mechanisms/HandleComponents/HandleComponents.php(244): Livewire\\Mechanisms\\HandleComponents\\Checksum::verify()
#1 /var/www/indonesia-luxe/vendor/livewire/livewire/src/Mechanisms/HandleComponents/HandleComponents.php(210): Livewire\\Mechanisms\\HandleComponents\\HandleComponents->fromSnapshot()
#2 /var/www/indonesia-luxe/vendor/livewire/livewire/src/LivewireManager.php(131): Livewire\\Mechanisms\\HandleComponents\\HandleComponents->update()
#3 /var/www/indonesia-luxe/vendor/livewire/livewire/src/Mechanisms/HandleRequests/HandleRequests.php(156): Livewire\\LivewireManager->update()
#4 /var/www/indonesia-luxe/vendor/laravel/framework/src/Illuminate/Routing/ControllerDispatcher.php(46): Livewire\\Mechanisms\\HandleRequests\\HandleRequests->handleUpdate()
#5 /var/www/indonesia-luxe/vendor/laravel/framework/src/Illuminate/Routing/Route.php(265): Illuminate\\Routing\\ControllerDispatcher->dispatch()
#6 /var/www/indonesia-luxe/vendor/laravel/framework/src/Illuminate/Routing/Route.php(211): Illuminate\\Routing\\Route->runController()
#7 /var/www/indonesia-luxe/vendor/laravel/framework/src/Illuminate/Routing/Router.php(822): Illuminate\\Routing\\Route->run()
#8 /var/www/indonesia-luxe/vendor/laravel/framework/src/Illuminate/Pipeline/Pipeline.php(180): Illuminate\\Routing\\Router->{closure:Illuminate\\Routing\\Router::runRouteWithinStack():821}()
#9 /var/www/indonesia-luxe/vendor/laravel/boost/src/Middleware/InjectBoost.php(22): Illuminate\\Pipeline\\Pipeline->{closure:Illuminate\\Pipeline\\Pipeline::prepareDestination():178}()
#10 /var/www/indonesia-luxe/vendor/laravel/framework/src/Illuminate/Pipeline/Pipeline.php(219): Laravel\\Boost\\Middleware\\InjectBoost->handle()
#11 /var/www/indonesia-luxe/app/Http/Middleware/SetLocale.php(28): Illuminate\\Pipeline\\Pipeline->{closure:{closure:Illuminate\\Pipeline\\Pipeline::carry():194}:195}()
#12 /var/www/indonesia-luxe/vendor/laravel/framework/src/Illuminate/Pipeline/Pipeline.php(219): App\\Http\\Middleware\\SetLocale->handle()
#13 /var/www/indonesia-luxe/vendor/laravel/framework/src/Illuminate/Routing/Middleware/SubstituteBindings.php(50): Illuminate\\Pipeline\\Pipeline->{closure:{closure:Illuminate\\Pipeline\\Pipeline::carry():194}:195}()
#14 /var/www/indonesia-luxe/vendor/laravel/framework/src/Illuminate/Pipeline/Pipeline.php(219): Illuminate\\Routing\\Middleware\\SubstituteBindings->handle()
#15 /var/www/indonesia-luxe/vendor/laravel/framework/src/Illuminate/Foundation/Http/Middleware/VerifyCsrfToken.php(87): Illuminate\\Pipeline\\Pipeline->{closure:{closure:Illuminate\\Pipeline\\Pipeline::carry():194}:195}()
#16 /var/www/indonesia-luxe/vendor/laravel/framework/src/Illuminate/Pipeline/Pipeline.php(219): Illuminate\\Foundation\\Http\\Middleware\\VerifyCsrfToken->handle()
#17 /var/www/indonesia-luxe/vendor/laravel/framework/src/Illuminate/View/Middleware/ShareErrorsFromSession.php(48): Illuminate\\Pipeline\\Pipeline->{closure:{closure:Illuminate\\Pipeline\\Pipeline::carry():194}:195}()
#18 /var/www/indonesia-luxe/vendor/laravel/framework/src/Illuminate/Pipeline/Pipeline.php(219): Illuminate\\View\\Middleware\\ShareErrorsFromSession->handle()
#19 /var/www/indonesia-luxe/vendor/laravel/framework/src/Illuminate/Session/Middleware/StartSession.php(120): Illuminate\\Pipeline\\Pipeline->{closure:{closure:Illuminate\\Pipeline\\Pipeline::carry():194}:195}()
#20 /var/www/indonesia-luxe/vendor/laravel/framework/src/Illuminate/Session/Middleware/StartSession.php(63): Illuminate\\Session\\Middleware\\StartSession->handleStatefulRequest()
#21 /var/www/indonesia-luxe/vendor/laravel/framework/src/Illuminate/Pipeline/Pipeline.php(219): Illuminate\\Session\\Middleware\\StartSession->handle()
#22 /var/www/indonesia-luxe/vendor/laravel/framework/src/Illuminate/Cookie/Middleware/AddQueuedCookiesToResponse.php(36): Illuminate\\Pipeline\\Pipeline->{closure:{closure:Illuminate\\Pipeline\\Pipeline::carry():194}:195}()
#23 /var/www/indonesia-luxe/vendor/laravel/framework/src/Illuminate/Pipeline/Pipeline.php(219): Illuminate\\Cookie\\Middleware\\AddQueuedCookiesToResponse->handle()
#24 /var/www/indonesia-luxe/vendor/laravel/framework/src/Illuminate/Cookie/Middleware/EncryptCookies.php(74): Illuminate\\Pipeline\\Pipeline->{closure:{closure:Illuminate\\Pipeline\\Pipeline::carry():194}:195}()
#25 /var/www/indonesia-luxe/vendor/laravel/framework/src/Illuminate/Pipeline/Pipeline.php(219): Illuminate\\Cookie\\Middleware\\EncryptCookies->handle()
#26 /var/www/indonesia-luxe/vendor/laravel/framework/src/Illuminate/Pipeline/Pipeline.php(137): Illuminate\\Pipeline\\Pipeline->{closure:{closure:Illuminate\\Pipeline\\Pipeline::carry():194}:195}()
#27 /var/www/indonesia-luxe/vendor/laravel/framework/src/Illuminate/Routing/Router.php(821): Illuminate\\Pipeline\\Pipeline->then()
#28 /var/www/indonesia-luxe/vendor/laravel/framework/src/Illuminate/Routing/Router.php(800): Illuminate\\Routing\\Router->runRouteWithinStack()
#29 /var/www/indonesia-luxe/vendor/laravel/framework/src/Illuminate/Routing/Router.php(764): Illuminate\\Routing\\Router->runRoute()
#30 /var/www/indonesia-luxe/vendor/laravel/framework/src/Illuminate/Routing/Router.php(753): Illuminate\\Routing\\Router->dispatchToRoute()
#31 /var/www/indonesia-luxe/vendor/laravel/framework/src/Illuminate/Foundation/Http/Kernel.php(200): Illuminate\\Routing\\Router->dispatch()
#32 /var/www/indonesia-luxe/vendor/laravel/framework/src/Illuminate/Pipeline/Pipeline.php(180): Illuminate\\Foundation\\Http\\Kernel->{closure:Illuminate\\Foundation\\Http\\Kernel::dispatchToRouter():197}()
#33 /var/www/indonesia-luxe/vendor/livewire/livewire/src/Features/SupportDisablingBackButtonCache/DisableBackButtonCacheMiddleware.php(19): Illuminate\\Pipeline\\Pipeline->{closure:Illuminate\\Pipeline\\Pipeline::prepareDestination():178}()
#34 /var/www/indonesia-luxe/vendor/laravel/framework/src/Illuminate/Pipeline/Pipeline.php(219): Livewire\\Features\\SupportDisablingBackButtonCache\\DisableBackButtonCacheMiddleware->handle()
#35 /var/www/indonesia-luxe/vendor/laravel/framework/src/Illuminate/Foundation/Http/Middleware/ConvertEmptyStringsToNull.php(27): Illuminate\\Pipeline\\Pipeline->{closure:{closure:Illuminate\\Pipeline\\Pipeline::carry():194}:195}()
#36 /var/www/indonesia-luxe/vendor/laravel/framework/src/Illuminate/Pipeline/Pipeline.php(219): Illuminate\\Foundation\\Http\\Middleware\\ConvertEmptyStringsToNull->handle()
#37 /var/www/indonesia-luxe/vendor/laravel/framework/src/Illuminate/Foundation/Http/Middleware/TrimStrings.php(47): Illuminate\\Pipeline\\Pipeline->{closure:{closure:Illuminate\\Pipeline\\Pipeline::carry():194}:195}()
#38 /var/www/indonesia-luxe/vendor/laravel/framework/src/Illuminate/Pipeline/Pipeline.php(219): Illuminate\\Foundation\\Http\\Middleware\\TrimStrings->handle()
#39 /var/www/indonesia-luxe/vendor/laravel/framework/src/Illuminate/Http/Middleware/ValidatePostSize.php(27): Illuminate\\Pipeline\\Pipeline->{closure:{closure:Illuminate\\Pipeline\\Pipeline::carry():194}:195}()
#40 /var/www/indonesia-luxe/vendor/laravel/framework/src/Illuminate/Pipeline/Pipeline.php(219): Illuminate\\Http\\Middleware\\ValidatePostSize->handle()
#41 /var/www/indonesia-luxe/vendor/laravel/framework/src/Illuminate/Foundation/Http/Middleware/PreventRequestsDuringMaintenance.php(109): Illuminate\\Pipeline\\Pipeline->{closure:{closure:Illuminate\\Pipeline\\Pipeline::carry():194}:195}()
#42 /var/www/indonesia-luxe/vendor/laravel/framework/src/Illuminate/Pipeline/Pipeline.php(219): Illuminate\\Foundation\\Http\\Middleware\\PreventRequestsDuringMaintenance->handle()
#43 /var/www/indonesia-luxe/vendor/laravel/framework/src/Illuminate/Http/Middleware/HandleCors.php(61): Illuminate\\Pipeline\\Pipeline->{closure:{closure:Illuminate\\Pipeline\\Pipeline::carry():194}:195}()
#44 /var/www/indonesia-luxe/vendor/laravel/framework/src/Illuminate/Pipeline/Pipeline.php(219): Illuminate\\Http\\Middleware\\HandleCors->handle()
#45 /var/www/indonesia-luxe/vendor/laravel/framework/src/Illuminate/Http/Middleware/TrustProxies.php(58): Illuminate\\Pipeline\\Pipeline->{closure:{closure:Illuminate\\Pipeline\\Pipeline::carry():194}:195}()
#46 /var/www/indonesia-luxe/vendor/laravel/framework/src/Illuminate/Pipeline/Pipeline.php(219): Illuminate\\Http\\Middleware\\TrustProxies->handle()
#47 /var/www/indonesia-luxe/vendor/laravel/framework/src/Illuminate/Foundation/Http/Middleware/InvokeDeferredCallbacks.php(22): Illuminate\\Pipeline\\Pipeline->{closure:{closure:Illuminate\\Pipeline\\Pipeline::carry():194}:195}()
#48 /var/www/indonesia-luxe/vendor/laravel/framework/src/Illuminate/Pipeline/Pipeline.php(219): Illuminate\\Foundation\\Http\\Middleware\\InvokeDeferredCallbacks->handle()
#49 /var/www/indonesia-luxe/vendor/laravel/framework/src/Illuminate/Http/Middleware/ValidatePathEncoding.php(26): Illuminate\\Pipeline\\Pipeline->{closure:{closure:Illuminate\\Pipeline\\Pipeline::carry():194}:195}()
#50 /var/www/indonesia-luxe/vendor/laravel/framework/src/Illuminate/Pipeline/Pipeline.php(219): Illuminate\\Http\\Middleware\\ValidatePathEncoding->handle()
#51 /var/www/indonesia-luxe/vendor/laravel/framework/src/Illuminate/Pipeline/Pipeline.php(137): Illuminate\\Pipeline\\Pipeline->{closure:{closure:Illuminate\\Pipeline\\Pipeline::carry():194}:195}()
#52 /var/www/indonesia-luxe/vendor/laravel/framework/src/Illuminate/Foundation/Http/Kernel.php(175): Illuminate\\Pipeline\\Pipeline->then()
#53 /var/www/indonesia-luxe/vendor/laravel/framework/src/Illuminate/Foundation/Http/Kernel.php(144): Illuminate\\Foundation\\Http\\Kernel->sendRequestThroughRouter()
#54 /var/www/indonesia-luxe/vendor/laravel/framework/src/Illuminate/Foundation/Application.php(1220): Illuminate\\Foundation\\Http\\Kernel->handle()
#55 /var/www/indonesia-luxe/public/index.php(20): Illuminate\\Foundation\\Application->handleRequest()
#56 {main}
"} 
[2026-06-11 00:37:59] local.ERROR: Livewire encountered corrupt data when trying to hydrate a component. 
Ensure that the [name, id, data] of the Livewire component wasn't tampered with between requests. {"exception":"[object] (Livewire\\Mechanisms\\HandleComponents\\CorruptComponentPayloadException(code: 0): Livewire encountered corrupt data when trying to hydrate a component. 
Ensure that the [name, id, data] of the Livewire component wasn't tampered with between requests. at /var/www/indonesia-luxe/vendor/livewire/livewire/src/Mechanisms/HandleComponents/Checksum.php:29)
[stacktrace]
#0 /var/www/indonesia-luxe/vendor/livewire/livewire/src/Mechanisms/HandleComponents/HandleComponents.php(244): Livewire\\Mechanisms\\HandleComponents\\Checksum::verify()
#1 /var/www/indonesia-luxe/vendor/livewire/livewire/src/Mechanisms/HandleComponents/HandleComponents.php(210): Livewire\\Mechanisms\\HandleComponents\\HandleComponents->fromSnapshot()
#2 /var/www/indonesia-luxe/vendor/livewire/livewire/src/LivewireManager.php(131): Livewire\\Mechanisms\\HandleComponents\\HandleComponents->update()
#3 /var/www/indonesia-luxe/vendor/livewire/livewire/src/Mechanisms/HandleRequests/HandleRequests.php(156): Livewire\\LivewireManager->update()
#4 /var/www/indonesia-luxe/vendor/laravel/framework/src/Illuminate/Routing/ControllerDispatcher.php(46): Livewire\\Mechanisms\\HandleRequests\\HandleRequests->handleUpdate()
#5 /var/www/indonesia-luxe/vendor/laravel/framework/src/Illuminate/Routing/Route.php(265): Illuminate\\Routing\\ControllerDispatcher->dispatch()
#6 /var/www/indonesia-luxe/vendor/laravel/framework/src/Illuminate/Routing/Route.php(211): Illuminate\\Routing\\Route->runController()
#7 /var/www/indonesia-luxe/vendor/laravel/framework/src/Illuminate/Routing/Router.php(822): Illuminate\\Routing\\Route->run()
#8 /var/www/indonesia-luxe/vendor/laravel/framework/src/Illuminate/Pipeline/Pipeline.php(180): Illuminate\\Routing\\Router->{closure:Illuminate\\Routing\\Router::runRouteWithinStack():821}()
#9 /var/www/indonesia-luxe/vendor/laravel/boost/src/Middleware/InjectBoost.php(22): Illuminate\\Pipeline\\Pipeline->{closure:Illuminate\\Pipeline\\Pipeline::prepareDestination():178}()
#10 /var/www/indonesia-luxe/vendor/laravel/framework/src/Illuminate/Pipeline/Pipeline.php(219): Laravel\\Boost\\Middleware\\InjectBoost->handle()
#11 /var/www/indonesia-luxe/app/Http/Middleware/SetLocale.php(28): Illuminate\\Pipeline\\Pipeline->{closure:{closure:Illuminate\\Pipeline\\Pipeline::carry():194}:195}()
#12 /var/www/indonesia-luxe/vendor/laravel/framework/src/Illuminate/Pipeline/Pipeline.php(219): App\\Http\\Middleware\\SetLocale->handle()
#13 /var/www/indonesia-luxe/vendor/laravel/framework/src/Illuminate/Routing/Middleware/SubstituteBindings.php(50): Illuminate\\Pipeline\\Pipeline->{closure:{closure:Illuminate\\Pipeline\\Pipeline::carry():194}:195}()
#14 /var/www/indonesia-luxe/vendor/laravel/framework/src/Illuminate/Pipeline/Pipeline.php(219): Illuminate\\Routing\\Middleware\\SubstituteBindings->handle()
#15 /var/www/indonesia-luxe/vendor/laravel/framework/src/Illuminate/Foundation/Http/Middleware/VerifyCsrfToken.php(87): Illuminate\\Pipeline\\Pipeline->{closure:{closure:Illuminate\\Pipeline\\Pipeline::carry():194}:195}()
#16 /var/www/indonesia-luxe/vendor/laravel/framework/src/Illuminate/Pipeline/Pipeline.php(219): Illuminate\\Foundation\\Http\\Middleware\\VerifyCsrfToken->handle()
#17 /var/www/indonesia-luxe/vendor/laravel/framework/src/Illuminate/View/Middleware/ShareErrorsFromSession.php(48): Illuminate\\Pipeline\\Pipeline->{closure:{closure:Illuminate\\Pipeline\\Pipeline::carry():194}:195}()
#18 /var/www/indonesia-luxe/vendor/laravel/framework/src/Illuminate/Pipeline/Pipeline.php(219): Illuminate\\View\\Middleware\\ShareErrorsFromSession->handle()
#19 /var/www/indonesia-luxe/vendor/laravel/framework/src/Illuminate/Session/Middleware/StartSession.php(120): Illuminate\\Pipeline\\Pipeline->{closure:{closure:Illuminate\\Pipeline\\Pipeline::carry():194}:195}()
#20 /var/www/indonesia-luxe/vendor/laravel/framework/src/Illuminate/Session/Middleware/StartSession.php(63): Illuminate\\Session\\Middleware\\StartSession->handleStatefulRequest()
#21 /var/www/indonesia-luxe/vendor/laravel/framework/src/Illuminate/Pipeline/Pipeline.php(219): Illuminate\\Session\\Middleware\\StartSession->handle()
#22 /var/www/indonesia-luxe/vendor/laravel/framework/src/Illuminate/Cookie/Middleware/AddQueuedCookiesToResponse.php(36): Illuminate\\Pipeline\\Pipeline->{closure:{closure:Illuminate\\Pipeline\\Pipeline::carry():194}:195}()
#23 /var/www/indonesia-luxe/vendor/laravel/framework/src/Illuminate/Pipeline/Pipeline.php(219): Illuminate\\Cookie\\Middleware\\AddQueuedCookiesToResponse->handle()
#24 /var/www/indonesia-luxe/vendor/laravel/framework/src/Illuminate/Cookie/Middleware/EncryptCookies.php(74): Illuminate\\Pipeline\\Pipeline->{closure:{closure:Illuminate\\Pipeline\\Pipeline::carry():194}:195}()
#25 /var/www/indonesia-luxe/vendor/laravel/framework/src/Illuminate/Pipeline/Pipeline.php(219): Illuminate\\Cookie\\Middleware\\EncryptCookies->handle()
#26 /var/www/indonesia-luxe/vendor/laravel/framework/src/Illuminate/Pipeline/Pipeline.php(137): Illuminate\\Pipeline\\Pipeline->{closure:{closure:Illuminate\\Pipeline\\Pipeline::carry():194}:195}()
#27 /var/www/indonesia-luxe/vendor/laravel/framework/src/Illuminate/Routing/Router.php(821): Illuminate\\Pipeline\\Pipeline->then()
#28 /var/www/indonesia-luxe/vendor/laravel/framework/src/Illuminate/Routing/Router.php(800): Illuminate\\Routing\\Router->runRouteWithinStack()
#29 /var/www/indonesia-luxe/vendor/laravel/framework/src/Illuminate/Routing/Router.php(764): Illuminate\\Routing\\Router->runRoute()
#30 /var/www/indonesia-luxe/vendor/laravel/framework/src/Illuminate/Routing/Router.php(753): Illuminate\\Routing\\Router->dispatchToRoute()
#31 /var/www/indonesia-luxe/vendor/laravel/framework/src/Illuminate/Foundation/Http/Kernel.php(200): Illuminate\\Routing\\Router->dispatch()
#32 /var/www/indonesia-luxe/vendor/laravel/framework/src/Illuminate/Pipeline/Pipeline.php(180): Illuminate\\Foundation\\Http\\Kernel->{closure:Illuminate\\Foundation\\Http\\Kernel::dispatchToRouter():197}()
#33 /var/www/indonesia-luxe/vendor/livewire/livewire/src/Features/SupportDisablingBackButtonCache/DisableBackButtonCacheMiddleware.php(19): Illuminate\\Pipeline\\Pipeline->{closure:Illuminate\\Pipeline\\Pipeline::prepareDestination():178}()
#34 /var/www/indonesia-luxe/vendor/laravel/framework/src/Illuminate/Pipeline/Pipeline.php(219): Livewire\\Features\\SupportDisablingBackButtonCache\\DisableBackButtonCacheMiddleware->handle()
#35 /var/www/indonesia-luxe/vendor/laravel/framework/src/Illuminate/Foundation/Http/Middleware/ConvertEmptyStringsToNull.php(27): Illuminate\\Pipeline\\Pipeline->{closure:{closure:Illuminate\\Pipeline\\Pipeline::carry():194}:195}()
#36 /var/www/indonesia-luxe/vendor/laravel/framework/src/Illuminate/Pipeline/Pipeline.php(219): Illuminate\\Foundation\\Http\\Middleware\\ConvertEmptyStringsToNull->handle()
#37 /var/www/indonesia-luxe/vendor/laravel/framework/src/Illuminate/Foundation/Http/Middleware/TrimStrings.php(47): Illuminate\\Pipeline\\Pipeline->{closure:{closure:Illuminate\\Pipeline\\Pipeline::carry():194}:195}()
#38 /var/www/indonesia-luxe/vendor/laravel/framework/src/Illuminate/Pipeline/Pipeline.php(219): Illuminate\\Foundation\\Http\\Middleware\\TrimStrings->handle()
#39 /var/www/indonesia-luxe/vendor/laravel/framework/src/Illuminate/Http/Middleware/ValidatePostSize.php(27): Illuminate\\Pipeline\\Pipeline->{closure:{closure:Illuminate\\Pipeline\\Pipeline::carry():194}:195}()
#40 /var/www/indonesia-luxe/vendor/laravel/framework/src/Illuminate/Pipeline/Pipeline.php(219): Illuminate\\Http\\Middleware\\ValidatePostSize->handle()
#41 /var/www/indonesia-luxe/vendor/laravel/framework/src/Illuminate/Foundation/Http/Middleware/PreventRequestsDuringMaintenance.php(109): Illuminate\\Pipeline\\Pipeline->{closure:{closure:Illuminate\\Pipeline\\Pipeline::carry():194}:195}()
#42 /var/www/indonesia-luxe/vendor/laravel/framework/src/Illuminate/Pipeline/Pipeline.php(219): Illuminate\\Foundation\\Http\\Middleware\\PreventRequestsDuringMaintenance->handle()
#43 /var/www/indonesia-luxe/vendor/laravel/framework/src/Illuminate/Http/Middleware/HandleCors.php(61): Illuminate\\Pipeline\\Pipeline->{closure:{closure:Illuminate\\Pipeline\\Pipeline::carry():194}:195}()
#44 /var/www/indonesia-luxe/vendor/laravel/framework/src/Illuminate/Pipeline/Pipeline.php(219): Illuminate\\Http\\Middleware\\HandleCors->handle()
#45 /var/www/indonesia-luxe/vendor/laravel/framework/src/Illuminate/Http/Middleware/TrustProxies.php(58): Illuminate\\Pipeline\\Pipeline->{closure:{closure:Illuminate\\Pipeline\\Pipeline::carry():194}:195}()
#46 /var/www/indonesia-luxe/vendor/laravel/framework/src/Illuminate/Pipeline/Pipeline.php(219): Illuminate\\Http\\Middleware\\TrustProxies->handle()
#47 /var/www/indonesia-luxe/vendor/laravel/framework/src/Illuminate/Foundation/Http/Middleware/InvokeDeferredCallbacks.php(22): Illuminate\\Pipeline\\Pipeline->{closure:{closure:Illuminate\\Pipeline\\Pipeline::carry():194}:195}()
#48 /var/www/indonesia-luxe/vendor/laravel/framework/src/Illuminate/Pipeline/Pipeline.php(219): Illuminate\\Foundation\\Http\\Middleware\\InvokeDeferredCallbacks->handle()
#49 /var/www/indonesia-luxe/vendor/laravel/framework/src/Illuminate/Http/Middleware/ValidatePathEncoding.php(26): Illuminate\\Pipeline\\Pipeline->{closure:{closure:Illuminate\\Pipeline\\Pipeline::carry():194}:195}()
#50 /var/www/indonesia-luxe/vendor/laravel/framework/src/Illuminate/Pipeline/Pipeline.php(219): Illuminate\\Http\\Middleware\\ValidatePathEncoding->handle()
#51 /var/www/indonesia-luxe/vendor/laravel/framework/src/Illuminate/Pipeline/Pipeline.php(137): Illuminate\\Pipeline\\Pipeline->{closure:{closure:Illuminate\\Pipeline\\Pipeline::carry():194}:195}()
#52 /var/www/indonesia-luxe/vendor/laravel/framework/src/Illuminate/Foundation/Http/Kernel.php(175): Illuminate\\Pipeline\\Pipeline->then()
#53 /var/www/indonesia-luxe/vendor/laravel/framework/src/Illuminate/Foundation/Http/Kernel.php(144): Illuminate\\Foundation\\Http\\Kernel->sendRequestThroughRouter()
#54 /var/www/indonesia-luxe/vendor/laravel/framework/src/Illuminate/Foundation/Application.php(1220): Illuminate\\Foundation\\Http\\Kernel->handle()
#55 /var/www/indonesia-luxe/public/index.php(20): Illuminate\\Foundation\\Application->handleRequest()
#56 {main}
"} 
[2026-06-11 00:37:59] local.ERROR: Livewire encountered corrupt data when trying to hydrate a component. 
Ensure that the [name, id, data] of the Livewire component wasn't tampered with between requests. {"exception":"[object] (Livewire\\Mechanisms\\HandleComponents\\CorruptComponentPayloadException(code: 0): Livewire encountered corrupt data when trying to hydrate a component. 
Ensure that the [name, id, data] of the Livewire component wasn't tampered with between requests. at /var/www/indonesia-luxe/vendor/livewire/livewire/src/Mechanisms/HandleComponents/Checksum.php:29)
[stacktrace]
#0 /var/www/indonesia-luxe/vendor/livewire/livewire/src/Mechanisms/HandleComponents/HandleComponents.php(244): Livewire\\Mechanisms\\HandleComponents\\Checksum::verify()
#1 /var/www/indonesia-luxe/vendor/livewire/livewire/src/Mechanisms/HandleComponents/HandleComponents.php(210): Livewire\\Mechanisms\\HandleComponents\\HandleComponents->fromSnapshot()
#2 /var/www/indonesia-luxe/vendor/livewire/livewire/src/LivewireManager.php(131): Livewire\\Mechanisms\\HandleComponents\\HandleComponents->update()
#3 /var/www/indonesia-luxe/vendor/livewire/livewire/src/Mechanisms/HandleRequests/HandleRequests.php(156): Livewire\\LivewireManager->update()
#4 /var/www/indonesia-luxe/vendor/laravel/framework/src/Illuminate/Routing/ControllerDispatcher.php(46): Livewire\\Mechanisms\\HandleRequests\\HandleRequests->handleUpdate()
#5 /var/www/indonesia-luxe/vendor/laravel/framework/src/Illuminate/Routing/Route.php(265): Illuminate\\Routing\\ControllerDispatcher->dispatch()
#6 /var/www/indonesia-luxe/vendor/laravel/framework/src/Illuminate/Routing/Route.php(211): Illuminate\\Routing\\Route->runController()
#7 /var/www/indonesia-luxe/vendor/laravel/framework/src/Illuminate/Routing/Router.php(822): Illuminate\\Routing\\Route->run()
#8 /var/www/indonesia-luxe/vendor/laravel/framework/src/Illuminate/Pipeline/Pipeline.php(180): Illuminate\\Routing\\Router->{closure:Illuminate\\Routing\\Router::runRouteWithinStack():821}()
#9 /var/www/indonesia-luxe/vendor/laravel/boost/src/Middleware/InjectBoost.php(22): Illuminate\\Pipeline\\Pipeline->{closure:Illuminate\\Pipeline\\Pipeline::prepareDestination():178}()
#10 /var/www/indonesia-luxe/vendor/laravel/framework/src/Illuminate/Pipeline/Pipeline.php(219): Laravel\\Boost\\Middleware\\InjectBoost->handle()
#11 /var/www/indonesia-luxe/app/Http/Middleware/SetLocale.php(28): Illuminate\\Pipeline\\Pipeline->{closure:{closure:Illuminate\\Pipeline\\Pipeline::carry():194}:195}()
#12 /var/www/indonesia-luxe/vendor/laravel/framework/src/Illuminate/Pipeline/Pipeline.php(219): App\\Http\\Middleware\\SetLocale->handle()
#13 /var/www/indonesia-luxe/vendor/laravel/framework/src/Illuminate/Routing/Middleware/SubstituteBindings.php(50): Illuminate\\Pipeline\\Pipeline->{closure:{closure:Illuminate\\Pipeline\\Pipeline::carry():194}:195}()
#14 /var/www/indonesia-luxe/vendor/laravel/framework/src/Illuminate/Pipeline/Pipeline.php(219): Illuminate\\Routing\\Middleware\\SubstituteBindings->handle()
#15 /var/www/indonesia-luxe/vendor/laravel/framework/src/Illuminate/Foundation/Http/Middleware/VerifyCsrfToken.php(87): Illuminate\\Pipeline\\Pipeline->{closure:{closure:Illuminate\\Pipeline\\Pipeline::carry():194}:195}()
#16 /var/www/indonesia-luxe/vendor/laravel/framework/src/Illuminate/Pipeline/Pipeline.php(219): Illuminate\\Foundation\\Http\\Middleware\\VerifyCsrfToken->handle()
#17 /var/www/indonesia-luxe/vendor/laravel/framework/src/Illuminate/View/Middleware/ShareErrorsFromSession.php(48): Illuminate\\Pipeline\\Pipeline->{closure:{closure:Illuminate\\Pipeline\\Pipeline::carry():194}:195}()
#18 /var/www/indonesia-luxe/vendor/laravel/framework/src/Illuminate/Pipeline/Pipeline.php(219): Illuminate\\View\\Middleware\\ShareErrorsFromSession->handle()
#19 /var/www/indonesia-luxe/vendor/laravel/framework/src/Illuminate/Session/Middleware/StartSession.php(120): Illuminate\\Pipeline\\Pipeline->{closure:{closure:Illuminate\\Pipeline\\Pipeline::carry():194}:195}()
#20 /var/www/indonesia-luxe/vendor/laravel/framework/src/Illuminate/Session/Middleware/StartSession.php(63): Illuminate\\Session\\Middleware\\StartSession->handleStatefulRequest()
#21 /var/www/indonesia-luxe/vendor/laravel/framework/src/Illuminate/Pipeline/Pipeline.php(219): Illuminate\\Session\\Middleware\\StartSession->handle()
#22 /var/www/indonesia-luxe/vendor/laravel/framework/src/Illuminate/Cookie/Middleware/AddQueuedCookiesToResponse.php(36): Illuminate\\Pipeline\\Pipeline->{closure:{closure:Illuminate\\Pipeline\\Pipeline::carry():194}:195}()
#23 /var/www/indonesia-luxe/vendor/laravel/framework/src/Illuminate/Pipeline/Pipeline.php(219): Illuminate\\Cookie\\Middleware\\AddQueuedCookiesToResponse->handle()
#24 /var/www/indonesia-luxe/vendor/laravel/framework/src/Illuminate/Cookie/Middleware/EncryptCookies.php(74): Illuminate\\Pipeline\\Pipeline->{closure:{closure:Illuminate\\Pipeline\\Pipeline::carry():194}:195}()
#25 /var/www/indonesia-luxe/vendor/laravel/framework/src/Illuminate/Pipeline/Pipeline.php(219): Illuminate\\Cookie\\Middleware\\EncryptCookies->handle()
#26 /var/www/indonesia-luxe/vendor/laravel/framework/src/Illuminate/Pipeline/Pipeline.php(137): Illuminate\\Pipeline\\Pipeline->{closure:{closure:Illuminate\\Pipeline\\Pipeline::carry():194}:195}()
#27 /var/www/indonesia-luxe/vendor/laravel/framework/src/Illuminate/Routing/Router.php(821): Illuminate\\Pipeline\\Pipeline->then()
#28 /var/www/indonesia-luxe/vendor/laravel/framework/src/Illuminate/Routing/Router.php(800): Illuminate\\Routing\\Router->runRouteWithinStack()
#29 /var/www/indonesia-luxe/vendor/laravel/framework/src/Illuminate/Routing/Router.php(764): Illuminate\\Routing\\Router->runRoute()
#30 /var/www/indonesia-luxe/vendor/laravel/framework/src/Illuminate/Routing/Router.php(753): Illuminate\\Routing\\Router->dispatchToRoute()
#31 /var/www/indonesia-luxe/vendor/laravel/framework/src/Illuminate/Foundation/Http/Kernel.php(200): Illuminate\\Routing\\Router->dispatch()
#32 /var/www/indonesia-luxe/vendor/laravel/framework/src/Illuminate/Pipeline/Pipeline.php(180): Illuminate\\Foundation\\Http\\Kernel->{closure:Illuminate\\Foundation\\Http\\Kernel::dispatchToRouter():197}()
#33 /var/www/indonesia-luxe/vendor/livewire/livewire/src/Features/SupportDisablingBackButtonCache/DisableBackButtonCacheMiddleware.php(19): Illuminate\\Pipeline\\Pipeline->{closure:Illuminate\\Pipeline\\Pipeline::prepareDestination():178}()
#34 /var/www/indonesia-luxe/vendor/laravel/framework/src/Illuminate/Pipeline/Pipeline.php(219): Livewire\\Features\\SupportDisablingBackButtonCache\\DisableBackButtonCacheMiddleware->handle()
#35 /var/www/indonesia-luxe/vendor/laravel/framework/src/Illuminate/Foundation/Http/Middleware/ConvertEmptyStringsToNull.php(27): Illuminate\\Pipeline\\Pipeline->{closure:{closure:Illuminate\\Pipeline\\Pipeline::carry():194}:195}()
#36 /var/www/indonesia-luxe/vendor/laravel/framework/src/Illuminate/Pipeline/Pipeline.php(219): Illuminate\\Foundation\\Http\\Middleware\\ConvertEmptyStringsToNull->handle()
#37 /var/www/indonesia-luxe/vendor/laravel/framework/src/Illuminate/Foundation/Http/Middleware/TrimStrings.php(47): Illuminate\\Pipeline\\Pipeline->{closure:{closure:Illuminate\\Pipeline\\Pipeline::carry():194}:195}()
#38 /var/www/indonesia-luxe/vendor/laravel/framework/src/Illuminate/Pipeline/Pipeline.php(219): Illuminate\\Foundation\\Http\\Middleware\\TrimStrings->handle()
#39 /var/www/indonesia-luxe/vendor/laravel/framework/src/Illuminate/Http/Middleware/ValidatePostSize.php(27): Illuminate\\Pipeline\\Pipeline->{closure:{closure:Illuminate\\Pipeline\\Pipeline::carry():194}:195}()
#40 /var/www/indonesia-luxe/vendor/laravel/framework/src/Illuminate/Pipeline/Pipeline.php(219): Illuminate\\Http\\Middleware\\ValidatePostSize->handle()
#41 /var/www/indonesia-luxe/vendor/laravel/framework/src/Illuminate/Foundation/Http/Middleware/PreventRequestsDuringMaintenance.php(109): Illuminate\\Pipeline\\Pipeline->{closure:{closure:Illuminate\\Pipeline\\Pipeline::carry():194}:195}()
#42 /var/www/indonesia-luxe/vendor/laravel/framework/src/Illuminate/Pipeline/Pipeline.php(219): Illuminate\\Foundation\\Http\\Middleware\\PreventRequestsDuringMaintenance->handle()
#43 /var/www/indonesia-luxe/vendor/laravel/framework/src/Illuminate/Http/Middleware/HandleCors.php(61): Illuminate\\Pipeline\\Pipeline->{closure:{closure:Illuminate\\Pipeline\\Pipeline::carry():194}:195}()
#44 /var/www/indonesia-luxe/vendor/laravel/framework/src/Illuminate/Pipeline/Pipeline.php(219): Illuminate\\Http\\Middleware\\HandleCors->handle()
#45 /var/www/indonesia-luxe/vendor/laravel/framework/src/Illuminate/Http/Middleware/TrustProxies.php(58): Illuminate\\Pipeline\\Pipeline->{closure:{closure:Illuminate\\Pipeline\\Pipeline::carry():194}:195}()
#46 /var/www/indonesia-luxe/vendor/laravel/framework/src/Illuminate/Pipeline/Pipeline.php(219): Illuminate\\Http\\Middleware\\TrustProxies->handle()
#47 /var/www/indonesia-luxe/vendor/laravel/framework/src/Illuminate/Foundation/Http/Middleware/InvokeDeferredCallbacks.php(22): Illuminate\\Pipeline\\Pipeline->{closure:{closure:Illuminate\\Pipeline\\Pipeline::carry():194}:195}()
#48 /var/www/indonesia-luxe/vendor/laravel/framework/src/Illuminate/Pipeline/Pipeline.php(219): Illuminate\\Foundation\\Http\\Middleware\\InvokeDeferredCallbacks->handle()
#49 /var/www/indonesia-luxe/vendor/laravel/framework/src/Illuminate/Http/Middleware/ValidatePathEncoding.php(26): Illuminate\\Pipeline\\Pipeline->{closure:{closure:Illuminate\\Pipeline\\Pipeline::carry():194}:195}()
#50 /var/www/indonesia-luxe/vendor/laravel/framework/src/Illuminate/Pipeline/Pipeline.php(219): Illuminate\\Http\\Middleware\\ValidatePathEncoding->handle()
#51 /var/www/indonesia-luxe/vendor/laravel/framework/src/Illuminate/Pipeline/Pipeline.php(137): Illuminate\\Pipeline\\Pipeline->{closure:{closure:Illuminate\\Pipeline\\Pipeline::carry():194}:195}()
#52 /var/www/indonesia-luxe/vendor/laravel/framework/src/Illuminate/Foundation/Http/Kernel.php(175): Illuminate\\Pipeline\\Pipeline->then()
#53 /var/www/indonesia-luxe/vendor/laravel/framework/src/Illuminate/Foundation/Http/Kernel.php(144): Illuminate\\Foundation\\Http\\Kernel->sendRequestThroughRouter()
#54 /var/www/indonesia-luxe/vendor/laravel/framework/src/Illuminate/Foundation/Application.php(1220): Illuminate\\Foundation\\Http\\Kernel->handle()
#55 /var/www/indonesia-luxe/public/index.php(20): Illuminate\\Foundation\\Application->handleRequest()
#56 {main}
"} 
[2026-06-11 00:37:59] local.ERROR: Livewire encountered corrupt data when trying to hydrate a component. 
Ensure that the [name, id, data] of the Livewire component wasn't tampered with between requests. {"exception":"[object] (Livewire\\Mechanisms\\HandleComponents\\CorruptComponentPayloadException(code: 0): Livewire encountered corrupt data when trying to hydrate a component. 
Ensure that the [name, id, data] of the Livewire component wasn't tampered with between requests. at /var/www/indonesia-luxe/vendor/livewire/livewire/src/Mechanisms/HandleComponents/Checksum.php:29)
[stacktrace]
#0 /var/www/indonesia-luxe/vendor/livewire/livewire/src/Mechanisms/HandleComponents/HandleComponents.php(244): Livewire\\Mechanisms\\HandleComponents\\Checksum::verify()
#1 /var/www/indonesia-luxe/vendor/livewire/livewire/src/Mechanisms/HandleComponents/HandleComponents.php(210): Livewire\\Mechanisms\\HandleComponents\\HandleComponents->fromSnapshot()
#2 /var/www/indonesia-luxe/vendor/livewire/livewire/src/LivewireManager.php(131): Livewire\\Mechanisms\\HandleComponents\\HandleComponents->update()
#3 /var/www/indonesia-luxe/vendor/livewire/livewire/src/Mechanisms/HandleRequests/HandleRequests.php(156): Livewire\\LivewireManager->update()
#4 /var/www/indonesia-luxe/vendor/laravel/framework/src/Illuminate/Routing/ControllerDispatcher.php(46): Livewire\\Mechanisms\\HandleRequests\\HandleRequests->handleUpdate()
#5 /var/www/indonesia-luxe/vendor/laravel/framework/src/Illuminate/Routing/Route.php(265): Illuminate\\Routing\\ControllerDispatcher->dispatch()
#6 /var/www/indonesia-luxe/vendor/laravel/framework/src/Illuminate/Routing/Route.php(211): Illuminate\\Routing\\Route->runController()
#7 /var/www/indonesia-luxe/vendor/laravel/framework/src/Illuminate/Routing/Router.php(822): Illuminate\\Routing\\Route->run()
#8 /var/www/indonesia-luxe/vendor/laravel/framework/src/Illuminate/Pipeline/Pipeline.php(180): Illuminate\\Routing\\Router->{closure:Illuminate\\Routing\\Router::runRouteWithinStack():821}()
#9 /var/www/indonesia-luxe/vendor/laravel/boost/src/Middleware/InjectBoost.php(22): Illuminate\\Pipeline\\Pipeline->{closure:Illuminate\\Pipeline\\Pipeline::prepareDestination():178}()
#10 /var/www/indonesia-luxe/vendor/laravel/framework/src/Illuminate/Pipeline/Pipeline.php(219): Laravel\\Boost\\Middleware\\InjectBoost->handle()
#11 /var/www/indonesia-luxe/app/Http/Middleware/SetLocale.php(28): Illuminate\\Pipeline\\Pipeline->{closure:{closure:Illuminate\\Pipeline\\Pipeline::carry():194}:195}()
#12 /var/www/indonesia-luxe/vendor/laravel/framework/src/Illuminate/Pipeline/Pipeline.php(219): App\\Http\\Middleware\\SetLocale->handle()
#13 /var/www/indonesia-luxe/vendor/laravel/framework/src/Illuminate/Routing/Middleware/SubstituteBindings.php(50): Illuminate\\Pipeline\\Pipeline->{closure:{closure:Illuminate\\Pipeline\\Pipeline::carry():194}:195}()
#14 /var/www/indonesia-luxe/vendor/laravel/framework/src/Illuminate/Pipeline/Pipeline.php(219): Illuminate\\Routing\\Middleware\\SubstituteBindings->handle()
#15 /var/www/indonesia-luxe/vendor/laravel/framework/src/Illuminate/Foundation/Http/Middleware/VerifyCsrfToken.php(87): Illuminate\\Pipeline\\Pipeline->{closure:{closure:Illuminate\\Pipeline\\Pipeline::carry():194}:195}()
#16 /var/www/indonesia-luxe/vendor/laravel/framework/src/Illuminate/Pipeline/Pipeline.php(219): Illuminate\\Foundation\\Http\\Middleware\\VerifyCsrfToken->handle()
#17 /var/www/indonesia-luxe/vendor/laravel/framework/src/Illuminate/View/Middleware/ShareErrorsFromSession.php(48): Illuminate\\Pipeline\\Pipeline->{closure:{closure:Illuminate\\Pipeline\\Pipeline::carry():194}:195}()
#18 /var/www/indonesia-luxe/vendor/laravel/framework/src/Illuminate/Pipeline/Pipeline.php(219): Illuminate\\View\\Middleware\\ShareErrorsFromSession->handle()
#19 /var/www/indonesia-luxe/vendor/laravel/framework/src/Illuminate/Session/Middleware/StartSession.php(120): Illuminate\\Pipeline\\Pipeline->{closure:{closure:Illuminate\\Pipeline\\Pipeline::carry():194}:195}()
#20 /var/www/indonesia-luxe/vendor/laravel/framework/src/Illuminate/Session/Middleware/StartSession.php(63): Illuminate\\Session\\Middleware\\StartSession->handleStatefulRequest()
#21 /var/www/indonesia-luxe/vendor/laravel/framework/src/Illuminate/Pipeline/Pipeline.php(219): Illuminate\\Session\\Middleware\\StartSession->handle()
#22 /var/www/indonesia-luxe/vendor/laravel/framework/src/Illuminate/Cookie/Middleware/AddQueuedCookiesToResponse.php(36): Illuminate\\Pipeline\\Pipeline->{closure:{closure:Illuminate\\Pipeline\\Pipeline::carry():194}:195}()
#23 /var/www/indonesia-luxe/vendor/laravel/framework/src/Illuminate/Pipeline/Pipeline.php(219): Illuminate\\Cookie\\Middleware\\AddQueuedCookiesToResponse->handle()
#24 /var/www/indonesia-luxe/vendor/laravel/framework/src/Illuminate/Cookie/Middleware/EncryptCookies.php(74): Illuminate\\Pipeline\\Pipeline->{closure:{closure:Illuminate\\Pipeline\\Pipeline::carry():194}:195}()
#25 /var/www/indonesia-luxe/vendor/laravel/framework/src/Illuminate/Pipeline/Pipeline.php(219): Illuminate\\Cookie\\Middleware\\EncryptCookies->handle()
#26 /var/www/indonesia-luxe/vendor/laravel/framework/src/Illuminate/Pipeline/Pipeline.php(137): Illuminate\\Pipeline\\Pipeline->{closure:{closure:Illuminate\\Pipeline\\Pipeline::carry():194}:195}()
#27 /var/www/indonesia-luxe/vendor/laravel/framework/src/Illuminate/Routing/Router.php(821): Illuminate\\Pipeline\\Pipeline->then()
#28 /var/www/indonesia-luxe/vendor/laravel/framework/src/Illuminate/Routing/Router.php(800): Illuminate\\Routing\\Router->runRouteWithinStack()
#29 /var/www/indonesia-luxe/vendor/laravel/framework/src/Illuminate/Routing/Router.php(764): Illuminate\\Routing\\Router->runRoute()
#30 /var/www/indonesia-luxe/vendor/laravel/framework/src/Illuminate/Routing/Router.php(753): Illuminate\\Routing\\Router->dispatchToRoute()
#31 /var/www/indonesia-luxe/vendor/laravel/framework/src/Illuminate/Foundation/Http/Kernel.php(200): Illuminate\\Routing\\Router->dispatch()
#32 /var/www/indonesia-luxe/vendor/laravel/framework/src/Illuminate/Pipeline/Pipeline.php(180): Illuminate\\Foundation\\Http\\Kernel->{closure:Illuminate\\Foundation\\Http\\Kernel::dispatchToRouter():197}()
#33 /var/www/indonesia-luxe/vendor/livewire/livewire/src/Features/SupportDisablingBackButtonCache/DisableBackButtonCacheMiddleware.php(19): Illuminate\\Pipeline\\Pipeline->{closure:Illuminate\\Pipeline\\Pipeline::prepareDestination():178}()
#34 /var/www/indonesia-luxe/vendor/laravel/framework/src/Illuminate/Pipeline/Pipeline.php(219): Livewire\\Features\\SupportDisablingBackButtonCache\\DisableBackButtonCacheMiddleware->handle()
#35 /var/www/indonesia-luxe/vendor/laravel/framework/src/Illuminate/Foundation/Http/Middleware/ConvertEmptyStringsToNull.php(27): Illuminate\\Pipeline\\Pipeline->{closure:{closure:Illuminate\\Pipeline\\Pipeline::carry():194}:195}()
#36 /var/www/indonesia-luxe/vendor/laravel/framework/src/Illuminate/Pipeline/Pipeline.php(219): Illuminate\\Foundation\\Http\\Middleware\\ConvertEmptyStringsToNull->handle()
#37 /var/www/indonesia-luxe/vendor/laravel/framework/src/Illuminate/Foundation/Http/Middleware/TrimStrings.php(47): Illuminate\\Pipeline\\Pipeline->{closure:{closure:Illuminate\\Pipeline\\Pipeline::carry():194}:195}()
#38 /var/www/indonesia-luxe/vendor/laravel/framework/src/Illuminate/Pipeline/Pipeline.php(219): Illuminate\\Foundation\\Http\\Middleware\\TrimStrings->handle()
#39 /var/www/indonesia-luxe/vendor/laravel/framework/src/Illuminate/Http/Middleware/ValidatePostSize.php(27): Illuminate\\Pipeline\\Pipeline->{closure:{closure:Illuminate\\Pipeline\\Pipeline::carry():194}:195}()
#40 /var/www/indonesia-luxe/vendor/laravel/framework/src/Illuminate/Pipeline/Pipeline.php(219): Illuminate\\Http\\Middleware\\ValidatePostSize->handle()
#41 /var/www/indonesia-luxe/vendor/laravel/framework/src/Illuminate/Foundation/Http/Middleware/PreventRequestsDuringMaintenance.php(109): Illuminate\\Pipeline\\Pipeline->{closure:{closure:Illuminate\\Pipeline\\Pipeline::carry():194}:195}()
#42 /var/www/indonesia-luxe/vendor/laravel/framework/src/Illuminate/Pipeline/Pipeline.php(219): Illuminate\\Foundation\\Http\\Middleware\\PreventRequestsDuringMaintenance->handle()
#43 /var/www/indonesia-luxe/vendor/laravel/framework/src/Illuminate/Http/Middleware/HandleCors.php(61): Illuminate\\Pipeline\\Pipeline->{closure:{closure:Illuminate\\Pipeline\\Pipeline::carry():194}:195}()
#44 /var/www/indonesia-luxe/vendor/laravel/framework/src/Illuminate/Pipeline/Pipeline.php(219): Illuminate\\Http\\Middleware\\HandleCors->handle()
#45 /var/www/indonesia-luxe/vendor/laravel/framework/src/Illuminate/Http/Middleware/TrustProxies.php(58): Illuminate\\Pipeline\\Pipeline->{closure:{closure:Illuminate\\Pipeline\\Pipeline::carry():194}:195}()
#46 /var/www/indonesia-luxe/vendor/laravel/framework/src/Illuminate/Pipeline/Pipeline.php(219): Illuminate\\Http\\Middleware\\TrustProxies->handle()
#47 /var/www/indonesia-luxe/vendor/laravel/framework/src/Illuminate/Foundation/Http/Middleware/InvokeDeferredCallbacks.php(22): Illuminate\\Pipeline\\Pipeline->{closure:{closure:Illuminate\\Pipeline\\Pipeline::carry():194}:195}()
#48 /var/www/indonesia-luxe/vendor/laravel/framework/src/Illuminate/Pipeline/Pipeline.php(219): Illuminate\\Foundation\\Http\\Middleware\\InvokeDeferredCallbacks->handle()
#49 /var/www/indonesia-luxe/vendor/laravel/framework/src/Illuminate/Http/Middleware/ValidatePathEncoding.php(26): Illuminate\\Pipeline\\Pipeline->{closure:{closure:Illuminate\\Pipeline\\Pipeline::carry():194}:195}()
#50 /var/www/indonesia-luxe/vendor/laravel/framework/src/Illuminate/Pipeline/Pipeline.php(219): Illuminate\\Http\\Middleware\\ValidatePathEncoding->handle()
#51 /var/www/indonesia-luxe/vendor/laravel/framework/src/Illuminate/Pipeline/Pipeline.php(137): Illuminate\\Pipeline\\Pipeline->{closure:{closure:Illuminate\\Pipeline\\Pipeline::carry():194}:195}()
#52 /var/www/indonesia-luxe/vendor/laravel/framework/src/Illuminate/Foundation/Http/Kernel.php(175): Illuminate\\Pipeline\\Pipeline->then()
#53 /var/www/indonesia-luxe/vendor/laravel/framework/src/Illuminate/Foundation/Http/Kernel.php(144): Illuminate\\Foundation\\Http\\Kernel->sendRequestThroughRouter()
#54 /var/www/indonesia-luxe/vendor/laravel/framework/src/Illuminate/Foundation/Application.php(1220): Illuminate\\Foundation\\Http\\Kernel->handle()
#55 /var/www/indonesia-luxe/public/index.php(20): Illuminate\\Foundation\\Application->handleRequest()
#56 {main}
"} 
[2026-06-11 00:37:59] local.ERROR: Livewire encountered corrupt data when trying to hydrate a component. 
Ensure that the [name, id, data] of the Livewire component wasn't tampered with between requests. {"exception":"[object] (Livewire\\Mechanisms\\HandleComponents\\CorruptComponentPayloadException(code: 0): Livewire encountered corrupt data when trying to hydrate a component. 
Ensure that the [name, id, data] of the Livewire component wasn't tampered with between requests. at /var/www/indonesia-luxe/vendor/livewire/livewire/src/Mechanisms/HandleComponents/Checksum.php:29)
[stacktrace]
#0 /var/www/indonesia-luxe/vendor/livewire/livewire/src/Mechanisms/HandleComponents/HandleComponents.php(244): Livewire\\Mechanisms\\HandleComponents\\Checksum::verify()
#1 /var/www/indonesia-luxe/vendor/livewire/livewire/src/Mechanisms/HandleComponents/HandleComponents.php(210): Livewire\\Mechanisms\\HandleComponents\\HandleComponents->fromSnapshot()
#2 /var/www/indonesia-luxe/vendor/livewire/livewire/src/LivewireManager.php(131): Livewire\\Mechanisms\\HandleComponents\\HandleComponents->update()
#3 /var/www/indonesia-luxe/vendor/livewire/livewire/src/Mechanisms/HandleRequests/HandleRequests.php(156): Livewire\\LivewireManager->update()
#4 /var/www/indonesia-luxe/vendor/laravel/framework/src/Illuminate/Routing/ControllerDispatcher.php(46): Livewire\\Mechanisms\\HandleRequests\\HandleRequests->handleUpdate()
#5 /var/www/indonesia-luxe/vendor/laravel/framework/src/Illuminate/Routing/Route.php(265): Illuminate\\Routing\\ControllerDispatcher->dispatch()
#6 /var/www/indonesia-luxe/vendor/laravel/framework/src/Illuminate/Routing/Route.php(211): Illuminate\\Routing\\Route->runController()
#7 /var/www/indonesia-luxe/vendor/laravel/framework/src/Illuminate/Routing/Router.php(822): Illuminate\\Routing\\Route->run()
#8 /var/www/indonesia-luxe/vendor/laravel/framework/src/Illuminate/Pipeline/Pipeline.php(180): Illuminate\\Routing\\Router->{closure:Illuminate\\Routing\\Router::runRouteWithinStack():821}()
#9 /var/www/indonesia-luxe/vendor/laravel/boost/src/Middleware/InjectBoost.php(22): Illuminate\\Pipeline\\Pipeline->{closure:Illuminate\\Pipeline\\Pipeline::prepareDestination():178}()
#10 /var/www/indonesia-luxe/vendor/laravel/framework/src/Illuminate/Pipeline/Pipeline.php(219): Laravel\\Boost\\Middleware\\InjectBoost->handle()
#11 /var/www/indonesia-luxe/app/Http/Middleware/SetLocale.php(28): Illuminate\\Pipeline\\Pipeline->{closure:{closure:Illuminate\\Pipeline\\Pipeline::carry():194}:195}()
#12 /var/www/indonesia-luxe/vendor/laravel/framework/src/Illuminate/Pipeline/Pipeline.php(219): App\\Http\\Middleware\\SetLocale->handle()
#13 /var/www/indonesia-luxe/vendor/laravel/framework/src/Illuminate/Routing/Middleware/SubstituteBindings.php(50): Illuminate\\Pipeline\\Pipeline->{closure:{closure:Illuminate\\Pipeline\\Pipeline::carry():194}:195}()
#14 /var/www/indonesia-luxe/vendor/laravel/framework/src/Illuminate/Pipeline/Pipeline.php(219): Illuminate\\Routing\\Middleware\\SubstituteBindings->handle()
#15 /var/www/indonesia-luxe/vendor/laravel/framework/src/Illuminate/Foundation/Http/Middleware/VerifyCsrfToken.php(87): Illuminate\\Pipeline\\Pipeline->{closure:{closure:Illuminate\\Pipeline\\Pipeline::carry():194}:195}()
#16 /var/www/indonesia-luxe/vendor/laravel/framework/src/Illuminate/Pipeline/Pipeline.php(219): Illuminate\\Foundation\\Http\\Middleware\\VerifyCsrfToken->handle()
#17 /var/www/indonesia-luxe/vendor/laravel/framework/src/Illuminate/View/Middleware/ShareErrorsFromSession.php(48): Illuminate\\Pipeline\\Pipeline->{closure:{closure:Illuminate\\Pipeline\\Pipeline::carry():194}:195}()
#18 /var/www/indonesia-luxe/vendor/laravel/framework/src/Illuminate/Pipeline/Pipeline.php(219): Illuminate\\View\\Middleware\\ShareErrorsFromSession->handle()
#19 /var/www/indonesia-luxe/vendor/laravel/framework/src/Illuminate/Session/Middleware/StartSession.php(120): Illuminate\\Pipeline\\Pipeline->{closure:{closure:Illuminate\\Pipeline\\Pipeline::carry():194}:195}()
#20 /var/www/indonesia-luxe/vendor/laravel/framework/src/Illuminate/Session/Middleware/StartSession.php(63): Illuminate\\Session\\Middleware\\StartSession->handleStatefulRequest()
#21 /var/www/indonesia-luxe/vendor/laravel/framework/src/Illuminate/Pipeline/Pipeline.php(219): Illuminate\\Session\\Middleware\\StartSession->handle()
#22 /var/www/indonesia-luxe/vendor/laravel/framework/src/Illuminate/Cookie/Middleware/AddQueuedCookiesToResponse.php(36): Illuminate\\Pipeline\\Pipeline->{closure:{closure:Illuminate\\Pipeline\\Pipeline::carry():194}:195}()
#23 /var/www/indonesia-luxe/vendor/laravel/framework/src/Illuminate/Pipeline/Pipeline.php(219): Illuminate\\Cookie\\Middleware\\AddQueuedCookiesToResponse->handle()
#24 /var/www/indonesia-luxe/vendor/laravel/framework/src/Illuminate/Cookie/Middleware/EncryptCookies.php(74): Illuminate\\Pipeline\\Pipeline->{closure:{closure:Illuminate\\Pipeline\\Pipeline::carry():194}:195}()
#25 /var/www/indonesia-luxe/vendor/laravel/framework/src/Illuminate/Pipeline/Pipeline.php(219): Illuminate\\Cookie\\Middleware\\EncryptCookies->handle()
#26 /var/www/indonesia-luxe/vendor/laravel/framework/src/Illuminate/Pipeline/Pipeline.php(137): Illuminate\\Pipeline\\Pipeline->{closure:{closure:Illuminate\\Pipeline\\Pipeline::carry():194}:195}()
#27 /var/www/indonesia-luxe/vendor/laravel/framework/src/Illuminate/Routing/Router.php(821): Illuminate\\Pipeline\\Pipeline->then()
#28 /var/www/indonesia-luxe/vendor/laravel/framework/src/Illuminate/Routing/Router.php(800): Illuminate\\Routing\\Router->runRouteWithinStack()
#29 /var/www/indonesia-luxe/vendor/laravel/framework/src/Illuminate/Routing/Router.php(764): Illuminate\\Routing\\Router->runRoute()
#30 /var/www/indonesia-luxe/vendor/laravel/framework/src/Illuminate/Routing/Router.php(753): Illuminate\\Routing\\Router->dispatchToRoute()
#31 /var/www/indonesia-luxe/vendor/laravel/framework/src/Illuminate/Foundation/Http/Kernel.php(200): Illuminate\\Routing\\Router->dispatch()
#32 /var/www/indonesia-luxe/vendor/laravel/framework/src/Illuminate/Pipeline/Pipeline.php(180): Illuminate\\Foundation\\Http\\Kernel->{closure:Illuminate\\Foundation\\Http\\Kernel::dispatchToRouter():197}()
#33 /var/www/indonesia-luxe/vendor/livewire/livewire/src/Features/SupportDisablingBackButtonCache/DisableBackButtonCacheMiddleware.php(19): Illuminate\\Pipeline\\Pipeline->{closure:Illuminate\\Pipeline\\Pipeline::prepareDestination():178}()
#34 /var/www/indonesia-luxe/vendor/laravel/framework/src/Illuminate/Pipeline/Pipeline.php(219): Livewire\\Features\\SupportDisablingBackButtonCache\\DisableBackButtonCacheMiddleware->handle()
#35 /var/www/indonesia-luxe/vendor/laravel/framework/src/Illuminate/Foundation/Http/Middleware/ConvertEmptyStringsToNull.php(27): Illuminate\\Pipeline\\Pipeline->{closure:{closure:Illuminate\\Pipeline\\Pipeline::carry():194}:195}()
#36 /var/www/indonesia-luxe/vendor/laravel/framework/src/Illuminate/Pipeline/Pipeline.php(219): Illuminate\\Foundation\\Http\\Middleware\\ConvertEmptyStringsToNull->handle()
#37 /var/www/indonesia-luxe/vendor/laravel/framework/src/Illuminate/Foundation/Http/Middleware/TrimStrings.php(47): Illuminate\\Pipeline\\Pipeline->{closure:{closure:Illuminate\\Pipeline\\Pipeline::carry():194}:195}()
#38 /var/www/indonesia-luxe/vendor/laravel/framework/src/Illuminate/Pipeline/Pipeline.php(219): Illuminate\\Foundation\\Http\\Middleware\\TrimStrings->handle()
#39 /var/www/indonesia-luxe/vendor/laravel/framework/src/Illuminate/Http/Middleware/ValidatePostSize.php(27): Illuminate\\Pipeline\\Pipeline->{closure:{closure:Illuminate\\Pipeline\\Pipeline::carry():194}:195}()
#40 /var/www/indonesia-luxe/vendor/laravel/framework/src/Illuminate/Pipeline/Pipeline.php(219): Illuminate\\Http\\Middleware\\ValidatePostSize->handle()
#41 /var/www/indonesia-luxe/vendor/laravel/framework/src/Illuminate/Foundation/Http/Middleware/PreventRequestsDuringMaintenance.php(109): Illuminate\\Pipeline\\Pipeline->{closure:{closure:Illuminate\\Pipeline\\Pipeline::carry():194}:195}()
#42 /var/www/indonesia-luxe/vendor/laravel/framework/src/Illuminate/Pipeline/Pipeline.php(219): Illuminate\\Foundation\\Http\\Middleware\\PreventRequestsDuringMaintenance->handle()
#43 /var/www/indonesia-luxe/vendor/laravel/framework/src/Illuminate/Http/Middleware/HandleCors.php(61): Illuminate\\Pipeline\\Pipeline->{closure:{closure:Illuminate\\Pipeline\\Pipeline::carry():194}:195}()
#44 /var/www/indonesia-luxe/vendor/laravel/framework/src/Illuminate/Pipeline/Pipeline.php(219): Illuminate\\Http\\Middleware\\HandleCors->handle()
#45 /var/www/indonesia-luxe/vendor/laravel/framework/src/Illuminate/Http/Middleware/TrustProxies.php(58): Illuminate\\Pipeline\\Pipeline->{closure:{closure:Illuminate\\Pipeline\\Pipeline::carry():194}:195}()
#46 /var/www/indonesia-luxe/vendor/laravel/framework/src/Illuminate/Pipeline/Pipeline.php(219): Illuminate\\Http\\Middleware\\TrustProxies->handle()
#47 /var/www/indonesia-luxe/vendor/laravel/framework/src/Illuminate/Foundation/Http/Middleware/InvokeDeferredCallbacks.php(22): Illuminate\\Pipeline\\Pipeline->{closure:{closure:Illuminate\\Pipeline\\Pipeline::carry():194}:195}()
#48 /var/www/indonesia-luxe/vendor/laravel/framework/src/Illuminate/Pipeline/Pipeline.php(219): Illuminate\\Foundation\\Http\\Middleware\\InvokeDeferredCallbacks->handle()
#49 /var/www/indonesia-luxe/vendor/laravel/framework/src/Illuminate/Http/Middleware/ValidatePathEncoding.php(26): Illuminate\\Pipeline\\Pipeline->{closure:{closure:Illuminate\\Pipeline\\Pipeline::carry():194}:195}()
#50 /var/www/indonesia-luxe/vendor/laravel/framework/src/Illuminate/Pipeline/Pipeline.php(219): Illuminate\\Http\\Middleware\\ValidatePathEncoding->handle()
#51 /var/www/indonesia-luxe/vendor/laravel/framework/src/Illuminate/Pipeline/Pipeline.php(137): Illuminate\\Pipeline\\Pipeline->{closure:{closure:Illuminate\\Pipeline\\Pipeline::carry():194}:195}()
#52 /var/www/indonesia-luxe/vendor/laravel/framework/src/Illuminate/Foundation/Http/Kernel.php(175): Illuminate\\Pipeline\\Pipeline->then()
#53 /var/www/indonesia-luxe/vendor/laravel/framework/src/Illuminate/Foundation/Http/Kernel.php(144): Illuminate\\Foundation\\Http\\Kernel->sendRequestThroughRouter()
#54 /var/www/indonesia-luxe/vendor/laravel/framework/src/Illuminate/Foundation/Application.php(1220): Illuminate\\Foundation\\Http\\Kernel->handle()
#55 /var/www/indonesia-luxe/public/index.php(20): Illuminate\\Foundation\\Application->handleRequest()
#56 {main}
"} 
[2026-06-11 05:31:20] local.ERROR: Unable to find component: [filament.pages.auth.login] {"exception":"[object] (Livewire\\Exceptions\\ComponentNotFoundException(code: 0): Unable to find component: [filament.pages.auth.login] at /var/www/indonesia-luxe/vendor/livewire/livewire/src/Factory/Factory.php:76)
[stacktrace]
#0 /var/www/indonesia-luxe/vendor/livewire/livewire/src/Factory/Factory.php(88): Livewire\\Factory\\Factory->resolveComponentNameAndClass()
#1 /var/www/indonesia-luxe/vendor/livewire/livewire/src/Features/SupportReleaseTokens/ReleaseToken.php(15): Livewire\\Factory\\Factory->resolveComponentClass()
#2 /var/www/indonesia-luxe/vendor/livewire/livewire/src/Features/SupportReleaseTokens/SupportReleaseTokens.php(20): Livewire\\Features\\SupportReleaseTokens\\ReleaseToken::verify()
#3 /var/www/indonesia-luxe/vendor/livewire/livewire/src/EventBus.php(87): Livewire\\Features\\SupportReleaseTokens\\SupportReleaseTokens::{closure:Livewire\\Features\\SupportReleaseTokens\\SupportReleaseTokens::provide():19}()
#4 /var/www/indonesia-luxe/vendor/livewire/livewire/src/helpers.php(98): Livewire\\EventBus->trigger()
#5 /var/www/indonesia-luxe/vendor/livewire/livewire/src/Mechanisms/HandleComponents/Checksum.php(22): Livewire\\trigger()
#6 /var/www/indonesia-luxe/vendor/livewire/livewire/src/Mechanisms/HandleComponents/HandleComponents.php(244): Livewire\\Mechanisms\\HandleComponents\\Checksum::verify()
#7 /var/www/indonesia-luxe/vendor/livewire/livewire/src/Mechanisms/HandleComponents/HandleComponents.php(210): Livewire\\Mechanisms\\HandleComponents\\HandleComponents->fromSnapshot()
#8 /var/www/indonesia-luxe/vendor/livewire/livewire/src/LivewireManager.php(131): Livewire\\Mechanisms\\HandleComponents\\HandleComponents->update()
#9 /var/www/indonesia-luxe/vendor/livewire/livewire/src/Mechanisms/HandleRequests/HandleRequests.php(156): Livewire\\LivewireManager->update()
#10 /var/www/indonesia-luxe/vendor/laravel/framework/src/Illuminate/Routing/ControllerDispatcher.php(46): Livewire\\Mechanisms\\HandleRequests\\HandleRequests->handleUpdate()
#11 /var/www/indonesia-luxe/vendor/laravel/framework/src/Illuminate/Routing/Route.php(265): Illuminate\\Routing\\ControllerDispatcher->dispatch()
#12 /var/www/indonesia-luxe/vendor/laravel/framework/src/Illuminate/Routing/Route.php(211): Illuminate\\Routing\\Route->runController()
#13 /var/www/indonesia-luxe/vendor/laravel/framework/src/Illuminate/Routing/Router.php(822): Illuminate\\Routing\\Route->run()
#14 /var/www/indonesia-luxe/vendor/laravel/framework/src/Illuminate/Pipeline/Pipeline.php(180): Illuminate\\Routing\\Router->{closure:Illuminate\\Routing\\Router::runRouteWithinStack():821}()
#15 /var/www/indonesia-luxe/vendor/laravel/boost/src/Middleware/InjectBoost.php(22): Illuminate\\Pipeline\\Pipeline->{closure:Illuminate\\Pipeline\\Pipeline::prepareDestination():178}()
#16 /var/www/indonesia-luxe/vendor/laravel/framework/src/Illuminate/Pipeline/Pipeline.php(219): Laravel\\Boost\\Middleware\\InjectBoost->handle()
#17 /var/www/indonesia-luxe/app/Http/Middleware/SetLocale.php(28): Illuminate\\Pipeline\\Pipeline->{closure:{closure:Illuminate\\Pipeline\\Pipeline::carry():194}:195}()
#18 /var/www/indonesia-luxe/vendor/laravel/framework/src/Illuminate/Pipeline/Pipeline.php(219): App\\Http\\Middleware\\SetLocale->handle()
#19 /var/www/indonesia-luxe/vendor/laravel/framework/src/Illuminate/Routing/Middleware/SubstituteBindings.php(50): Illuminate\\Pipeline\\Pipeline->{closure:{closure:Illuminate\\Pipeline\\Pipeline::carry():194}:195}()
#20 /var/www/indonesia-luxe/vendor/laravel/framework/src/Illuminate/Pipeline/Pipeline.php(219): Illuminate\\Routing\\Middleware\\SubstituteBindings->handle()
#21 /var/www/indonesia-luxe/vendor/laravel/framework/src/Illuminate/Foundation/Http/Middleware/VerifyCsrfToken.php(87): Illuminate\\Pipeline\\Pipeline->{closure:{closure:Illuminate\\Pipeline\\Pipeline::carry():194}:195}()
#22 /var/www/indonesia-luxe/vendor/laravel/framework/src/Illuminate/Pipeline/Pipeline.php(219): Illuminate\\Foundation\\Http\\Middleware\\VerifyCsrfToken->handle()
#23 /var/www/indonesia-luxe/vendor/laravel/framework/src/Illuminate/View/Middleware/ShareErrorsFromSession.php(48): Illuminate\\Pipeline\\Pipeline->{closure:{closure:Illuminate\\Pipeline\\Pipeline::carry():194}:195}()
#24 /var/www/indonesia-luxe/vendor/laravel/framework/src/Illuminate/Pipeline/Pipeline.php(219): Illuminate\\View\\Middleware\\ShareErrorsFromSession->handle()
#25 /var/www/indonesia-luxe/vendor/laravel/framework/src/Illuminate/Session/Middleware/StartSession.php(120): Illuminate\\Pipeline\\Pipeline->{closure:{closure:Illuminate\\Pipeline\\Pipeline::carry():194}:195}()
#26 /var/www/indonesia-luxe/vendor/laravel/framework/src/Illuminate/Session/Middleware/StartSession.php(63): Illuminate\\Session\\Middleware\\StartSession->handleStatefulRequest()
#27 /var/www/indonesia-luxe/vendor/laravel/framework/src/Illuminate/Pipeline/Pipeline.php(219): Illuminate\\Session\\Middleware\\StartSession->handle()
#28 /var/www/indonesia-luxe/vendor/laravel/framework/src/Illuminate/Cookie/Middleware/AddQueuedCookiesToResponse.php(36): Illuminate\\Pipeline\\Pipeline->{closure:{closure:Illuminate\\Pipeline\\Pipeline::carry():194}:195}()
#29 /var/www/indonesia-luxe/vendor/laravel/framework/src/Illuminate/Pipeline/Pipeline.php(219): Illuminate\\Cookie\\Middleware\\AddQueuedCookiesToResponse->handle()
#30 /var/www/indonesia-luxe/vendor/laravel/framework/src/Illuminate/Cookie/Middleware/EncryptCookies.php(74): Illuminate\\Pipeline\\Pipeline->{closure:{closure:Illuminate\\Pipeline\\Pipeline::carry():194}:195}()
#31 /var/www/indonesia-luxe/vendor/laravel/framework/src/Illuminate/Pipeline/Pipeline.php(219): Illuminate\\Cookie\\Middleware\\EncryptCookies->handle()
#32 /var/www/indonesia-luxe/vendor/laravel/framework/src/Illuminate/Pipeline/Pipeline.php(137): Illuminate\\Pipeline\\Pipeline->{closure:{closure:Illuminate\\Pipeline\\Pipeline::carry():194}:195}()
#33 /var/www/indonesia-luxe/vendor/laravel/framework/src/Illuminate/Routing/Router.php(821): Illuminate\\Pipeline\\Pipeline->then()
#34 /var/www/indonesia-luxe/vendor/laravel/framework/src/Illuminate/Routing/Router.php(800): Illuminate\\Routing\\Router->runRouteWithinStack()
#35 /var/www/indonesia-luxe/vendor/laravel/framework/src/Illuminate/Routing/Router.php(764): Illuminate\\Routing\\Router->runRoute()
#36 /var/www/indonesia-luxe/vendor/laravel/framework/src/Illuminate/Routing/Router.php(753): Illuminate\\Routing\\Router->dispatchToRoute()
#37 /var/www/indonesia-luxe/vendor/laravel/framework/src/Illuminate/Foundation/Http/Kernel.php(200): Illuminate\\Routing\\Router->dispatch()
#38 /var/www/indonesia-luxe/vendor/laravel/framework/src/Illuminate/Pipeline/Pipeline.php(180): Illuminate\\Foundation\\Http\\Kernel->{closure:Illuminate\\Foundation\\Http\\Kernel::dispatchToRouter():197}()
#39 /var/www/indonesia-luxe/vendor/livewire/livewire/src/Features/SupportDisablingBackButtonCache/DisableBackButtonCacheMiddleware.php(19): Illuminate\\Pipeline\\Pipeline->{closure:Illuminate\\Pipeline\\Pipeline::prepareDestination():178}()
#40 /var/www/indonesia-luxe/vendor/laravel/framework/src/Illuminate/Pipeline/Pipeline.php(219): Livewire\\Features\\SupportDisablingBackButtonCache\\DisableBackButtonCacheMiddleware->handle()
#41 /var/www/indonesia-luxe/vendor/laravel/framework/src/Illuminate/Foundation/Http/Middleware/ConvertEmptyStringsToNull.php(27): Illuminate\\Pipeline\\Pipeline->{closure:{closure:Illuminate\\Pipeline\\Pipeline::carry():194}:195}()
#42 /var/www/indonesia-luxe/vendor/laravel/framework/src/Illuminate/Pipeline/Pipeline.php(219): Illuminate\\Foundation\\Http\\Middleware\\ConvertEmptyStringsToNull->handle()
#43 /var/www/indonesia-luxe/vendor/laravel/framework/src/Illuminate/Foundation/Http/Middleware/TrimStrings.php(47): Illuminate\\Pipeline\\Pipeline->{closure:{closure:Illuminate\\Pipeline\\Pipeline::carry():194}:195}()
#44 /var/www/indonesia-luxe/vendor/laravel/framework/src/Illuminate/Pipeline/Pipeline.php(219): Illuminate\\Foundation\\Http\\Middleware\\TrimStrings->handle()
#45 /var/www/indonesia-luxe/vendor/laravel/framework/src/Illuminate/Http/Middleware/ValidatePostSize.php(27): Illuminate\\Pipeline\\Pipeline->{closure:{closure:Illuminate\\Pipeline\\Pipeline::carry():194}:195}()
#46 /var/www/indonesia-luxe/vendor/laravel/framework/src/Illuminate/Pipeline/Pipeline.php(219): Illuminate\\Http\\Middleware\\ValidatePostSize->handle()
#47 /var/www/indonesia-luxe/vendor/laravel/framework/src/Illuminate/Foundation/Http/Middleware/PreventRequestsDuringMaintenance.php(109): Illuminate\\Pipeline\\Pipeline->{closure:{closure:Illuminate\\Pipeline\\Pipeline::carry():194}:195}()
#48 /var/www/indonesia-luxe/vendor/laravel/framework/src/Illuminate/Pipeline/Pipeline.php(219): Illuminate\\Foundation\\Http\\Middleware\\PreventRequestsDuringMaintenance->handle()
#49 /var/www/indonesia-luxe/vendor/laravel/framework/src/Illuminate/Http/Middleware/HandleCors.php(61): Illuminate\\Pipeline\\Pipeline->{closure:{closure:Illuminate\\Pipeline\\Pipeline::carry():194}:195}()
#50 /var/www/indonesia-luxe/vendor/laravel/framework/src/Illuminate/Pipeline/Pipeline.php(219): Illuminate\\Http\\Middleware\\HandleCors->handle()
#51 /var/www/indonesia-luxe/vendor/laravel/framework/src/Illuminate/Http/Middleware/TrustProxies.php(58): Illuminate\\Pipeline\\Pipeline->{closure:{closure:Illuminate\\Pipeline\\Pipeline::carry():194}:195}()
#52 /var/www/indonesia-luxe/vendor/laravel/framework/src/Illuminate/Pipeline/Pipeline.php(219): Illuminate\\Http\\Middleware\\TrustProxies->handle()
#53 /var/www/indonesia-luxe/vendor/laravel/framework/src/Illuminate/Foundation/Http/Middleware/InvokeDeferredCallbacks.php(22): Illuminate\\Pipeline\\Pipeline->{closure:{closure:Illuminate\\Pipeline\\Pipeline::carry():194}:195}()
#54 /var/www/indonesia-luxe/vendor/laravel/framework/src/Illuminate/Pipeline/Pipeline.php(219): Illuminate\\Foundation\\Http\\Middleware\\InvokeDeferredCallbacks->handle()
#55 /var/www/indonesia-luxe/vendor/laravel/framework/src/Illuminate/Http/Middleware/ValidatePathEncoding.php(26): Illuminate\\Pipeline\\Pipeline->{closure:{closure:Illuminate\\Pipeline\\Pipeline::carry():194}:195}()
#56 /var/www/indonesia-luxe/vendor/laravel/framework/src/Illuminate/Pipeline/Pipeline.php(219): Illuminate\\Http\\Middleware\\ValidatePathEncoding->handle()
#57 /var/www/indonesia-luxe/vendor/laravel/framework/src/Illuminate/Pipeline/Pipeline.php(137): Illuminate\\Pipeline\\Pipeline->{closure:{closure:Illuminate\\Pipeline\\Pipeline::carry():194}:195}()
#58 /var/www/indonesia-luxe/vendor/laravel/framework/src/Illuminate/Foundation/Http/Kernel.php(175): Illuminate\\Pipeline\\Pipeline->then()
#59 /var/www/indonesia-luxe/vendor/laravel/framework/src/Illuminate/Foundation/Http/Kernel.php(144): Illuminate\\Foundation\\Http\\Kernel->sendRequestThroughRouter()
#60 /var/www/indonesia-luxe/vendor/laravel/framework/src/Illuminate/Foundation/Application.php(1220): Illuminate\\Foundation\\Http\\Kernel->handle()
#61 /var/www/indonesia-luxe/public/index.php(20): Illuminate\\Foundation\\Application->handleRequest()
#62 {main}
"} 
[2026-06-11 05:31:20] local.ERROR: Unable to find component: [filament.pages.auth.login] {"exception":"[object] (Livewire\\Exceptions\\ComponentNotFoundException(code: 0): Unable to find component: [filament.pages.auth.login] at /var/www/indonesia-luxe/vendor/livewire/livewire/src/Factory/Factory.php:76)
[stacktrace]
#0 /var/www/indonesia-luxe/vendor/livewire/livewire/src/Factory/Factory.php(88): Livewire\\Factory\\Factory->resolveComponentNameAndClass()
#1 /var/www/indonesia-luxe/vendor/livewire/livewire/src/Features/SupportReleaseTokens/ReleaseToken.php(15): Livewire\\Factory\\Factory->resolveComponentClass()
#2 /var/www/indonesia-luxe/vendor/livewire/livewire/src/Features/SupportReleaseTokens/SupportReleaseTokens.php(20): Livewire\\Features\\SupportReleaseTokens\\ReleaseToken::verify()
#3 /var/www/indonesia-luxe/vendor/livewire/livewire/src/EventBus.php(87): Livewire\\Features\\SupportReleaseTokens\\SupportReleaseTokens::{closure:Livewire\\Features\\SupportReleaseTokens\\SupportReleaseTokens::provide():19}()
#4 /var/www/indonesia-luxe/vendor/livewire/livewire/src/helpers.php(98): Livewire\\EventBus->trigger()
#5 /var/www/indonesia-luxe/vendor/livewire/livewire/src/Mechanisms/HandleComponents/Checksum.php(22): Livewire\\trigger()
#6 /var/www/indonesia-luxe/vendor/livewire/livewire/src/Mechanisms/HandleComponents/HandleComponents.php(244): Livewire\\Mechanisms\\HandleComponents\\Checksum::verify()
#7 /var/www/indonesia-luxe/vendor/livewire/livewire/src/Mechanisms/HandleComponents/HandleComponents.php(210): Livewire\\Mechanisms\\HandleComponents\\HandleComponents->fromSnapshot()
#8 /var/www/indonesia-luxe/vendor/livewire/livewire/src/LivewireManager.php(131): Livewire\\Mechanisms\\HandleComponents\\HandleComponents->update()
#9 /var/www/indonesia-luxe/vendor/livewire/livewire/src/Mechanisms/HandleRequests/HandleRequests.php(156): Livewire\\LivewireManager->update()
#10 /var/www/indonesia-luxe/vendor/laravel/framework/src/Illuminate/Routing/ControllerDispatcher.php(46): Livewire\\Mechanisms\\HandleRequests\\HandleRequests->handleUpdate()
#11 /var/www/indonesia-luxe/vendor/laravel/framework/src/Illuminate/Routing/Route.php(265): Illuminate\\Routing\\ControllerDispatcher->dispatch()
#12 /var/www/indonesia-luxe/vendor/laravel/framework/src/Illuminate/Routing/Route.php(211): Illuminate\\Routing\\Route->runController()
#13 /var/www/indonesia-luxe/vendor/laravel/framework/src/Illuminate/Routing/Router.php(822): Illuminate\\Routing\\Route->run()
#14 /var/www/indonesia-luxe/vendor/laravel/framework/src/Illuminate/Pipeline/Pipeline.php(180): Illuminate\\Routing\\Router->{closure:Illuminate\\Routing\\Router::runRouteWithinStack():821}()
#15 /var/www/indonesia-luxe/vendor/laravel/boost/src/Middleware/InjectBoost.php(22): Illuminate\\Pipeline\\Pipeline->{closure:Illuminate\\Pipeline\\Pipeline::prepareDestination():178}()
#16 /var/www/indonesia-luxe/vendor/laravel/framework/src/Illuminate/Pipeline/Pipeline.php(219): Laravel\\Boost\\Middleware\\InjectBoost->handle()
#17 /var/www/indonesia-luxe/app/Http/Middleware/SetLocale.php(28): Illuminate\\Pipeline\\Pipeline->{closure:{closure:Illuminate\\Pipeline\\Pipeline::carry():194}:195}()
#18 /var/www/indonesia-luxe/vendor/laravel/framework/src/Illuminate/Pipeline/Pipeline.php(219): App\\Http\\Middleware\\SetLocale->handle()
#19 /var/www/indonesia-luxe/vendor/laravel/framework/src/Illuminate/Routing/Middleware/SubstituteBindings.php(50): Illuminate\\Pipeline\\Pipeline->{closure:{closure:Illuminate\\Pipeline\\Pipeline::carry():194}:195}()
#20 /var/www/indonesia-luxe/vendor/laravel/framework/src/Illuminate/Pipeline/Pipeline.php(219): Illuminate\\Routing\\Middleware\\SubstituteBindings->handle()
#21 /var/www/indonesia-luxe/vendor/laravel/framework/src/Illuminate/Foundation/Http/Middleware/VerifyCsrfToken.php(87): Illuminate\\Pipeline\\Pipeline->{closure:{closure:Illuminate\\Pipeline\\Pipeline::carry():194}:195}()
#22 /var/www/indonesia-luxe/vendor/laravel/framework/src/Illuminate/Pipeline/Pipeline.php(219): Illuminate\\Foundation\\Http\\Middleware\\VerifyCsrfToken->handle()
#23 /var/www/indonesia-luxe/vendor/laravel/framework/src/Illuminate/View/Middleware/ShareErrorsFromSession.php(48): Illuminate\\Pipeline\\Pipeline->{closure:{closure:Illuminate\\Pipeline\\Pipeline::carry():194}:195}()
#24 /var/www/indonesia-luxe/vendor/laravel/framework/src/Illuminate/Pipeline/Pipeline.php(219): Illuminate\\View\\Middleware\\ShareErrorsFromSession->handle()
#25 /var/www/indonesia-luxe/vendor/laravel/framework/src/Illuminate/Session/Middleware/StartSession.php(120): Illuminate\\Pipeline\\Pipeline->{closure:{closure:Illuminate\\Pipeline\\Pipeline::carry():194}:195}()
#26 /var/www/indonesia-luxe/vendor/laravel/framework/src/Illuminate/Session/Middleware/StartSession.php(63): Illuminate\\Session\\Middleware\\StartSession->handleStatefulRequest()
#27 /var/www/indonesia-luxe/vendor/laravel/framework/src/Illuminate/Pipeline/Pipeline.php(219): Illuminate\\Session\\Middleware\\StartSession->handle()
#28 /var/www/indonesia-luxe/vendor/laravel/framework/src/Illuminate/Cookie/Middleware/AddQueuedCookiesToResponse.php(36): Illuminate\\Pipeline\\Pipeline->{closure:{closure:Illuminate\\Pipeline\\Pipeline::carry():194}:195}()
#29 /var/www/indonesia-luxe/vendor/laravel/framework/src/Illuminate/Pipeline/Pipeline.php(219): Illuminate\\Cookie\\Middleware\\AddQueuedCookiesToResponse->handle()
#30 /var/www/indonesia-luxe/vendor/laravel/framework/src/Illuminate/Cookie/Middleware/EncryptCookies.php(74): Illuminate\\Pipeline\\Pipeline->{closure:{closure:Illuminate\\Pipeline\\Pipeline::carry():194}:195}()
#31 /var/www/indonesia-luxe/vendor/laravel/framework/src/Illuminate/Pipeline/Pipeline.php(219): Illuminate\\Cookie\\Middleware\\EncryptCookies->handle()
#32 /var/www/indonesia-luxe/vendor/laravel/framework/src/Illuminate/Pipeline/Pipeline.php(137): Illuminate\\Pipeline\\Pipeline->{closure:{closure:Illuminate\\Pipeline\\Pipeline::carry():194}:195}()
#33 /var/www/indonesia-luxe/vendor/laravel/framework/src/Illuminate/Routing/Router.php(821): Illuminate\\Pipeline\\Pipeline->then()
#34 /var/www/indonesia-luxe/vendor/laravel/framework/src/Illuminate/Routing/Router.php(800): Illuminate\\Routing\\Router->runRouteWithinStack()
#35 /var/www/indonesia-luxe/vendor/laravel/framework/src/Illuminate/Routing/Router.php(764): Illuminate\\Routing\\Router->runRoute()
#36 /var/www/indonesia-luxe/vendor/laravel/framework/src/Illuminate/Routing/Router.php(753): Illuminate\\Routing\\Router->dispatchToRoute()
#37 /var/www/indonesia-luxe/vendor/laravel/framework/src/Illuminate/Foundation/Http/Kernel.php(200): Illuminate\\Routing\\Router->dispatch()
#38 /var/www/indonesia-luxe/vendor/laravel/framework/src/Illuminate/Pipeline/Pipeline.php(180): Illuminate\\Foundation\\Http\\Kernel->{closure:Illuminate\\Foundation\\Http\\Kernel::dispatchToRouter():197}()
#39 /var/www/indonesia-luxe/vendor/livewire/livewire/src/Features/SupportDisablingBackButtonCache/DisableBackButtonCacheMiddleware.php(19): Illuminate\\Pipeline\\Pipeline->{closure:Illuminate\\Pipeline\\Pipeline::prepareDestination():178}()
#40 /var/www/indonesia-luxe/vendor/laravel/framework/src/Illuminate/Pipeline/Pipeline.php(219): Livewire\\Features\\SupportDisablingBackButtonCache\\DisableBackButtonCacheMiddleware->handle()
#41 /var/www/indonesia-luxe/vendor/laravel/framework/src/Illuminate/Foundation/Http/Middleware/ConvertEmptyStringsToNull.php(27): Illuminate\\Pipeline\\Pipeline->{closure:{closure:Illuminate\\Pipeline\\Pipeline::carry():194}:195}()
#42 /var/www/indonesia-luxe/vendor/laravel/framework/src/Illuminate/Pipeline/Pipeline.php(219): Illuminate\\Foundation\\Http\\Middleware\\ConvertEmptyStringsToNull->handle()
#43 /var/www/indonesia-luxe/vendor/laravel/framework/src/Illuminate/Foundation/Http/Middleware/TrimStrings.php(47): Illuminate\\Pipeline\\Pipeline->{closure:{closure:Illuminate\\Pipeline\\Pipeline::carry():194}:195}()
#44 /var/www/indonesia-luxe/vendor/laravel/framework/src/Illuminate/Pipeline/Pipeline.php(219): Illuminate\\Foundation\\Http\\Middleware\\TrimStrings->handle()
#45 /var/www/indonesia-luxe/vendor/laravel/framework/src/Illuminate/Http/Middleware/ValidatePostSize.php(27): Illuminate\\Pipeline\\Pipeline->{closure:{closure:Illuminate\\Pipeline\\Pipeline::carry():194}:195}()
#46 /var/www/indonesia-luxe/vendor/laravel/framework/src/Illuminate/Pipeline/Pipeline.php(219): Illuminate\\Http\\Middleware\\ValidatePostSize->handle()
#47 /var/www/indonesia-luxe/vendor/laravel/framework/src/Illuminate/Foundation/Http/Middleware/PreventRequestsDuringMaintenance.php(109): Illuminate\\Pipeline\\Pipeline->{closure:{closure:Illuminate\\Pipeline\\Pipeline::carry():194}:195}()
#48 /var/www/indonesia-luxe/vendor/laravel/framework/src/Illuminate/Pipeline/Pipeline.php(219): Illuminate\\Foundation\\Http\\Middleware\\PreventRequestsDuringMaintenance->handle()
#49 /var/www/indonesia-luxe/vendor/laravel/framework/src/Illuminate/Http/Middleware/HandleCors.php(61): Illuminate\\Pipeline\\Pipeline->{closure:{closure:Illuminate\\Pipeline\\Pipeline::carry():194}:195}()
#50 /var/www/indonesia-luxe/vendor/laravel/framework/src/Illuminate/Pipeline/Pipeline.php(219): Illuminate\\Http\\Middleware\\HandleCors->handle()
#51 /var/www/indonesia-luxe/vendor/laravel/framework/src/Illuminate/Http/Middleware/TrustProxies.php(58): Illuminate\\Pipeline\\Pipeline->{closure:{closure:Illuminate\\Pipeline\\Pipeline::carry():194}:195}()
#52 /var/www/indonesia-luxe/vendor/laravel/framework/src/Illuminate/Pipeline/Pipeline.php(219): Illuminate\\Http\\Middleware\\TrustProxies->handle()
#53 /var/www/indonesia-luxe/vendor/laravel/framework/src/Illuminate/Foundation/Http/Middleware/InvokeDeferredCallbacks.php(22): Illuminate\\Pipeline\\Pipeline->{closure:{closure:Illuminate\\Pipeline\\Pipeline::carry():194}:195}()
#54 /var/www/indonesia-luxe/vendor/laravel/framework/src/Illuminate/Pipeline/Pipeline.php(219): Illuminate\\Foundation\\Http\\Middleware\\InvokeDeferredCallbacks->handle()
#55 /var/www/indonesia-luxe/vendor/laravel/framework/src/Illuminate/Http/Middleware/ValidatePathEncoding.php(26): Illuminate\\Pipeline\\Pipeline->{closure:{closure:Illuminate\\Pipeline\\Pipeline::carry():194}:195}()
#56 /var/www/indonesia-luxe/vendor/laravel/framework/src/Illuminate/Pipeline/Pipeline.php(219): Illuminate\\Http\\Middleware\\ValidatePathEncoding->handle()
#57 /var/www/indonesia-luxe/vendor/laravel/framework/src/Illuminate/Pipeline/Pipeline.php(137): Illuminate\\Pipeline\\Pipeline->{closure:{closure:Illuminate\\Pipeline\\Pipeline::carry():194}:195}()
#58 /var/www/indonesia-luxe/vendor/laravel/framework/src/Illuminate/Foundation/Http/Kernel.php(175): Illuminate\\Pipeline\\Pipeline->then()
#59 /var/www/indonesia-luxe/vendor/laravel/framework/src/Illuminate/Foundation/Http/Kernel.php(144): Illuminate\\Foundation\\Http\\Kernel->sendRequestThroughRouter()
#60 /var/www/indonesia-luxe/vendor/laravel/framework/src/Illuminate/Foundation/Application.php(1220): Illuminate\\Foundation\\Http\\Kernel->handle()
#61 /var/www/indonesia-luxe/public/index.php(20): Illuminate\\Foundation\\Application->handleRequest()
#62 {main}
"} 
[2026-06-11 05:31:20] local.ERROR: Unable to find component: [filament.pages.auth.register] {"exception":"[object] (Livewire\\Exceptions\\ComponentNotFoundException(code: 0): Unable to find component: [filament.pages.auth.register] at /var/www/indonesia-luxe/vendor/livewire/livewire/src/Factory/Factory.php:76)
[stacktrace]
#0 /var/www/indonesia-luxe/vendor/livewire/livewire/src/Factory/Factory.php(88): Livewire\\Factory\\Factory->resolveComponentNameAndClass()
#1 /var/www/indonesia-luxe/vendor/livewire/livewire/src/Features/SupportReleaseTokens/ReleaseToken.php(15): Livewire\\Factory\\Factory->resolveComponentClass()
#2 /var/www/indonesia-luxe/vendor/livewire/livewire/src/Features/SupportReleaseTokens/SupportReleaseTokens.php(20): Livewire\\Features\\SupportReleaseTokens\\ReleaseToken::verify()
#3 /var/www/indonesia-luxe/vendor/livewire/livewire/src/EventBus.php(87): Livewire\\Features\\SupportReleaseTokens\\SupportReleaseTokens::{closure:Livewire\\Features\\SupportReleaseTokens\\SupportReleaseTokens::provide():19}()
#4 /var/www/indonesia-luxe/vendor/livewire/livewire/src/helpers.php(98): Livewire\\EventBus->trigger()
#5 /var/www/indonesia-luxe/vendor/livewire/livewire/src/Mechanisms/HandleComponents/Checksum.php(22): Livewire\\trigger()
#6 /var/www/indonesia-luxe/vendor/livewire/livewire/src/Mechanisms/HandleComponents/HandleComponents.php(244): Livewire\\Mechanisms\\HandleComponents\\Checksum::verify()
#7 /var/www/indonesia-luxe/vendor/livewire/livewire/src/Mechanisms/HandleComponents/HandleComponents.php(210): Livewire\\Mechanisms\\HandleComponents\\HandleComponents->fromSnapshot()
#8 /var/www/indonesia-luxe/vendor/livewire/livewire/src/LivewireManager.php(131): Livewire\\Mechanisms\\HandleComponents\\HandleComponents->update()
#9 /var/www/indonesia-luxe/vendor/livewire/livewire/src/Mechanisms/HandleRequests/HandleRequests.php(156): Livewire\\LivewireManager->update()
#10 /var/www/indonesia-luxe/vendor/laravel/framework/src/Illuminate/Routing/ControllerDispatcher.php(46): Livewire\\Mechanisms\\HandleRequests\\HandleRequests->handleUpdate()
#11 /var/www/indonesia-luxe/vendor/laravel/framework/src/Illuminate/Routing/Route.php(265): Illuminate\\Routing\\ControllerDispatcher->dispatch()
#12 /var/www/indonesia-luxe/vendor/laravel/framework/src/Illuminate/Routing/Route.php(211): Illuminate\\Routing\\Route->runController()
#13 /var/www/indonesia-luxe/vendor/laravel/framework/src/Illuminate/Routing/Router.php(822): Illuminate\\Routing\\Route->run()
#14 /var/www/indonesia-luxe/vendor/laravel/framework/src/Illuminate/Pipeline/Pipeline.php(180): Illuminate\\Routing\\Router->{closure:Illuminate\\Routing\\Router::runRouteWithinStack():821}()
#15 /var/www/indonesia-luxe/vendor/laravel/boost/src/Middleware/InjectBoost.php(22): Illuminate\\Pipeline\\Pipeline->{closure:Illuminate\\Pipeline\\Pipeline::prepareDestination():178}()
#16 /var/www/indonesia-luxe/vendor/laravel/framework/src/Illuminate/Pipeline/Pipeline.php(219): Laravel\\Boost\\Middleware\\InjectBoost->handle()
#17 /var/www/indonesia-luxe/app/Http/Middleware/SetLocale.php(28): Illuminate\\Pipeline\\Pipeline->{closure:{closure:Illuminate\\Pipeline\\Pipeline::carry():194}:195}()
#18 /var/www/indonesia-luxe/vendor/laravel/framework/src/Illuminate/Pipeline/Pipeline.php(219): App\\Http\\Middleware\\SetLocale->handle()
#19 /var/www/indonesia-luxe/vendor/laravel/framework/src/Illuminate/Routing/Middleware/SubstituteBindings.php(50): Illuminate\\Pipeline\\Pipeline->{closure:{closure:Illuminate\\Pipeline\\Pipeline::carry():194}:195}()
#20 /var/www/indonesia-luxe/vendor/laravel/framework/src/Illuminate/Pipeline/Pipeline.php(219): Illuminate\\Routing\\Middleware\\SubstituteBindings->handle()
#21 /var/www/indonesia-luxe/vendor/laravel/framework/src/Illuminate/Foundation/Http/Middleware/VerifyCsrfToken.php(87): Illuminate\\Pipeline\\Pipeline->{closure:{closure:Illuminate\\Pipeline\\Pipeline::carry():194}:195}()
#22 /var/www/indonesia-luxe/vendor/laravel/framework/src/Illuminate/Pipeline/Pipeline.php(219): Illuminate\\Foundation\\Http\\Middleware\\VerifyCsrfToken->handle()
#23 /var/www/indonesia-luxe/vendor/laravel/framework/src/Illuminate/View/Middleware/ShareErrorsFromSession.php(48): Illuminate\\Pipeline\\Pipeline->{closure:{closure:Illuminate\\Pipeline\\Pipeline::carry():194}:195}()
#24 /var/www/indonesia-luxe/vendor/laravel/framework/src/Illuminate/Pipeline/Pipeline.php(219): Illuminate\\View\\Middleware\\ShareErrorsFromSession->handle()
#25 /var/www/indonesia-luxe/vendor/laravel/framework/src/Illuminate/Session/Middleware/StartSession.php(120): Illuminate\\Pipeline\\Pipeline->{closure:{closure:Illuminate\\Pipeline\\Pipeline::carry():194}:195}()
#26 /var/www/indonesia-luxe/vendor/laravel/framework/src/Illuminate/Session/Middleware/StartSession.php(63): Illuminate\\Session\\Middleware\\StartSession->handleStatefulRequest()
#27 /var/www/indonesia-luxe/vendor/laravel/framework/src/Illuminate/Pipeline/Pipeline.php(219): Illuminate\\Session\\Middleware\\StartSession->handle()
#28 /var/www/indonesia-luxe/vendor/laravel/framework/src/Illuminate/Cookie/Middleware/AddQueuedCookiesToResponse.php(36): Illuminate\\Pipeline\\Pipeline->{closure:{closure:Illuminate\\Pipeline\\Pipeline::carry():194}:195}()
#29 /var/www/indonesia-luxe/vendor/laravel/framework/src/Illuminate/Pipeline/Pipeline.php(219): Illuminate\\Cookie\\Middleware\\AddQueuedCookiesToResponse->handle()
#30 /var/www/indonesia-luxe/vendor/laravel/framework/src/Illuminate/Cookie/Middleware/EncryptCookies.php(74): Illuminate\\Pipeline\\Pipeline->{closure:{closure:Illuminate\\Pipeline\\Pipeline::carry():194}:195}()
#31 /var/www/indonesia-luxe/vendor/laravel/framework/src/Illuminate/Pipeline/Pipeline.php(219): Illuminate\\Cookie\\Middleware\\EncryptCookies->handle()
#32 /var/www/indonesia-luxe/vendor/laravel/framework/src/Illuminate/Pipeline/Pipeline.php(137): Illuminate\\Pipeline\\Pipeline->{closure:{closure:Illuminate\\Pipeline\\Pipeline::carry():194}:195}()
#33 /var/www/indonesia-luxe/vendor/laravel/framework/src/Illuminate/Routing/Router.php(821): Illuminate\\Pipeline\\Pipeline->then()
#34 /var/www/indonesia-luxe/vendor/laravel/framework/src/Illuminate/Routing/Router.php(800): Illuminate\\Routing\\Router->runRouteWithinStack()
#35 /var/www/indonesia-luxe/vendor/laravel/framework/src/Illuminate/Routing/Router.php(764): Illuminate\\Routing\\Router->runRoute()
#36 /var/www/indonesia-luxe/vendor/laravel/framework/src/Illuminate/Routing/Router.php(753): Illuminate\\Routing\\Router->dispatchToRoute()
#37 /var/www/indonesia-luxe/vendor/laravel/framework/src/Illuminate/Foundation/Http/Kernel.php(200): Illuminate\\Routing\\Router->dispatch()
#38 /var/www/indonesia-luxe/vendor/laravel/framework/src/Illuminate/Pipeline/Pipeline.php(180): Illuminate\\Foundation\\Http\\Kernel->{closure:Illuminate\\Foundation\\Http\\Kernel::dispatchToRouter():197}()
#39 /var/www/indonesia-luxe/vendor/livewire/livewire/src/Features/SupportDisablingBackButtonCache/DisableBackButtonCacheMiddleware.php(19): Illuminate\\Pipeline\\Pipeline->{closure:Illuminate\\Pipeline\\Pipeline::prepareDestination():178}()
#40 /var/www/indonesia-luxe/vendor/laravel/framework/src/Illuminate/Pipeline/Pipeline.php(219): Livewire\\Features\\SupportDisablingBackButtonCache\\DisableBackButtonCacheMiddleware->handle()
#41 /var/www/indonesia-luxe/vendor/laravel/framework/src/Illuminate/Foundation/Http/Middleware/ConvertEmptyStringsToNull.php(27): Illuminate\\Pipeline\\Pipeline->{closure:{closure:Illuminate\\Pipeline\\Pipeline::carry():194}:195}()
#42 /var/www/indonesia-luxe/vendor/laravel/framework/src/Illuminate/Pipeline/Pipeline.php(219): Illuminate\\Foundation\\Http\\Middleware\\ConvertEmptyStringsToNull->handle()
#43 /var/www/indonesia-luxe/vendor/laravel/framework/src/Illuminate/Foundation/Http/Middleware/TrimStrings.php(47): Illuminate\\Pipeline\\Pipeline->{closure:{closure:Illuminate\\Pipeline\\Pipeline::carry():194}:195}()
#44 /var/www/indonesia-luxe/vendor/laravel/framework/src/Illuminate/Pipeline/Pipeline.php(219): Illuminate\\Foundation\\Http\\Middleware\\TrimStrings->handle()
#45 /var/www/indonesia-luxe/vendor/laravel/framework/src/Illuminate/Http/Middleware/ValidatePostSize.php(27): Illuminate\\Pipeline\\Pipeline->{closure:{closure:Illuminate\\Pipeline\\Pipeline::carry():194}:195}()
#46 /var/www/indonesia-luxe/vendor/laravel/framework/src/Illuminate/Pipeline/Pipeline.php(219): Illuminate\\Http\\Middleware\\ValidatePostSize->handle()
#47 /var/www/indonesia-luxe/vendor/laravel/framework/src/Illuminate/Foundation/Http/Middleware/PreventRequestsDuringMaintenance.php(109): Illuminate\\Pipeline\\Pipeline->{closure:{closure:Illuminate\\Pipeline\\Pipeline::carry():194}:195}()
#48 /var/www/indonesia-luxe/vendor/laravel/framework/src/Illuminate/Pipeline/Pipeline.php(219): Illuminate\\Foundation\\Http\\Middleware\\PreventRequestsDuringMaintenance->handle()
#49 /var/www/indonesia-luxe/vendor/laravel/framework/src/Illuminate/Http/Middleware/HandleCors.php(61): Illuminate\\Pipeline\\Pipeline->{closure:{closure:Illuminate\\Pipeline\\Pipeline::carry():194}:195}()
#50 /var/www/indonesia-luxe/vendor/laravel/framework/src/Illuminate/Pipeline/Pipeline.php(219): Illuminate\\Http\\Middleware\\HandleCors->handle()
#51 /var/www/indonesia-luxe/vendor/laravel/framework/src/Illuminate/Http/Middleware/TrustProxies.php(58): Illuminate\\Pipeline\\Pipeline->{closure:{closure:Illuminate\\Pipeline\\Pipeline::carry():194}:195}()
#52 /var/www/indonesia-luxe/vendor/laravel/framework/src/Illuminate/Pipeline/Pipeline.php(219): Illuminate\\Http\\Middleware\\TrustProxies->handle()
#53 /var/www/indonesia-luxe/vendor/laravel/framework/src/Illuminate/Foundation/Http/Middleware/InvokeDeferredCallbacks.php(22): Illuminate\\Pipeline\\Pipeline->{closure:{closure:Illuminate\\Pipeline\\Pipeline::carry():194}:195}()
#54 /var/www/indonesia-luxe/vendor/laravel/framework/src/Illuminate/Pipeline/Pipeline.php(219): Illuminate\\Foundation\\Http\\Middleware\\InvokeDeferredCallbacks->handle()
#55 /var/www/indonesia-luxe/vendor/laravel/framework/src/Illuminate/Http/Middleware/ValidatePathEncoding.php(26): Illuminate\\Pipeline\\Pipeline->{closure:{closure:Illuminate\\Pipeline\\Pipeline::carry():194}:195}()
#56 /var/www/indonesia-luxe/vendor/laravel/framework/src/Illuminate/Pipeline/Pipeline.php(219): Illuminate\\Http\\Middleware\\ValidatePathEncoding->handle()
#57 /var/www/indonesia-luxe/vendor/laravel/framework/src/Illuminate/Pipeline/Pipeline.php(137): Illuminate\\Pipeline\\Pipeline->{closure:{closure:Illuminate\\Pipeline\\Pipeline::carry():194}:195}()
#58 /var/www/indonesia-luxe/vendor/laravel/framework/src/Illuminate/Foundation/Http/Kernel.php(175): Illuminate\\Pipeline\\Pipeline->then()
#59 /var/www/indonesia-luxe/vendor/laravel/framework/src/Illuminate/Foundation/Http/Kernel.php(144): Illuminate\\Foundation\\Http\\Kernel->sendRequestThroughRouter()
#60 /var/www/indonesia-luxe/vendor/laravel/framework/src/Illuminate/Foundation/Application.php(1220): Illuminate\\Foundation\\Http\\Kernel->handle()
#61 /var/www/indonesia-luxe/public/index.php(20): Illuminate\\Foundation\\Application->handleRequest()
#62 {main}
"} 
[2026-06-11 05:31:21] local.ERROR: Unable to find component: [filament.pages.auth.register] {"exception":"[object] (Livewire\\Exceptions\\ComponentNotFoundException(code: 0): Unable to find component: [filament.pages.auth.register] at /var/www/indonesia-luxe/vendor/livewire/livewire/src/Factory/Factory.php:76)
[stacktrace]
#0 /var/www/indonesia-luxe/vendor/livewire/livewire/src/Factory/Factory.php(88): Livewire\\Factory\\Factory->resolveComponentNameAndClass()
#1 /var/www/indonesia-luxe/vendor/livewire/livewire/src/Features/SupportReleaseTokens/ReleaseToken.php(15): Livewire\\Factory\\Factory->resolveComponentClass()
#2 /var/www/indonesia-luxe/vendor/livewire/livewire/src/Features/SupportReleaseTokens/SupportReleaseTokens.php(20): Livewire\\Features\\SupportReleaseTokens\\ReleaseToken::verify()
#3 /var/www/indonesia-luxe/vendor/livewire/livewire/src/EventBus.php(87): Livewire\\Features\\SupportReleaseTokens\\SupportReleaseTokens::{closure:Livewire\\Features\\SupportReleaseTokens\\SupportReleaseTokens::provide():19}()
#4 /var/www/indonesia-luxe/vendor/livewire/livewire/src/helpers.php(98): Livewire\\EventBus->trigger()
#5 /var/www/indonesia-luxe/vendor/livewire/livewire/src/Mechanisms/HandleComponents/Checksum.php(22): Livewire\\trigger()
#6 /var/www/indonesia-luxe/vendor/livewire/livewire/src/Mechanisms/HandleComponents/HandleComponents.php(244): Livewire\\Mechanisms\\HandleComponents\\Checksum::verify()
#7 /var/www/indonesia-luxe/vendor/livewire/livewire/src/Mechanisms/HandleComponents/HandleComponents.php(210): Livewire\\Mechanisms\\HandleComponents\\HandleComponents->fromSnapshot()
#8 /var/www/indonesia-luxe/vendor/livewire/livewire/src/LivewireManager.php(131): Livewire\\Mechanisms\\HandleComponents\\HandleComponents->update()
#9 /var/www/indonesia-luxe/vendor/livewire/livewire/src/Mechanisms/HandleRequests/HandleRequests.php(156): Livewire\\LivewireManager->update()
#10 /var/www/indonesia-luxe/vendor/laravel/framework/src/Illuminate/Routing/ControllerDispatcher.php(46): Livewire\\Mechanisms\\HandleRequests\\HandleRequests->handleUpdate()
#11 /var/www/indonesia-luxe/vendor/laravel/framework/src/Illuminate/Routing/Route.php(265): Illuminate\\Routing\\ControllerDispatcher->dispatch()
#12 /var/www/indonesia-luxe/vendor/laravel/framework/src/Illuminate/Routing/Route.php(211): Illuminate\\Routing\\Route->runController()
#13 /var/www/indonesia-luxe/vendor/laravel/framework/src/Illuminate/Routing/Router.php(822): Illuminate\\Routing\\Route->run()
#14 /var/www/indonesia-luxe/vendor/laravel/framework/src/Illuminate/Pipeline/Pipeline.php(180): Illuminate\\Routing\\Router->{closure:Illuminate\\Routing\\Router::runRouteWithinStack():821}()
#15 /var/www/indonesia-luxe/vendor/laravel/boost/src/Middleware/InjectBoost.php(22): Illuminate\\Pipeline\\Pipeline->{closure:Illuminate\\Pipeline\\Pipeline::prepareDestination():178}()
#16 /var/www/indonesia-luxe/vendor/laravel/framework/src/Illuminate/Pipeline/Pipeline.php(219): Laravel\\Boost\\Middleware\\InjectBoost->handle()
#17 /var/www/indonesia-luxe/app/Http/Middleware/SetLocale.php(28): Illuminate\\Pipeline\\Pipeline->{closure:{closure:Illuminate\\Pipeline\\Pipeline::carry():194}:195}()
#18 /var/www/indonesia-luxe/vendor/laravel/framework/src/Illuminate/Pipeline/Pipeline.php(219): App\\Http\\Middleware\\SetLocale->handle()
#19 /var/www/indonesia-luxe/vendor/laravel/framework/src/Illuminate/Routing/Middleware/SubstituteBindings.php(50): Illuminate\\Pipeline\\Pipeline->{closure:{closure:Illuminate\\Pipeline\\Pipeline::carry():194}:195}()
#20 /var/www/indonesia-luxe/vendor/laravel/framework/src/Illuminate/Pipeline/Pipeline.php(219): Illuminate\\Routing\\Middleware\\SubstituteBindings->handle()
#21 /var/www/indonesia-luxe/vendor/laravel/framework/src/Illuminate/Foundation/Http/Middleware/VerifyCsrfToken.php(87): Illuminate\\Pipeline\\Pipeline->{closure:{closure:Illuminate\\Pipeline\\Pipeline::carry():194}:195}()
#22 /var/www/indonesia-luxe/vendor/laravel/framework/src/Illuminate/Pipeline/Pipeline.php(219): Illuminate\\Foundation\\Http\\Middleware\\VerifyCsrfToken->handle()
#23 /var/www/indonesia-luxe/vendor/laravel/framework/src/Illuminate/View/Middleware/ShareErrorsFromSession.php(48): Illuminate\\Pipeline\\Pipeline->{closure:{closure:Illuminate\\Pipeline\\Pipeline::carry():194}:195}()
#24 /var/www/indonesia-luxe/vendor/laravel/framework/src/Illuminate/Pipeline/Pipeline.php(219): Illuminate\\View\\Middleware\\ShareErrorsFromSession->handle()
#25 /var/www/indonesia-luxe/vendor/laravel/framework/src/Illuminate/Session/Middleware/StartSession.php(120): Illuminate\\Pipeline\\Pipeline->{closure:{closure:Illuminate\\Pipeline\\Pipeline::carry():194}:195}()
#26 /var/www/indonesia-luxe/vendor/laravel/framework/src/Illuminate/Session/Middleware/StartSession.php(63): Illuminate\\Session\\Middleware\\StartSession->handleStatefulRequest()
#27 /var/www/indonesia-luxe/vendor/laravel/framework/src/Illuminate/Pipeline/Pipeline.php(219): Illuminate\\Session\\Middleware\\StartSession->handle()
#28 /var/www/indonesia-luxe/vendor/laravel/framework/src/Illuminate/Cookie/Middleware/AddQueuedCookiesToResponse.php(36): Illuminate\\Pipeline\\Pipeline->{closure:{closure:Illuminate\\Pipeline\\Pipeline::carry():194}:195}()
#29 /var/www/indonesia-luxe/vendor/laravel/framework/src/Illuminate/Pipeline/Pipeline.php(219): Illuminate\\Cookie\\Middleware\\AddQueuedCookiesToResponse->handle()
#30 /var/www/indonesia-luxe/vendor/laravel/framework/src/Illuminate/Cookie/Middleware/EncryptCookies.php(74): Illuminate\\Pipeline\\Pipeline->{closure:{closure:Illuminate\\Pipeline\\Pipeline::carry():194}:195}()
#31 /var/www/indonesia-luxe/vendor/laravel/framework/src/Illuminate/Pipeline/Pipeline.php(219): Illuminate\\Cookie\\Middleware\\EncryptCookies->handle()
#32 /var/www/indonesia-luxe/vendor/laravel/framework/src/Illuminate/Pipeline/Pipeline.php(137): Illuminate\\Pipeline\\Pipeline->{closure:{closure:Illuminate\\Pipeline\\Pipeline::carry():194}:195}()
#33 /var/www/indonesia-luxe/vendor/laravel/framework/src/Illuminate/Routing/Router.php(821): Illuminate\\Pipeline\\Pipeline->then()
#34 /var/www/indonesia-luxe/vendor/laravel/framework/src/Illuminate/Routing/Router.php(800): Illuminate\\Routing\\Router->runRouteWithinStack()
#35 /var/www/indonesia-luxe/vendor/laravel/framework/src/Illuminate/Routing/Router.php(764): Illuminate\\Routing\\Router->runRoute()
#36 /var/www/indonesia-luxe/vendor/laravel/framework/src/Illuminate/Routing/Router.php(753): Illuminate\\Routing\\Router->dispatchToRoute()
#37 /var/www/indonesia-luxe/vendor/laravel/framework/src/Illuminate/Foundation/Http/Kernel.php(200): Illuminate\\Routing\\Router->dispatch()
#38 /var/www/indonesia-luxe/vendor/laravel/framework/src/Illuminate/Pipeline/Pipeline.php(180): Illuminate\\Foundation\\Http\\Kernel->{closure:Illuminate\\Foundation\\Http\\Kernel::dispatchToRouter():197}()
#39 /var/www/indonesia-luxe/vendor/livewire/livewire/src/Features/SupportDisablingBackButtonCache/DisableBackButtonCacheMiddleware.php(19): Illuminate\\Pipeline\\Pipeline->{closure:Illuminate\\Pipeline\\Pipeline::prepareDestination():178}()
#40 /var/www/indonesia-luxe/vendor/laravel/framework/src/Illuminate/Pipeline/Pipeline.php(219): Livewire\\Features\\SupportDisablingBackButtonCache\\DisableBackButtonCacheMiddleware->handle()
#41 /var/www/indonesia-luxe/vendor/laravel/framework/src/Illuminate/Foundation/Http/Middleware/ConvertEmptyStringsToNull.php(27): Illuminate\\Pipeline\\Pipeline->{closure:{closure:Illuminate\\Pipeline\\Pipeline::carry():194}:195}()
#42 /var/www/indonesia-luxe/vendor/laravel/framework/src/Illuminate/Pipeline/Pipeline.php(219): Illuminate\\Foundation\\Http\\Middleware\\ConvertEmptyStringsToNull->handle()
#43 /var/www/indonesia-luxe/vendor/laravel/framework/src/Illuminate/Foundation/Http/Middleware/TrimStrings.php(47): Illuminate\\Pipeline\\Pipeline->{closure:{closure:Illuminate\\Pipeline\\Pipeline::carry():194}:195}()
#44 /var/www/indonesia-luxe/vendor/laravel/framework/src/Illuminate/Pipeline/Pipeline.php(219): Illuminate\\Foundation\\Http\\Middleware\\TrimStrings->handle()
#45 /var/www/indonesia-luxe/vendor/laravel/framework/src/Illuminate/Http/Middleware/ValidatePostSize.php(27): Illuminate\\Pipeline\\Pipeline->{closure:{closure:Illuminate\\Pipeline\\Pipeline::carry():194}:195}()
#46 /var/www/indonesia-luxe/vendor/laravel/framework/src/Illuminate/Pipeline/Pipeline.php(219): Illuminate\\Http\\Middleware\\ValidatePostSize->handle()
#47 /var/www/indonesia-luxe/vendor/laravel/framework/src/Illuminate/Foundation/Http/Middleware/PreventRequestsDuringMaintenance.php(109): Illuminate\\Pipeline\\Pipeline->{closure:{closure:Illuminate\\Pipeline\\Pipeline::carry():194}:195}()
#48 /var/www/indonesia-luxe/vendor/laravel/framework/src/Illuminate/Pipeline/Pipeline.php(219): Illuminate\\Foundation\\Http\\Middleware\\PreventRequestsDuringMaintenance->handle()
#49 /var/www/indonesia-luxe/vendor/laravel/framework/src/Illuminate/Http/Middleware/HandleCors.php(61): Illuminate\\Pipeline\\Pipeline->{closure:{closure:Illuminate\\Pipeline\\Pipeline::carry():194}:195}()
#50 /var/www/indonesia-luxe/vendor/laravel/framework/src/Illuminate/Pipeline/Pipeline.php(219): Illuminate\\Http\\Middleware\\HandleCors->handle()
#51 /var/www/indonesia-luxe/vendor/laravel/framework/src/Illuminate/Http/Middleware/TrustProxies.php(58): Illuminate\\Pipeline\\Pipeline->{closure:{closure:Illuminate\\Pipeline\\Pipeline::carry():194}:195}()
#52 /var/www/indonesia-luxe/vendor/laravel/framework/src/Illuminate/Pipeline/Pipeline.php(219): Illuminate\\Http\\Middleware\\TrustProxies->handle()
#53 /var/www/indonesia-luxe/vendor/laravel/framework/src/Illuminate/Foundation/Http/Middleware/InvokeDeferredCallbacks.php(22): Illuminate\\Pipeline\\Pipeline->{closure:{closure:Illuminate\\Pipeline\\Pipeline::carry():194}:195}()
#54 /var/www/indonesia-luxe/vendor/laravel/framework/src/Illuminate/Pipeline/Pipeline.php(219): Illuminate\\Foundation\\Http\\Middleware\\InvokeDeferredCallbacks->handle()
#55 /var/www/indonesia-luxe/vendor/laravel/framework/src/Illuminate/Http/Middleware/ValidatePathEncoding.php(26): Illuminate\\Pipeline\\Pipeline->{closure:{closure:Illuminate\\Pipeline\\Pipeline::carry():194}:195}()
#56 /var/www/indonesia-luxe/vendor/laravel/framework/src/Illuminate/Pipeline/Pipeline.php(219): Illuminate\\Http\\Middleware\\ValidatePathEncoding->handle()
#57 /var/www/indonesia-luxe/vendor/laravel/framework/src/Illuminate/Pipeline/Pipeline.php(137): Illuminate\\Pipeline\\Pipeline->{closure:{closure:Illuminate\\Pipeline\\Pipeline::carry():194}:195}()
#58 /var/www/indonesia-luxe/vendor/laravel/framework/src/Illuminate/Foundation/Http/Kernel.php(175): Illuminate\\Pipeline\\Pipeline->then()
#59 /var/www/indonesia-luxe/vendor/laravel/framework/src/Illuminate/Foundation/Http/Kernel.php(144): Illuminate\\Foundation\\Http\\Kernel->sendRequestThroughRouter()
#60 /var/www/indonesia-luxe/vendor/laravel/framework/src/Illuminate/Foundation/Application.php(1220): Illuminate\\Foundation\\Http\\Kernel->handle()
#61 /var/www/indonesia-luxe/public/index.php(20): Illuminate\\Foundation\\Application->handleRequest()
#62 {main}
"} 
[2026-06-11 05:31:21] local.ERROR: Unable to find component: [filament.pages.dashboard] {"exception":"[object] (Livewire\\Exceptions\\ComponentNotFoundException(code: 0): Unable to find component: [filament.pages.dashboard] at /var/www/indonesia-luxe/vendor/livewire/livewire/src/Factory/Factory.php:76)
[stacktrace]
#0 /var/www/indonesia-luxe/vendor/livewire/livewire/src/Factory/Factory.php(88): Livewire\\Factory\\Factory->resolveComponentNameAndClass()
#1 /var/www/indonesia-luxe/vendor/livewire/livewire/src/Features/SupportReleaseTokens/ReleaseToken.php(15): Livewire\\Factory\\Factory->resolveComponentClass()
#2 /var/www/indonesia-luxe/vendor/livewire/livewire/src/Features/SupportReleaseTokens/SupportReleaseTokens.php(20): Livewire\\Features\\SupportReleaseTokens\\ReleaseToken::verify()
#3 /var/www/indonesia-luxe/vendor/livewire/livewire/src/EventBus.php(87): Livewire\\Features\\SupportReleaseTokens\\SupportReleaseTokens::{closure:Livewire\\Features\\SupportReleaseTokens\\SupportReleaseTokens::provide():19}()
#4 /var/www/indonesia-luxe/vendor/livewire/livewire/src/helpers.php(98): Livewire\\EventBus->trigger()
#5 /var/www/indonesia-luxe/vendor/livewire/livewire/src/Mechanisms/HandleComponents/Checksum.php(22): Livewire\\trigger()
#6 /var/www/indonesia-luxe/vendor/livewire/livewire/src/Mechanisms/HandleComponents/HandleComponents.php(244): Livewire\\Mechanisms\\HandleComponents\\Checksum::verify()
#7 /var/www/indonesia-luxe/vendor/livewire/livewire/src/Mechanisms/HandleComponents/HandleComponents.php(210): Livewire\\Mechanisms\\HandleComponents\\HandleComponents->fromSnapshot()
#8 /var/www/indonesia-luxe/vendor/livewire/livewire/src/LivewireManager.php(131): Livewire\\Mechanisms\\HandleComponents\\HandleComponents->update()
#9 /var/www/indonesia-luxe/vendor/livewire/livewire/src/Mechanisms/HandleRequests/HandleRequests.php(156): Livewire\\LivewireManager->update()
#10 /var/www/indonesia-luxe/vendor/laravel/framework/src/Illuminate/Routing/ControllerDispatcher.php(46): Livewire\\Mechanisms\\HandleRequests\\HandleRequests->handleUpdate()
#11 /var/www/indonesia-luxe/vendor/laravel/framework/src/Illuminate/Routing/Route.php(265): Illuminate\\Routing\\ControllerDispatcher->dispatch()
#12 /var/www/indonesia-luxe/vendor/laravel/framework/src/Illuminate/Routing/Route.php(211): Illuminate\\Routing\\Route->runController()
#13 /var/www/indonesia-luxe/vendor/laravel/framework/src/Illuminate/Routing/Router.php(822): Illuminate\\Routing\\Route->run()
#14 /var/www/indonesia-luxe/vendor/laravel/framework/src/Illuminate/Pipeline/Pipeline.php(180): Illuminate\\Routing\\Router->{closure:Illuminate\\Routing\\Router::runRouteWithinStack():821}()
#15 /var/www/indonesia-luxe/vendor/laravel/boost/src/Middleware/InjectBoost.php(22): Illuminate\\Pipeline\\Pipeline->{closure:Illuminate\\Pipeline\\Pipeline::prepareDestination():178}()
#16 /var/www/indonesia-luxe/vendor/laravel/framework/src/Illuminate/Pipeline/Pipeline.php(219): Laravel\\Boost\\Middleware\\InjectBoost->handle()
#17 /var/www/indonesia-luxe/app/Http/Middleware/SetLocale.php(28): Illuminate\\Pipeline\\Pipeline->{closure:{closure:Illuminate\\Pipeline\\Pipeline::carry():194}:195}()
#18 /var/www/indonesia-luxe/vendor/laravel/framework/src/Illuminate/Pipeline/Pipeline.php(219): App\\Http\\Middleware\\SetLocale->handle()
#19 /var/www/indonesia-luxe/vendor/laravel/framework/src/Illuminate/Routing/Middleware/SubstituteBindings.php(50): Illuminate\\Pipeline\\Pipeline->{closure:{closure:Illuminate\\Pipeline\\Pipeline::carry():194}:195}()
#20 /var/www/indonesia-luxe/vendor/laravel/framework/src/Illuminate/Pipeline/Pipeline.php(219): Illuminate\\Routing\\Middleware\\SubstituteBindings->handle()
#21 /var/www/indonesia-luxe/vendor/laravel/framework/src/Illuminate/Foundation/Http/Middleware/VerifyCsrfToken.php(87): Illuminate\\Pipeline\\Pipeline->{closure:{closure:Illuminate\\Pipeline\\Pipeline::carry():194}:195}()
#22 /var/www/indonesia-luxe/vendor/laravel/framework/src/Illuminate/Pipeline/Pipeline.php(219): Illuminate\\Foundation\\Http\\Middleware\\VerifyCsrfToken->handle()
#23 /var/www/indonesia-luxe/vendor/laravel/framework/src/Illuminate/View/Middleware/ShareErrorsFromSession.php(48): Illuminate\\Pipeline\\Pipeline->{closure:{closure:Illuminate\\Pipeline\\Pipeline::carry():194}:195}()
#24 /var/www/indonesia-luxe/vendor/laravel/framework/src/Illuminate/Pipeline/Pipeline.php(219): Illuminate\\View\\Middleware\\ShareErrorsFromSession->handle()
#25 /var/www/indonesia-luxe/vendor/laravel/framework/src/Illuminate/Session/Middleware/StartSession.php(120): Illuminate\\Pipeline\\Pipeline->{closure:{closure:Illuminate\\Pipeline\\Pipeline::carry():194}:195}()
#26 /var/www/indonesia-luxe/vendor/laravel/framework/src/Illuminate/Session/Middleware/StartSession.php(63): Illuminate\\Session\\Middleware\\StartSession->handleStatefulRequest()
#27 /var/www/indonesia-luxe/vendor/laravel/framework/src/Illuminate/Pipeline/Pipeline.php(219): Illuminate\\Session\\Middleware\\StartSession->handle()
#28 /var/www/indonesia-luxe/vendor/laravel/framework/src/Illuminate/Cookie/Middleware/AddQueuedCookiesToResponse.php(36): Illuminate\\Pipeline\\Pipeline->{closure:{closure:Illuminate\\Pipeline\\Pipeline::carry():194}:195}()
#29 /var/www/indonesia-luxe/vendor/laravel/framework/src/Illuminate/Pipeline/Pipeline.php(219): Illuminate\\Cookie\\Middleware\\AddQueuedCookiesToResponse->handle()
#30 /var/www/indonesia-luxe/vendor/laravel/framework/src/Illuminate/Cookie/Middleware/EncryptCookies.php(74): Illuminate\\Pipeline\\Pipeline->{closure:{closure:Illuminate\\Pipeline\\Pipeline::carry():194}:195}()
#31 /var/www/indonesia-luxe/vendor/laravel/framework/src/Illuminate/Pipeline/Pipeline.php(219): Illuminate\\Cookie\\Middleware\\EncryptCookies->handle()
#32 /var/www/indonesia-luxe/vendor/laravel/framework/src/Illuminate/Pipeline/Pipeline.php(137): Illuminate\\Pipeline\\Pipeline->{closure:{closure:Illuminate\\Pipeline\\Pipeline::carry():194}:195}()
#33 /var/www/indonesia-luxe/vendor/laravel/framework/src/Illuminate/Routing/Router.php(821): Illuminate\\Pipeline\\Pipeline->then()
#34 /var/www/indonesia-luxe/vendor/laravel/framework/src/Illuminate/Routing/Router.php(800): Illuminate\\Routing\\Router->runRouteWithinStack()
#35 /var/www/indonesia-luxe/vendor/laravel/framework/src/Illuminate/Routing/Router.php(764): Illuminate\\Routing\\Router->runRoute()
#36 /var/www/indonesia-luxe/vendor/laravel/framework/src/Illuminate/Routing/Router.php(753): Illuminate\\Routing\\Router->dispatchToRoute()
#37 /var/www/indonesia-luxe/vendor/laravel/framework/src/Illuminate/Foundation/Http/Kernel.php(200): Illuminate\\Routing\\Router->dispatch()
#38 /var/www/indonesia-luxe/vendor/laravel/framework/src/Illuminate/Pipeline/Pipeline.php(180): Illuminate\\Foundation\\Http\\Kernel->{closure:Illuminate\\Foundation\\Http\\Kernel::dispatchToRouter():197}()
#39 /var/www/indonesia-luxe/vendor/livewire/livewire/src/Features/SupportDisablingBackButtonCache/DisableBackButtonCacheMiddleware.php(19): Illuminate\\Pipeline\\Pipeline->{closure:Illuminate\\Pipeline\\Pipeline::prepareDestination():178}()
#40 /var/www/indonesia-luxe/vendor/laravel/framework/src/Illuminate/Pipeline/Pipeline.php(219): Livewire\\Features\\SupportDisablingBackButtonCache\\DisableBackButtonCacheMiddleware->handle()
#41 /var/www/indonesia-luxe/vendor/laravel/framework/src/Illuminate/Foundation/Http/Middleware/ConvertEmptyStringsToNull.php(27): Illuminate\\Pipeline\\Pipeline->{closure:{closure:Illuminate\\Pipeline\\Pipeline::carry():194}:195}()
#42 /var/www/indonesia-luxe/vendor/laravel/framework/src/Illuminate/Pipeline/Pipeline.php(219): Illuminate\\Foundation\\Http\\Middleware\\ConvertEmptyStringsToNull->handle()
#43 /var/www/indonesia-luxe/vendor/laravel/framework/src/Illuminate/Foundation/Http/Middleware/TrimStrings.php(47): Illuminate\\Pipeline\\Pipeline->{closure:{closure:Illuminate\\Pipeline\\Pipeline::carry():194}:195}()
#44 /var/www/indonesia-luxe/vendor/laravel/framework/src/Illuminate/Pipeline/Pipeline.php(219): Illuminate\\Foundation\\Http\\Middleware\\TrimStrings->handle()
#45 /var/www/indonesia-luxe/vendor/laravel/framework/src/Illuminate/Http/Middleware/ValidatePostSize.php(27): Illuminate\\Pipeline\\Pipeline->{closure:{closure:Illuminate\\Pipeline\\Pipeline::carry():194}:195}()
#46 /var/www/indonesia-luxe/vendor/laravel/framework/src/Illuminate/Pipeline/Pipeline.php(219): Illuminate\\Http\\Middleware\\ValidatePostSize->handle()
#47 /var/www/indonesia-luxe/vendor/laravel/framework/src/Illuminate/Foundation/Http/Middleware/PreventRequestsDuringMaintenance.php(109): Illuminate\\Pipeline\\Pipeline->{closure:{closure:Illuminate\\Pipeline\\Pipeline::carry():194}:195}()
#48 /var/www/indonesia-luxe/vendor/laravel/framework/src/Illuminate/Pipeline/Pipeline.php(219): Illuminate\\Foundation\\Http\\Middleware\\PreventRequestsDuringMaintenance->handle()
#49 /var/www/indonesia-luxe/vendor/laravel/framework/src/Illuminate/Http/Middleware/HandleCors.php(61): Illuminate\\Pipeline\\Pipeline->{closure:{closure:Illuminate\\Pipeline\\Pipeline::carry():194}:195}()
#50 /var/www/indonesia-luxe/vendor/laravel/framework/src/Illuminate/Pipeline/Pipeline.php(219): Illuminate\\Http\\Middleware\\HandleCors->handle()
#51 /var/www/indonesia-luxe/vendor/laravel/framework/src/Illuminate/Http/Middleware/TrustProxies.php(58): Illuminate\\Pipeline\\Pipeline->{closure:{closure:Illuminate\\Pipeline\\Pipeline::carry():194}:195}()
#52 /var/www/indonesia-luxe/vendor/laravel/framework/src/Illuminate/Pipeline/Pipeline.php(219): Illuminate\\Http\\Middleware\\TrustProxies->handle()
#53 /var/www/indonesia-luxe/vendor/laravel/framework/src/Illuminate/Foundation/Http/Middleware/InvokeDeferredCallbacks.php(22): Illuminate\\Pipeline\\Pipeline->{closure:{closure:Illuminate\\Pipeline\\Pipeline::carry():194}:195}()
#54 /var/www/indonesia-luxe/vendor/laravel/framework/src/Illuminate/Pipeline/Pipeline.php(219): Illuminate\\Foundation\\Http\\Middleware\\InvokeDeferredCallbacks->handle()
#55 /var/www/indonesia-luxe/vendor/laravel/framework/src/Illuminate/Http/Middleware/ValidatePathEncoding.php(26): Illuminate\\Pipeline\\Pipeline->{closure:{closure:Illuminate\\Pipeline\\Pipeline::carry():194}:195}()
#56 /var/www/indonesia-luxe/vendor/laravel/framework/src/Illuminate/Pipeline/Pipeline.php(219): Illuminate\\Http\\Middleware\\ValidatePathEncoding->handle()
#57 /var/www/indonesia-luxe/vendor/laravel/framework/src/Illuminate/Pipeline/Pipeline.php(137): Illuminate\\Pipeline\\Pipeline->{closure:{closure:Illuminate\\Pipeline\\Pipeline::carry():194}:195}()
#58 /var/www/indonesia-luxe/vendor/laravel/framework/src/Illuminate/Foundation/Http/Kernel.php(175): Illuminate\\Pipeline\\Pipeline->then()
#59 /var/www/indonesia-luxe/vendor/laravel/framework/src/Illuminate/Foundation/Http/Kernel.php(144): Illuminate\\Foundation\\Http\\Kernel->sendRequestThroughRouter()
#60 /var/www/indonesia-luxe/vendor/laravel/framework/src/Illuminate/Foundation/Application.php(1220): Illuminate\\Foundation\\Http\\Kernel->handle()
#61 /var/www/indonesia-luxe/public/index.php(20): Illuminate\\Foundation\\Application->handleRequest()
#62 {main}
"} 
[2026-06-11 05:31:21] local.ERROR: Unable to find component: [filament.pages.dashboard] {"exception":"[object] (Livewire\\Exceptions\\ComponentNotFoundException(code: 0): Unable to find component: [filament.pages.dashboard] at /var/www/indonesia-luxe/vendor/livewire/livewire/src/Factory/Factory.php:76)
[stacktrace]
#0 /var/www/indonesia-luxe/vendor/livewire/livewire/src/Factory/Factory.php(88): Livewire\\Factory\\Factory->resolveComponentNameAndClass()
#1 /var/www/indonesia-luxe/vendor/livewire/livewire/src/Features/SupportReleaseTokens/ReleaseToken.php(15): Livewire\\Factory\\Factory->resolveComponentClass()
#2 /var/www/indonesia-luxe/vendor/livewire/livewire/src/Features/SupportReleaseTokens/SupportReleaseTokens.php(20): Livewire\\Features\\SupportReleaseTokens\\ReleaseToken::verify()
#3 /var/www/indonesia-luxe/vendor/livewire/livewire/src/EventBus.php(87): Livewire\\Features\\SupportReleaseTokens\\SupportReleaseTokens::{closure:Livewire\\Features\\SupportReleaseTokens\\SupportReleaseTokens::provide():19}()
#4 /var/www/indonesia-luxe/vendor/livewire/livewire/src/helpers.php(98): Livewire\\EventBus->trigger()
#5 /var/www/indonesia-luxe/vendor/livewire/livewire/src/Mechanisms/HandleComponents/Checksum.php(22): Livewire\\trigger()
#6 /var/www/indonesia-luxe/vendor/livewire/livewire/src/Mechanisms/HandleComponents/HandleComponents.php(244): Livewire\\Mechanisms\\HandleComponents\\Checksum::verify()
#7 /var/www/indonesia-luxe/vendor/livewire/livewire/src/Mechanisms/HandleComponents/HandleComponents.php(210): Livewire\\Mechanisms\\HandleComponents\\HandleComponents->fromSnapshot()
#8 /var/www/indonesia-luxe/vendor/livewire/livewire/src/LivewireManager.php(131): Livewire\\Mechanisms\\HandleComponents\\HandleComponents->update()
#9 /var/www/indonesia-luxe/vendor/livewire/livewire/src/Mechanisms/HandleRequests/HandleRequests.php(156): Livewire\\LivewireManager->update()
#10 /var/www/indonesia-luxe/vendor/laravel/framework/src/Illuminate/Routing/ControllerDispatcher.php(46): Livewire\\Mechanisms\\HandleRequests\\HandleRequests->handleUpdate()
#11 /var/www/indonesia-luxe/vendor/laravel/framework/src/Illuminate/Routing/Route.php(265): Illuminate\\Routing\\ControllerDispatcher->dispatch()
#12 /var/www/indonesia-luxe/vendor/laravel/framework/src/Illuminate/Routing/Route.php(211): Illuminate\\Routing\\Route->runController()
#13 /var/www/indonesia-luxe/vendor/laravel/framework/src/Illuminate/Routing/Router.php(822): Illuminate\\Routing\\Route->run()
#14 /var/www/indonesia-luxe/vendor/laravel/framework/src/Illuminate/Pipeline/Pipeline.php(180): Illuminate\\Routing\\Router->{closure:Illuminate\\Routing\\Router::runRouteWithinStack():821}()
#15 /var/www/indonesia-luxe/vendor/laravel/boost/src/Middleware/InjectBoost.php(22): Illuminate\\Pipeline\\Pipeline->{closure:Illuminate\\Pipeline\\Pipeline::prepareDestination():178}()
#16 /var/www/indonesia-luxe/vendor/laravel/framework/src/Illuminate/Pipeline/Pipeline.php(219): Laravel\\Boost\\Middleware\\InjectBoost->handle()
#17 /var/www/indonesia-luxe/app/Http/Middleware/SetLocale.php(28): Illuminate\\Pipeline\\Pipeline->{closure:{closure:Illuminate\\Pipeline\\Pipeline::carry():194}:195}()
#18 /var/www/indonesia-luxe/vendor/laravel/framework/src/Illuminate/Pipeline/Pipeline.php(219): App\\Http\\Middleware\\SetLocale->handle()
#19 /var/www/indonesia-luxe/vendor/laravel/framework/src/Illuminate/Routing/Middleware/SubstituteBindings.php(50): Illuminate\\Pipeline\\Pipeline->{closure:{closure:Illuminate\\Pipeline\\Pipeline::carry():194}:195}()
#20 /var/www/indonesia-luxe/vendor/laravel/framework/src/Illuminate/Pipeline/Pipeline.php(219): Illuminate\\Routing\\Middleware\\SubstituteBindings->handle()
#21 /var/www/indonesia-luxe/vendor/laravel/framework/src/Illuminate/Foundation/Http/Middleware/VerifyCsrfToken.php(87): Illuminate\\Pipeline\\Pipeline->{closure:{closure:Illuminate\\Pipeline\\Pipeline::carry():194}:195}()
#22 /var/www/indonesia-luxe/vendor/laravel/framework/src/Illuminate/Pipeline/Pipeline.php(219): Illuminate\\Foundation\\Http\\Middleware\\VerifyCsrfToken->handle()
#23 /var/www/indonesia-luxe/vendor/laravel/framework/src/Illuminate/View/Middleware/ShareErrorsFromSession.php(48): Illuminate\\Pipeline\\Pipeline->{closure:{closure:Illuminate\\Pipeline\\Pipeline::carry():194}:195}()
#24 /var/www/indonesia-luxe/vendor/laravel/framework/src/Illuminate/Pipeline/Pipeline.php(219): Illuminate\\View\\Middleware\\ShareErrorsFromSession->handle()
#25 /var/www/indonesia-luxe/vendor/laravel/framework/src/Illuminate/Session/Middleware/StartSession.php(120): Illuminate\\Pipeline\\Pipeline->{closure:{closure:Illuminate\\Pipeline\\Pipeline::carry():194}:195}()
#26 /var/www/indonesia-luxe/vendor/laravel/framework/src/Illuminate/Session/Middleware/StartSession.php(63): Illuminate\\Session\\Middleware\\StartSession->handleStatefulRequest()
#27 /var/www/indonesia-luxe/vendor/laravel/framework/src/Illuminate/Pipeline/Pipeline.php(219): Illuminate\\Session\\Middleware\\StartSession->handle()
#28 /var/www/indonesia-luxe/vendor/laravel/framework/src/Illuminate/Cookie/Middleware/AddQueuedCookiesToResponse.php(36): Illuminate\\Pipeline\\Pipeline->{closure:{closure:Illuminate\\Pipeline\\Pipeline::carry():194}:195}()
#29 /var/www/indonesia-luxe/vendor/laravel/framework/src/Illuminate/Pipeline/Pipeline.php(219): Illuminate\\Cookie\\Middleware\\AddQueuedCookiesToResponse->handle()
#30 /var/www/indonesia-luxe/vendor/laravel/framework/src/Illuminate/Cookie/Middleware/EncryptCookies.php(74): Illuminate\\Pipeline\\Pipeline->{closure:{closure:Illuminate\\Pipeline\\Pipeline::carry():194}:195}()
#31 /var/www/indonesia-luxe/vendor/laravel/framework/src/Illuminate/Pipeline/Pipeline.php(219): Illuminate\\Cookie\\Middleware\\EncryptCookies->handle()
#32 /var/www/indonesia-luxe/vendor/laravel/framework/src/Illuminate/Pipeline/Pipeline.php(137): Illuminate\\Pipeline\\Pipeline->{closure:{closure:Illuminate\\Pipeline\\Pipeline::carry():194}:195}()
#33 /var/www/indonesia-luxe/vendor/laravel/framework/src/Illuminate/Routing/Router.php(821): Illuminate\\Pipeline\\Pipeline->then()
#34 /var/www/indonesia-luxe/vendor/laravel/framework/src/Illuminate/Routing/Router.php(800): Illuminate\\Routing\\Router->runRouteWithinStack()
#35 /var/www/indonesia-luxe/vendor/laravel/framework/src/Illuminate/Routing/Router.php(764): Illuminate\\Routing\\Router->runRoute()
#36 /var/www/indonesia-luxe/vendor/laravel/framework/src/Illuminate/Routing/Router.php(753): Illuminate\\Routing\\Router->dispatchToRoute()
#37 /var/www/indonesia-luxe/vendor/laravel/framework/src/Illuminate/Foundation/Http/Kernel.php(200): Illuminate\\Routing\\Router->dispatch()
#38 /var/www/indonesia-luxe/vendor/laravel/framework/src/Illuminate/Pipeline/Pipeline.php(180): Illuminate\\Foundation\\Http\\Kernel->{closure:Illuminate\\Foundation\\Http\\Kernel::dispatchToRouter():197}()
#39 /var/www/indonesia-luxe/vendor/livewire/livewire/src/Features/SupportDisablingBackButtonCache/DisableBackButtonCacheMiddleware.php(19): Illuminate\\Pipeline\\Pipeline->{closure:Illuminate\\Pipeline\\Pipeline::prepareDestination():178}()
#40 /var/www/indonesia-luxe/vendor/laravel/framework/src/Illuminate/Pipeline/Pipeline.php(219): Livewire\\Features\\SupportDisablingBackButtonCache\\DisableBackButtonCacheMiddleware->handle()
#41 /var/www/indonesia-luxe/vendor/laravel/framework/src/Illuminate/Foundation/Http/Middleware/ConvertEmptyStringsToNull.php(27): Illuminate\\Pipeline\\Pipeline->{closure:{closure:Illuminate\\Pipeline\\Pipeline::carry():194}:195}()
#42 /var/www/indonesia-luxe/vendor/laravel/framework/src/Illuminate/Pipeline/Pipeline.php(219): Illuminate\\Foundation\\Http\\Middleware\\ConvertEmptyStringsToNull->handle()
#43 /var/www/indonesia-luxe/vendor/laravel/framework/src/Illuminate/Foundation/Http/Middleware/TrimStrings.php(47): Illuminate\\Pipeline\\Pipeline->{closure:{closure:Illuminate\\Pipeline\\Pipeline::carry():194}:195}()
#44 /var/www/indonesia-luxe/vendor/laravel/framework/src/Illuminate/Pipeline/Pipeline.php(219): Illuminate\\Foundation\\Http\\Middleware\\TrimStrings->handle()
#45 /var/www/indonesia-luxe/vendor/laravel/framework/src/Illuminate/Http/Middleware/ValidatePostSize.php(27): Illuminate\\Pipeline\\Pipeline->{closure:{closure:Illuminate\\Pipeline\\Pipeline::carry():194}:195}()
#46 /var/www/indonesia-luxe/vendor/laravel/framework/src/Illuminate/Pipeline/Pipeline.php(219): Illuminate\\Http\\Middleware\\ValidatePostSize->handle()
#47 /var/www/indonesia-luxe/vendor/laravel/framework/src/Illuminate/Foundation/Http/Middleware/PreventRequestsDuringMaintenance.php(109): Illuminate\\Pipeline\\Pipeline->{closure:{closure:Illuminate\\Pipeline\\Pipeline::carry():194}:195}()
#48 /var/www/indonesia-luxe/vendor/laravel/framework/src/Illuminate/Pipeline/Pipeline.php(219): Illuminate\\Foundation\\Http\\Middleware\\PreventRequestsDuringMaintenance->handle()
#49 /var/www/indonesia-luxe/vendor/laravel/framework/src/Illuminate/Http/Middleware/HandleCors.php(61): Illuminate\\Pipeline\\Pipeline->{closure:{closure:Illuminate\\Pipeline\\Pipeline::carry():194}:195}()
#50 /var/www/indonesia-luxe/vendor/laravel/framework/src/Illuminate/Pipeline/Pipeline.php(219): Illuminate\\Http\\Middleware\\HandleCors->handle()
#51 /var/www/indonesia-luxe/vendor/laravel/framework/src/Illuminate/Http/Middleware/TrustProxies.php(58): Illuminate\\Pipeline\\Pipeline->{closure:{closure:Illuminate\\Pipeline\\Pipeline::carry():194}:195}()
#52 /var/www/indonesia-luxe/vendor/laravel/framework/src/Illuminate/Pipeline/Pipeline.php(219): Illuminate\\Http\\Middleware\\TrustProxies->handle()
#53 /var/www/indonesia-luxe/vendor/laravel/framework/src/Illuminate/Foundation/Http/Middleware/InvokeDeferredCallbacks.php(22): Illuminate\\Pipeline\\Pipeline->{closure:{closure:Illuminate\\Pipeline\\Pipeline::carry():194}:195}()
#54 /var/www/indonesia-luxe/vendor/laravel/framework/src/Illuminate/Pipeline/Pipeline.php(219): Illuminate\\Foundation\\Http\\Middleware\\InvokeDeferredCallbacks->handle()
#55 /var/www/indonesia-luxe/vendor/laravel/framework/src/Illuminate/Http/Middleware/ValidatePathEncoding.php(26): Illuminate\\Pipeline\\Pipeline->{closure:{closure:Illuminate\\Pipeline\\Pipeline::carry():194}:195}()
#56 /var/www/indonesia-luxe/vendor/laravel/framework/src/Illuminate/Pipeline/Pipeline.php(219): Illuminate\\Http\\Middleware\\ValidatePathEncoding->handle()
#57 /var/www/indonesia-luxe/vendor/laravel/framework/src/Illuminate/Pipeline/Pipeline.php(137): Illuminate\\Pipeline\\Pipeline->{closure:{closure:Illuminate\\Pipeline\\Pipeline::carry():194}:195}()
#58 /var/www/indonesia-luxe/vendor/laravel/framework/src/Illuminate/Foundation/Http/Kernel.php(175): Illuminate\\Pipeline\\Pipeline->then()
#59 /var/www/indonesia-luxe/vendor/laravel/framework/src/Illuminate/Foundation/Http/Kernel.php(144): Illuminate\\Foundation\\Http\\Kernel->sendRequestThroughRouter()
#60 /var/www/indonesia-luxe/vendor/laravel/framework/src/Illuminate/Foundation/Application.php(1220): Illuminate\\Foundation\\Http\\Kernel->handle()
#61 /var/www/indonesia-luxe/public/index.php(20): Illuminate\\Foundation\\Application->handleRequest()
#62 {main}
"} 
[2026-06-11 05:31:21] local.ERROR: Unable to find component: [filament.livewire.global-search] {"exception":"[object] (Livewire\\Exceptions\\ComponentNotFoundException(code: 0): Unable to find component: [filament.livewire.global-search] at /var/www/indonesia-luxe/vendor/livewire/livewire/src/Factory/Factory.php:76)
[stacktrace]
#0 /var/www/indonesia-luxe/vendor/livewire/livewire/src/Factory/Factory.php(88): Livewire\\Factory\\Factory->resolveComponentNameAndClass()
#1 /var/www/indonesia-luxe/vendor/livewire/livewire/src/Features/SupportReleaseTokens/ReleaseToken.php(15): Livewire\\Factory\\Factory->resolveComponentClass()
#2 /var/www/indonesia-luxe/vendor/livewire/livewire/src/Features/SupportReleaseTokens/SupportReleaseTokens.php(20): Livewire\\Features\\SupportReleaseTokens\\ReleaseToken::verify()
#3 /var/www/indonesia-luxe/vendor/livewire/livewire/src/EventBus.php(87): Livewire\\Features\\SupportReleaseTokens\\SupportReleaseTokens::{closure:Livewire\\Features\\SupportReleaseTokens\\SupportReleaseTokens::provide():19}()
#4 /var/www/indonesia-luxe/vendor/livewire/livewire/src/helpers.php(98): Livewire\\EventBus->trigger()
#5 /var/www/indonesia-luxe/vendor/livewire/livewire/src/Mechanisms/HandleComponents/Checksum.php(22): Livewire\\trigger()
#6 /var/www/indonesia-luxe/vendor/livewire/livewire/src/Mechanisms/HandleComponents/HandleComponents.php(244): Livewire\\Mechanisms\\HandleComponents\\Checksum::verify()
#7 /var/www/indonesia-luxe/vendor/livewire/livewire/src/Mechanisms/HandleComponents/HandleComponents.php(210): Livewire\\Mechanisms\\HandleComponents\\HandleComponents->fromSnapshot()
#8 /var/www/indonesia-luxe/vendor/livewire/livewire/src/LivewireManager.php(131): Livewire\\Mechanisms\\HandleComponents\\HandleComponents->update()
#9 /var/www/indonesia-luxe/vendor/livewire/livewire/src/Mechanisms/HandleRequests/HandleRequests.php(156): Livewire\\LivewireManager->update()
#10 /var/www/indonesia-luxe/vendor/laravel/framework/src/Illuminate/Routing/ControllerDispatcher.php(46): Livewire\\Mechanisms\\HandleRequests\\HandleRequests->handleUpdate()
#11 /var/www/indonesia-luxe/vendor/laravel/framework/src/Illuminate/Routing/Route.php(265): Illuminate\\Routing\\ControllerDispatcher->dispatch()
#12 /var/www/indonesia-luxe/vendor/laravel/framework/src/Illuminate/Routing/Route.php(211): Illuminate\\Routing\\Route->runController()
#13 /var/www/indonesia-luxe/vendor/laravel/framework/src/Illuminate/Routing/Router.php(822): Illuminate\\Routing\\Route->run()
#14 /var/www/indonesia-luxe/vendor/laravel/framework/src/Illuminate/Pipeline/Pipeline.php(180): Illuminate\\Routing\\Router->{closure:Illuminate\\Routing\\Router::runRouteWithinStack():821}()
#15 /var/www/indonesia-luxe/vendor/laravel/boost/src/Middleware/InjectBoost.php(22): Illuminate\\Pipeline\\Pipeline->{closure:Illuminate\\Pipeline\\Pipeline::prepareDestination():178}()
#16 /var/www/indonesia-luxe/vendor/laravel/framework/src/Illuminate/Pipeline/Pipeline.php(219): Laravel\\Boost\\Middleware\\InjectBoost->handle()
#17 /var/www/indonesia-luxe/app/Http/Middleware/SetLocale.php(28): Illuminate\\Pipeline\\Pipeline->{closure:{closure:Illuminate\\Pipeline\\Pipeline::carry():194}:195}()
#18 /var/www/indonesia-luxe/vendor/laravel/framework/src/Illuminate/Pipeline/Pipeline.php(219): App\\Http\\Middleware\\SetLocale->handle()
#19 /var/www/indonesia-luxe/vendor/laravel/framework/src/Illuminate/Routing/Middleware/SubstituteBindings.php(50): Illuminate\\Pipeline\\Pipeline->{closure:{closure:Illuminate\\Pipeline\\Pipeline::carry():194}:195}()
#20 /var/www/indonesia-luxe/vendor/laravel/framework/src/Illuminate/Pipeline/Pipeline.php(219): Illuminate\\Routing\\Middleware\\SubstituteBindings->handle()
#21 /var/www/indonesia-luxe/vendor/laravel/framework/src/Illuminate/Foundation/Http/Middleware/VerifyCsrfToken.php(87): Illuminate\\Pipeline\\Pipeline->{closure:{closure:Illuminate\\Pipeline\\Pipeline::carry():194}:195}()
#22 /var/www/indonesia-luxe/vendor/laravel/framework/src/Illuminate/Pipeline/Pipeline.php(219): Illuminate\\Foundation\\Http\\Middleware\\VerifyCsrfToken->handle()
#23 /var/www/indonesia-luxe/vendor/laravel/framework/src/Illuminate/View/Middleware/ShareErrorsFromSession.php(48): Illuminate\\Pipeline\\Pipeline->{closure:{closure:Illuminate\\Pipeline\\Pipeline::carry():194}:195}()
#24 /var/www/indonesia-luxe/vendor/laravel/framework/src/Illuminate/Pipeline/Pipeline.php(219): Illuminate\\View\\Middleware\\ShareErrorsFromSession->handle()
#25 /var/www/indonesia-luxe/vendor/laravel/framework/src/Illuminate/Session/Middleware/StartSession.php(120): Illuminate\\Pipeline\\Pipeline->{closure:{closure:Illuminate\\Pipeline\\Pipeline::carry():194}:195}()
#26 /var/www/indonesia-luxe/vendor/laravel/framework/src/Illuminate/Session/Middleware/StartSession.php(63): Illuminate\\Session\\Middleware\\StartSession->handleStatefulRequest()
#27 /var/www/indonesia-luxe/vendor/laravel/framework/src/Illuminate/Pipeline/Pipeline.php(219): Illuminate\\Session\\Middleware\\StartSession->handle()
#28 /var/www/indonesia-luxe/vendor/laravel/framework/src/Illuminate/Cookie/Middleware/AddQueuedCookiesToResponse.php(36): Illuminate\\Pipeline\\Pipeline->{closure:{closure:Illuminate\\Pipeline\\Pipeline::carry():194}:195}()
#29 /var/www/indonesia-luxe/vendor/laravel/framework/src/Illuminate/Pipeline/Pipeline.php(219): Illuminate\\Cookie\\Middleware\\AddQueuedCookiesToResponse->handle()
#30 /var/www/indonesia-luxe/vendor/laravel/framework/src/Illuminate/Cookie/Middleware/EncryptCookies.php(74): Illuminate\\Pipeline\\Pipeline->{closure:{closure:Illuminate\\Pipeline\\Pipeline::carry():194}:195}()
#31 /var/www/indonesia-luxe/vendor/laravel/framework/src/Illuminate/Pipeline/Pipeline.php(219): Illuminate\\Cookie\\Middleware\\EncryptCookies->handle()
#32 /var/www/indonesia-luxe/vendor/laravel/framework/src/Illuminate/Pipeline/Pipeline.php(137): Illuminate\\Pipeline\\Pipeline->{closure:{closure:Illuminate\\Pipeline\\Pipeline::carry():194}:195}()
#33 /var/www/indonesia-luxe/vendor/laravel/framework/src/Illuminate/Routing/Router.php(821): Illuminate\\Pipeline\\Pipeline->then()
#34 /var/www/indonesia-luxe/vendor/laravel/framework/src/Illuminate/Routing/Router.php(800): Illuminate\\Routing\\Router->runRouteWithinStack()
#35 /var/www/indonesia-luxe/vendor/laravel/framework/src/Illuminate/Routing/Router.php(764): Illuminate\\Routing\\Router->runRoute()
#36 /var/www/indonesia-luxe/vendor/laravel/framework/src/Illuminate/Routing/Router.php(753): Illuminate\\Routing\\Router->dispatchToRoute()
#37 /var/www/indonesia-luxe/vendor/laravel/framework/src/Illuminate/Foundation/Http/Kernel.php(200): Illuminate\\Routing\\Router->dispatch()
#38 /var/www/indonesia-luxe/vendor/laravel/framework/src/Illuminate/Pipeline/Pipeline.php(180): Illuminate\\Foundation\\Http\\Kernel->{closure:Illuminate\\Foundation\\Http\\Kernel::dispatchToRouter():197}()
#39 /var/www/indonesia-luxe/vendor/livewire/livewire/src/Features/SupportDisablingBackButtonCache/DisableBackButtonCacheMiddleware.php(19): Illuminate\\Pipeline\\Pipeline->{closure:Illuminate\\Pipeline\\Pipeline::prepareDestination():178}()
#40 /var/www/indonesia-luxe/vendor/laravel/framework/src/Illuminate/Pipeline/Pipeline.php(219): Livewire\\Features\\SupportDisablingBackButtonCache\\DisableBackButtonCacheMiddleware->handle()
#41 /var/www/indonesia-luxe/vendor/laravel/framework/src/Illuminate/Foundation/Http/Middleware/ConvertEmptyStringsToNull.php(27): Illuminate\\Pipeline\\Pipeline->{closure:{closure:Illuminate\\Pipeline\\Pipeline::carry():194}:195}()
#42 /var/www/indonesia-luxe/vendor/laravel/framework/src/Illuminate/Pipeline/Pipeline.php(219): Illuminate\\Foundation\\Http\\Middleware\\ConvertEmptyStringsToNull->handle()
#43 /var/www/indonesia-luxe/vendor/laravel/framework/src/Illuminate/Foundation/Http/Middleware/TrimStrings.php(47): Illuminate\\Pipeline\\Pipeline->{closure:{closure:Illuminate\\Pipeline\\Pipeline::carry():194}:195}()
#44 /var/www/indonesia-luxe/vendor/laravel/framework/src/Illuminate/Pipeline/Pipeline.php(219): Illuminate\\Foundation\\Http\\Middleware\\TrimStrings->handle()
#45 /var/www/indonesia-luxe/vendor/laravel/framework/src/Illuminate/Http/Middleware/ValidatePostSize.php(27): Illuminate\\Pipeline\\Pipeline->{closure:{closure:Illuminate\\Pipeline\\Pipeline::carry():194}:195}()
#46 /var/www/indonesia-luxe/vendor/laravel/framework/src/Illuminate/Pipeline/Pipeline.php(219): Illuminate\\Http\\Middleware\\ValidatePostSize->handle()
#47 /var/www/indonesia-luxe/vendor/laravel/framework/src/Illuminate/Foundation/Http/Middleware/PreventRequestsDuringMaintenance.php(109): Illuminate\\Pipeline\\Pipeline->{closure:{closure:Illuminate\\Pipeline\\Pipeline::carry():194}:195}()
#48 /var/www/indonesia-luxe/vendor/laravel/framework/src/Illuminate/Pipeline/Pipeline.php(219): Illuminate\\Foundation\\Http\\Middleware\\PreventRequestsDuringMaintenance->handle()
#49 /var/www/indonesia-luxe/vendor/laravel/framework/src/Illuminate/Http/Middleware/HandleCors.php(61): Illuminate\\Pipeline\\Pipeline->{closure:{closure:Illuminate\\Pipeline\\Pipeline::carry():194}:195}()
#50 /var/www/indonesia-luxe/vendor/laravel/framework/src/Illuminate/Pipeline/Pipeline.php(219): Illuminate\\Http\\Middleware\\HandleCors->handle()
#51 /var/www/indonesia-luxe/vendor/laravel/framework/src/Illuminate/Http/Middleware/TrustProxies.php(58): Illuminate\\Pipeline\\Pipeline->{closure:{closure:Illuminate\\Pipeline\\Pipeline::carry():194}:195}()
#52 /var/www/indonesia-luxe/vendor/laravel/framework/src/Illuminate/Pipeline/Pipeline.php(219): Illuminate\\Http\\Middleware\\TrustProxies->handle()
#53 /var/www/indonesia-luxe/vendor/laravel/framework/src/Illuminate/Foundation/Http/Middleware/InvokeDeferredCallbacks.php(22): Illuminate\\Pipeline\\Pipeline->{closure:{closure:Illuminate\\Pipeline\\Pipeline::carry():194}:195}()
#54 /var/www/indonesia-luxe/vendor/laravel/framework/src/Illuminate/Pipeline/Pipeline.php(219): Illuminate\\Foundation\\Http\\Middleware\\InvokeDeferredCallbacks->handle()
#55 /var/www/indonesia-luxe/vendor/laravel/framework/src/Illuminate/Http/Middleware/ValidatePathEncoding.php(26): Illuminate\\Pipeline\\Pipeline->{closure:{closure:Illuminate\\Pipeline\\Pipeline::carry():194}:195}()
#56 /var/www/indonesia-luxe/vendor/laravel/framework/src/Illuminate/Pipeline/Pipeline.php(219): Illuminate\\Http\\Middleware\\ValidatePathEncoding->handle()
#57 /var/www/indonesia-luxe/vendor/laravel/framework/src/Illuminate/Pipeline/Pipeline.php(137): Illuminate\\Pipeline\\Pipeline->{closure:{closure:Illuminate\\Pipeline\\Pipeline::carry():194}:195}()
#58 /var/www/indonesia-luxe/vendor/laravel/framework/src/Illuminate/Foundation/Http/Kernel.php(175): Illuminate\\Pipeline\\Pipeline->then()
#59 /var/www/indonesia-luxe/vendor/laravel/framework/src/Illuminate/Foundation/Http/Kernel.php(144): Illuminate\\Foundation\\Http\\Kernel->sendRequestThroughRouter()
#60 /var/www/indonesia-luxe/vendor/laravel/framework/src/Illuminate/Foundation/Application.php(1220): Illuminate\\Foundation\\Http\\Kernel->handle()
#61 /var/www/indonesia-luxe/public/index.php(20): Illuminate\\Foundation\\Application->handleRequest()
#62 {main}
"} 
[2026-06-11 05:31:22] local.ERROR: Unable to find component: [filament.livewire.global-search] {"exception":"[object] (Livewire\\Exceptions\\ComponentNotFoundException(code: 0): Unable to find component: [filament.livewire.global-search] at /var/www/indonesia-luxe/vendor/livewire/livewire/src/Factory/Factory.php:76)
[stacktrace]
#0 /var/www/indonesia-luxe/vendor/livewire/livewire/src/Factory/Factory.php(88): Livewire\\Factory\\Factory->resolveComponentNameAndClass()
#1 /var/www/indonesia-luxe/vendor/livewire/livewire/src/Features/SupportReleaseTokens/ReleaseToken.php(15): Livewire\\Factory\\Factory->resolveComponentClass()
#2 /var/www/indonesia-luxe/vendor/livewire/livewire/src/Features/SupportReleaseTokens/SupportReleaseTokens.php(20): Livewire\\Features\\SupportReleaseTokens\\ReleaseToken::verify()
#3 /var/www/indonesia-luxe/vendor/livewire/livewire/src/EventBus.php(87): Livewire\\Features\\SupportReleaseTokens\\SupportReleaseTokens::{closure:Livewire\\Features\\SupportReleaseTokens\\SupportReleaseTokens::provide():19}()
#4 /var/www/indonesia-luxe/vendor/livewire/livewire/src/helpers.php(98): Livewire\\EventBus->trigger()
#5 /var/www/indonesia-luxe/vendor/livewire/livewire/src/Mechanisms/HandleComponents/Checksum.php(22): Livewire\\trigger()
#6 /var/www/indonesia-luxe/vendor/livewire/livewire/src/Mechanisms/HandleComponents/HandleComponents.php(244): Livewire\\Mechanisms\\HandleComponents\\Checksum::verify()
#7 /var/www/indonesia-luxe/vendor/livewire/livewire/src/Mechanisms/HandleComponents/HandleComponents.php(210): Livewire\\Mechanisms\\HandleComponents\\HandleComponents->fromSnapshot()
#8 /var/www/indonesia-luxe/vendor/livewire/livewire/src/LivewireManager.php(131): Livewire\\Mechanisms\\HandleComponents\\HandleComponents->update()
#9 /var/www/indonesia-luxe/vendor/livewire/livewire/src/Mechanisms/HandleRequests/HandleRequests.php(156): Livewire\\LivewireManager->update()
#10 /var/www/indonesia-luxe/vendor/laravel/framework/src/Illuminate/Routing/ControllerDispatcher.php(46): Livewire\\Mechanisms\\HandleRequests\\HandleRequests->handleUpdate()
#11 /var/www/indonesia-luxe/vendor/laravel/framework/src/Illuminate/Routing/Route.php(265): Illuminate\\Routing\\ControllerDispatcher->dispatch()
#12 /var/www/indonesia-luxe/vendor/laravel/framework/src/Illuminate/Routing/Route.php(211): Illuminate\\Routing\\Route->runController()
#13 /var/www/indonesia-luxe/vendor/laravel/framework/src/Illuminate/Routing/Router.php(822): Illuminate\\Routing\\Route->run()
#14 /var/www/indonesia-luxe/vendor/laravel/framework/src/Illuminate/Pipeline/Pipeline.php(180): Illuminate\\Routing\\Router->{closure:Illuminate\\Routing\\Router::runRouteWithinStack():821}()
#15 /var/www/indonesia-luxe/vendor/laravel/boost/src/Middleware/InjectBoost.php(22): Illuminate\\Pipeline\\Pipeline->{closure:Illuminate\\Pipeline\\Pipeline::prepareDestination():178}()
#16 /var/www/indonesia-luxe/vendor/laravel/framework/src/Illuminate/Pipeline/Pipeline.php(219): Laravel\\Boost\\Middleware\\InjectBoost->handle()
#17 /var/www/indonesia-luxe/app/Http/Middleware/SetLocale.php(28): Illuminate\\Pipeline\\Pipeline->{closure:{closure:Illuminate\\Pipeline\\Pipeline::carry():194}:195}()
#18 /var/www/indonesia-luxe/vendor/laravel/framework/src/Illuminate/Pipeline/Pipeline.php(219): App\\Http\\Middleware\\SetLocale->handle()
#19 /var/www/indonesia-luxe/vendor/laravel/framework/src/Illuminate/Routing/Middleware/SubstituteBindings.php(50): Illuminate\\Pipeline\\Pipeline->{closure:{closure:Illuminate\\Pipeline\\Pipeline::carry():194}:195}()
#20 /var/www/indonesia-luxe/vendor/laravel/framework/src/Illuminate/Pipeline/Pipeline.php(219): Illuminate\\Routing\\Middleware\\SubstituteBindings->handle()
#21 /var/www/indonesia-luxe/vendor/laravel/framework/src/Illuminate/Foundation/Http/Middleware/VerifyCsrfToken.php(87): Illuminate\\Pipeline\\Pipeline->{closure:{closure:Illuminate\\Pipeline\\Pipeline::carry():194}:195}()
#22 /var/www/indonesia-luxe/vendor/laravel/framework/src/Illuminate/Pipeline/Pipeline.php(219): Illuminate\\Foundation\\Http\\Middleware\\VerifyCsrfToken->handle()
#23 /var/www/indonesia-luxe/vendor/laravel/framework/src/Illuminate/View/Middleware/ShareErrorsFromSession.php(48): Illuminate\\Pipeline\\Pipeline->{closure:{closure:Illuminate\\Pipeline\\Pipeline::carry():194}:195}()
#24 /var/www/indonesia-luxe/vendor/laravel/framework/src/Illuminate/Pipeline/Pipeline.php(219): Illuminate\\View\\Middleware\\ShareErrorsFromSession->handle()
#25 /var/www/indonesia-luxe/vendor/laravel/framework/src/Illuminate/Session/Middleware/StartSession.php(120): Illuminate\\Pipeline\\Pipeline->{closure:{closure:Illuminate\\Pipeline\\Pipeline::carry():194}:195}()
#26 /var/www/indonesia-luxe/vendor/laravel/framework/src/Illuminate/Session/Middleware/StartSession.php(63): Illuminate\\Session\\Middleware\\StartSession->handleStatefulRequest()
#27 /var/www/indonesia-luxe/vendor/laravel/framework/src/Illuminate/Pipeline/Pipeline.php(219): Illuminate\\Session\\Middleware\\StartSession->handle()
#28 /var/www/indonesia-luxe/vendor/laravel/framework/src/Illuminate/Cookie/Middleware/AddQueuedCookiesToResponse.php(36): Illuminate\\Pipeline\\Pipeline->{closure:{closure:Illuminate\\Pipeline\\Pipeline::carry():194}:195}()
#29 /var/www/indonesia-luxe/vendor/laravel/framework/src/Illuminate/Pipeline/Pipeline.php(219): Illuminate\\Cookie\\Middleware\\AddQueuedCookiesToResponse->handle()
#30 /var/www/indonesia-luxe/vendor/laravel/framework/src/Illuminate/Cookie/Middleware/EncryptCookies.php(74): Illuminate\\Pipeline\\Pipeline->{closure:{closure:Illuminate\\Pipeline\\Pipeline::carry():194}:195}()
#31 /var/www/indonesia-luxe/vendor/laravel/framework/src/Illuminate/Pipeline/Pipeline.php(219): Illuminate\\Cookie\\Middleware\\EncryptCookies->handle()
#32 /var/www/indonesia-luxe/vendor/laravel/framework/src/Illuminate/Pipeline/Pipeline.php(137): Illuminate\\Pipeline\\Pipeline->{closure:{closure:Illuminate\\Pipeline\\Pipeline::carry():194}:195}()
#33 /var/www/indonesia-luxe/vendor/laravel/framework/src/Illuminate/Routing/Router.php(821): Illuminate\\Pipeline\\Pipeline->then()
#34 /var/www/indonesia-luxe/vendor/laravel/framework/src/Illuminate/Routing/Router.php(800): Illuminate\\Routing\\Router->runRouteWithinStack()
#35 /var/www/indonesia-luxe/vendor/laravel/framework/src/Illuminate/Routing/Router.php(764): Illuminate\\Routing\\Router->runRoute()
#36 /var/www/indonesia-luxe/vendor/laravel/framework/src/Illuminate/Routing/Router.php(753): Illuminate\\Routing\\Router->dispatchToRoute()
#37 /var/www/indonesia-luxe/vendor/laravel/framework/src/Illuminate/Foundation/Http/Kernel.php(200): Illuminate\\Routing\\Router->dispatch()
#38 /var/www/indonesia-luxe/vendor/laravel/framework/src/Illuminate/Pipeline/Pipeline.php(180): Illuminate\\Foundation\\Http\\Kernel->{closure:Illuminate\\Foundation\\Http\\Kernel::dispatchToRouter():197}()
#39 /var/www/indonesia-luxe/vendor/livewire/livewire/src/Features/SupportDisablingBackButtonCache/DisableBackButtonCacheMiddleware.php(19): Illuminate\\Pipeline\\Pipeline->{closure:Illuminate\\Pipeline\\Pipeline::prepareDestination():178}()
#40 /var/www/indonesia-luxe/vendor/laravel/framework/src/Illuminate/Pipeline/Pipeline.php(219): Livewire\\Features\\SupportDisablingBackButtonCache\\DisableBackButtonCacheMiddleware->handle()
#41 /var/www/indonesia-luxe/vendor/laravel/framework/src/Illuminate/Foundation/Http/Middleware/ConvertEmptyStringsToNull.php(27): Illuminate\\Pipeline\\Pipeline->{closure:{closure:Illuminate\\Pipeline\\Pipeline::carry():194}:195}()
#42 /var/www/indonesia-luxe/vendor/laravel/framework/src/Illuminate/Pipeline/Pipeline.php(219): Illuminate\\Foundation\\Http\\Middleware\\ConvertEmptyStringsToNull->handle()
#43 /var/www/indonesia-luxe/vendor/laravel/framework/src/Illuminate/Foundation/Http/Middleware/TrimStrings.php(47): Illuminate\\Pipeline\\Pipeline->{closure:{closure:Illuminate\\Pipeline\\Pipeline::carry():194}:195}()
#44 /var/www/indonesia-luxe/vendor/laravel/framework/src/Illuminate/Pipeline/Pipeline.php(219): Illuminate\\Foundation\\Http\\Middleware\\TrimStrings->handle()
#45 /var/www/indonesia-luxe/vendor/laravel/framework/src/Illuminate/Http/Middleware/ValidatePostSize.php(27): Illuminate\\Pipeline\\Pipeline->{closure:{closure:Illuminate\\Pipeline\\Pipeline::carry():194}:195}()
#46 /var/www/indonesia-luxe/vendor/laravel/framework/src/Illuminate/Pipeline/Pipeline.php(219): Illuminate\\Http\\Middleware\\ValidatePostSize->handle()
#47 /var/www/indonesia-luxe/vendor/laravel/framework/src/Illuminate/Foundation/Http/Middleware/PreventRequestsDuringMaintenance.php(109): Illuminate\\Pipeline\\Pipeline->{closure:{closure:Illuminate\\Pipeline\\Pipeline::carry():194}:195}()
#48 /var/www/indonesia-luxe/vendor/laravel/framework/src/Illuminate/Pipeline/Pipeline.php(219): Illuminate\\Foundation\\Http\\Middleware\\PreventRequestsDuringMaintenance->handle()
#49 /var/www/indonesia-luxe/vendor/laravel/framework/src/Illuminate/Http/Middleware/HandleCors.php(61): Illuminate\\Pipeline\\Pipeline->{closure:{closure:Illuminate\\Pipeline\\Pipeline::carry():194}:195}()
#50 /var/www/indonesia-luxe/vendor/laravel/framework/src/Illuminate/Pipeline/Pipeline.php(219): Illuminate\\Http\\Middleware\\HandleCors->handle()
#51 /var/www/indonesia-luxe/vendor/laravel/framework/src/Illuminate/Http/Middleware/TrustProxies.php(58): Illuminate\\Pipeline\\Pipeline->{closure:{closure:Illuminate\\Pipeline\\Pipeline::carry():194}:195}()
#52 /var/www/indonesia-luxe/vendor/laravel/framework/src/Illuminate/Pipeline/Pipeline.php(219): Illuminate\\Http\\Middleware\\TrustProxies->handle()
#53 /var/www/indonesia-luxe/vendor/laravel/framework/src/Illuminate/Foundation/Http/Middleware/InvokeDeferredCallbacks.php(22): Illuminate\\Pipeline\\Pipeline->{closure:{closure:Illuminate\\Pipeline\\Pipeline::carry():194}:195}()
#54 /var/www/indonesia-luxe/vendor/laravel/framework/src/Illuminate/Pipeline/Pipeline.php(219): Illuminate\\Foundation\\Http\\Middleware\\InvokeDeferredCallbacks->handle()
#55 /var/www/indonesia-luxe/vendor/laravel/framework/src/Illuminate/Http/Middleware/ValidatePathEncoding.php(26): Illuminate\\Pipeline\\Pipeline->{closure:{closure:Illuminate\\Pipeline\\Pipeline::carry():194}:195}()
#56 /var/www/indonesia-luxe/vendor/laravel/framework/src/Illuminate/Pipeline/Pipeline.php(219): Illuminate\\Http\\Middleware\\ValidatePathEncoding->handle()
#57 /var/www/indonesia-luxe/vendor/laravel/framework/src/Illuminate/Pipeline/Pipeline.php(137): Illuminate\\Pipeline\\Pipeline->{closure:{closure:Illuminate\\Pipeline\\Pipeline::carry():194}:195}()
#58 /var/www/indonesia-luxe/vendor/laravel/framework/src/Illuminate/Foundation/Http/Kernel.php(175): Illuminate\\Pipeline\\Pipeline->then()
#59 /var/www/indonesia-luxe/vendor/laravel/framework/src/Illuminate/Foundation/Http/Kernel.php(144): Illuminate\\Foundation\\Http\\Kernel->sendRequestThroughRouter()
#60 /var/www/indonesia-luxe/vendor/laravel/framework/src/Illuminate/Foundation/Application.php(1220): Illuminate\\Foundation\\Http\\Kernel->handle()
#61 /var/www/indonesia-luxe/public/index.php(20): Illuminate\\Foundation\\Application->handleRequest()
#62 {main}
"} 
[2026-06-11 05:31:22] local.ERROR: Unable to find component: [filament.livewire.notifications] {"exception":"[object] (Livewire\\Exceptions\\ComponentNotFoundException(code: 0): Unable to find component: [filament.livewire.notifications] at /var/www/indonesia-luxe/vendor/livewire/livewire/src/Factory/Factory.php:76)
[stacktrace]
#0 /var/www/indonesia-luxe/vendor/livewire/livewire/src/Factory/Factory.php(88): Livewire\\Factory\\Factory->resolveComponentNameAndClass()
#1 /var/www/indonesia-luxe/vendor/livewire/livewire/src/Features/SupportReleaseTokens/ReleaseToken.php(15): Livewire\\Factory\\Factory->resolveComponentClass()
#2 /var/www/indonesia-luxe/vendor/livewire/livewire/src/Features/SupportReleaseTokens/SupportReleaseTokens.php(20): Livewire\\Features\\SupportReleaseTokens\\ReleaseToken::verify()
#3 /var/www/indonesia-luxe/vendor/livewire/livewire/src/EventBus.php(87): Livewire\\Features\\SupportReleaseTokens\\SupportReleaseTokens::{closure:Livewire\\Features\\SupportReleaseTokens\\SupportReleaseTokens::provide():19}()
#4 /var/www/indonesia-luxe/vendor/livewire/livewire/src/helpers.php(98): Livewire\\EventBus->trigger()
#5 /var/www/indonesia-luxe/vendor/livewire/livewire/src/Mechanisms/HandleComponents/Checksum.php(22): Livewire\\trigger()
#6 /var/www/indonesia-luxe/vendor/livewire/livewire/src/Mechanisms/HandleComponents/HandleComponents.php(244): Livewire\\Mechanisms\\HandleComponents\\Checksum::verify()
#7 /var/www/indonesia-luxe/vendor/livewire/livewire/src/Mechanisms/HandleComponents/HandleComponents.php(210): Livewire\\Mechanisms\\HandleComponents\\HandleComponents->fromSnapshot()
#8 /var/www/indonesia-luxe/vendor/livewire/livewire/src/LivewireManager.php(131): Livewire\\Mechanisms\\HandleComponents\\HandleComponents->update()
#9 /var/www/indonesia-luxe/vendor/livewire/livewire/src/Mechanisms/HandleRequests/HandleRequests.php(156): Livewire\\LivewireManager->update()
#10 /var/www/indonesia-luxe/vendor/laravel/framework/src/Illuminate/Routing/ControllerDispatcher.php(46): Livewire\\Mechanisms\\HandleRequests\\HandleRequests->handleUpdate()
#11 /var/www/indonesia-luxe/vendor/laravel/framework/src/Illuminate/Routing/Route.php(265): Illuminate\\Routing\\ControllerDispatcher->dispatch()
#12 /var/www/indonesia-luxe/vendor/laravel/framework/src/Illuminate/Routing/Route.php(211): Illuminate\\Routing\\Route->runController()
#13 /var/www/indonesia-luxe/vendor/laravel/framework/src/Illuminate/Routing/Router.php(822): Illuminate\\Routing\\Route->run()
#14 /var/www/indonesia-luxe/vendor/laravel/framework/src/Illuminate/Pipeline/Pipeline.php(180): Illuminate\\Routing\\Router->{closure:Illuminate\\Routing\\Router::runRouteWithinStack():821}()
#15 /var/www/indonesia-luxe/vendor/laravel/boost/src/Middleware/InjectBoost.php(22): Illuminate\\Pipeline\\Pipeline->{closure:Illuminate\\Pipeline\\Pipeline::prepareDestination():178}()
#16 /var/www/indonesia-luxe/vendor/laravel/framework/src/Illuminate/Pipeline/Pipeline.php(219): Laravel\\Boost\\Middleware\\InjectBoost->handle()
#17 /var/www/indonesia-luxe/app/Http/Middleware/SetLocale.php(28): Illuminate\\Pipeline\\Pipeline->{closure:{closure:Illuminate\\Pipeline\\Pipeline::carry():194}:195}()
#18 /var/www/indonesia-luxe/vendor/laravel/framework/src/Illuminate/Pipeline/Pipeline.php(219): App\\Http\\Middleware\\SetLocale->handle()
#19 /var/www/indonesia-luxe/vendor/laravel/framework/src/Illuminate/Routing/Middleware/SubstituteBindings.php(50): Illuminate\\Pipeline\\Pipeline->{closure:{closure:Illuminate\\Pipeline\\Pipeline::carry():194}:195}()
#20 /var/www/indonesia-luxe/vendor/laravel/framework/src/Illuminate/Pipeline/Pipeline.php(219): Illuminate\\Routing\\Middleware\\SubstituteBindings->handle()
#21 /var/www/indonesia-luxe/vendor/laravel/framework/src/Illuminate/Foundation/Http/Middleware/VerifyCsrfToken.php(87): Illuminate\\Pipeline\\Pipeline->{closure:{closure:Illuminate\\Pipeline\\Pipeline::carry():194}:195}()
#22 /var/www/indonesia-luxe/vendor/laravel/framework/src/Illuminate/Pipeline/Pipeline.php(219): Illuminate\\Foundation\\Http\\Middleware\\VerifyCsrfToken->handle()
#23 /var/www/indonesia-luxe/vendor/laravel/framework/src/Illuminate/View/Middleware/ShareErrorsFromSession.php(48): Illuminate\\Pipeline\\Pipeline->{closure:{closure:Illuminate\\Pipeline\\Pipeline::carry():194}:195}()
#24 /var/www/indonesia-luxe/vendor/laravel/framework/src/Illuminate/Pipeline/Pipeline.php(219): Illuminate\\View\\Middleware\\ShareErrorsFromSession->handle()
#25 /var/www/indonesia-luxe/vendor/laravel/framework/src/Illuminate/Session/Middleware/StartSession.php(120): Illuminate\\Pipeline\\Pipeline->{closure:{closure:Illuminate\\Pipeline\\Pipeline::carry():194}:195}()
#26 /var/www/indonesia-luxe/vendor/laravel/framework/src/Illuminate/Session/Middleware/StartSession.php(63): Illuminate\\Session\\Middleware\\StartSession->handleStatefulRequest()
#27 /var/www/indonesia-luxe/vendor/laravel/framework/src/Illuminate/Pipeline/Pipeline.php(219): Illuminate\\Session\\Middleware\\StartSession->handle()
#28 /var/www/indonesia-luxe/vendor/laravel/framework/src/Illuminate/Cookie/Middleware/AddQueuedCookiesToResponse.php(36): Illuminate\\Pipeline\\Pipeline->{closure:{closure:Illuminate\\Pipeline\\Pipeline::carry():194}:195}()
#29 /var/www/indonesia-luxe/vendor/laravel/framework/src/Illuminate/Pipeline/Pipeline.php(219): Illuminate\\Cookie\\Middleware\\AddQueuedCookiesToResponse->handle()
#30 /var/www/indonesia-luxe/vendor/laravel/framework/src/Illuminate/Cookie/Middleware/EncryptCookies.php(74): Illuminate\\Pipeline\\Pipeline->{closure:{closure:Illuminate\\Pipeline\\Pipeline::carry():194}:195}()
#31 /var/www/indonesia-luxe/vendor/laravel/framework/src/Illuminate/Pipeline/Pipeline.php(219): Illuminate\\Cookie\\Middleware\\EncryptCookies->handle()
#32 /var/www/indonesia-luxe/vendor/laravel/framework/src/Illuminate/Pipeline/Pipeline.php(137): Illuminate\\Pipeline\\Pipeline->{closure:{closure:Illuminate\\Pipeline\\Pipeline::carry():194}:195}()
#33 /var/www/indonesia-luxe/vendor/laravel/framework/src/Illuminate/Routing/Router.php(821): Illuminate\\Pipeline\\Pipeline->then()
#34 /var/www/indonesia-luxe/vendor/laravel/framework/src/Illuminate/Routing/Router.php(800): Illuminate\\Routing\\Router->runRouteWithinStack()
#35 /var/www/indonesia-luxe/vendor/laravel/framework/src/Illuminate/Routing/Router.php(764): Illuminate\\Routing\\Router->runRoute()
#36 /var/www/indonesia-luxe/vendor/laravel/framework/src/Illuminate/Routing/Router.php(753): Illuminate\\Routing\\Router->dispatchToRoute()
#37 /var/www/indonesia-luxe/vendor/laravel/framework/src/Illuminate/Foundation/Http/Kernel.php(200): Illuminate\\Routing\\Router->dispatch()
#38 /var/www/indonesia-luxe/vendor/laravel/framework/src/Illuminate/Pipeline/Pipeline.php(180): Illuminate\\Foundation\\Http\\Kernel->{closure:Illuminate\\Foundation\\Http\\Kernel::dispatchToRouter():197}()
#39 /var/www/indonesia-luxe/vendor/livewire/livewire/src/Features/SupportDisablingBackButtonCache/DisableBackButtonCacheMiddleware.php(19): Illuminate\\Pipeline\\Pipeline->{closure:Illuminate\\Pipeline\\Pipeline::prepareDestination():178}()
#40 /var/www/indonesia-luxe/vendor/laravel/framework/src/Illuminate/Pipeline/Pipeline.php(219): Livewire\\Features\\SupportDisablingBackButtonCache\\DisableBackButtonCacheMiddleware->handle()
#41 /var/www/indonesia-luxe/vendor/laravel/framework/src/Illuminate/Foundation/Http/Middleware/ConvertEmptyStringsToNull.php(27): Illuminate\\Pipeline\\Pipeline->{closure:{closure:Illuminate\\Pipeline\\Pipeline::carry():194}:195}()
#42 /var/www/indonesia-luxe/vendor/laravel/framework/src/Illuminate/Pipeline/Pipeline.php(219): Illuminate\\Foundation\\Http\\Middleware\\ConvertEmptyStringsToNull->handle()
#43 /var/www/indonesia-luxe/vendor/laravel/framework/src/Illuminate/Foundation/Http/Middleware/TrimStrings.php(47): Illuminate\\Pipeline\\Pipeline->{closure:{closure:Illuminate\\Pipeline\\Pipeline::carry():194}:195}()
#44 /var/www/indonesia-luxe/vendor/laravel/framework/src/Illuminate/Pipeline/Pipeline.php(219): Illuminate\\Foundation\\Http\\Middleware\\TrimStrings->handle()
#45 /var/www/indonesia-luxe/vendor/laravel/framework/src/Illuminate/Http/Middleware/ValidatePostSize.php(27): Illuminate\\Pipeline\\Pipeline->{closure:{closure:Illuminate\\Pipeline\\Pipeline::carry():194}:195}()
#46 /var/www/indonesia-luxe/vendor/laravel/framework/src/Illuminate/Pipeline/Pipeline.php(219): Illuminate\\Http\\Middleware\\ValidatePostSize->handle()
#47 /var/www/indonesia-luxe/vendor/laravel/framework/src/Illuminate/Foundation/Http/Middleware/PreventRequestsDuringMaintenance.php(109): Illuminate\\Pipeline\\Pipeline->{closure:{closure:Illuminate\\Pipeline\\Pipeline::carry():194}:195}()
#48 /var/www/indonesia-luxe/vendor/laravel/framework/src/Illuminate/Pipeline/Pipeline.php(219): Illuminate\\Foundation\\Http\\Middleware\\PreventRequestsDuringMaintenance->handle()
#49 /var/www/indonesia-luxe/vendor/laravel/framework/src/Illuminate/Http/Middleware/HandleCors.php(61): Illuminate\\Pipeline\\Pipeline->{closure:{closure:Illuminate\\Pipeline\\Pipeline::carry():194}:195}()
#50 /var/www/indonesia-luxe/vendor/laravel/framework/src/Illuminate/Pipeline/Pipeline.php(219): Illuminate\\Http\\Middleware\\HandleCors->handle()
#51 /var/www/indonesia-luxe/vendor/laravel/framework/src/Illuminate/Http/Middleware/TrustProxies.php(58): Illuminate\\Pipeline\\Pipeline->{closure:{closure:Illuminate\\Pipeline\\Pipeline::carry():194}:195}()
#52 /var/www/indonesia-luxe/vendor/laravel/framework/src/Illuminate/Pipeline/Pipeline.php(219): Illuminate\\Http\\Middleware\\TrustProxies->handle()
#53 /var/www/indonesia-luxe/vendor/laravel/framework/src/Illuminate/Foundation/Http/Middleware/InvokeDeferredCallbacks.php(22): Illuminate\\Pipeline\\Pipeline->{closure:{closure:Illuminate\\Pipeline\\Pipeline::carry():194}:195}()
#54 /var/www/indonesia-luxe/vendor/laravel/framework/src/Illuminate/Pipeline/Pipeline.php(219): Illuminate\\Foundation\\Http\\Middleware\\InvokeDeferredCallbacks->handle()
#55 /var/www/indonesia-luxe/vendor/laravel/framework/src/Illuminate/Http/Middleware/ValidatePathEncoding.php(26): Illuminate\\Pipeline\\Pipeline->{closure:{closure:Illuminate\\Pipeline\\Pipeline::carry():194}:195}()
#56 /var/www/indonesia-luxe/vendor/laravel/framework/src/Illuminate/Pipeline/Pipeline.php(219): Illuminate\\Http\\Middleware\\ValidatePathEncoding->handle()
#57 /var/www/indonesia-luxe/vendor/laravel/framework/src/Illuminate/Pipeline/Pipeline.php(137): Illuminate\\Pipeline\\Pipeline->{closure:{closure:Illuminate\\Pipeline\\Pipeline::carry():194}:195}()
#58 /var/www/indonesia-luxe/vendor/laravel/framework/src/Illuminate/Foundation/Http/Kernel.php(175): Illuminate\\Pipeline\\Pipeline->then()
#59 /var/www/indonesia-luxe/vendor/laravel/framework/src/Illuminate/Foundation/Http/Kernel.php(144): Illuminate\\Foundation\\Http\\Kernel->sendRequestThroughRouter()
#60 /var/www/indonesia-luxe/vendor/laravel/framework/src/Illuminate/Foundation/Application.php(1220): Illuminate\\Foundation\\Http\\Kernel->handle()
#61 /var/www/indonesia-luxe/public/index.php(20): Illuminate\\Foundation\\Application->handleRequest()
#62 {main}
"} 
[2026-06-11 05:31:22] local.ERROR: Unable to find component: [filament.livewire.notifications] {"exception":"[object] (Livewire\\Exceptions\\ComponentNotFoundException(code: 0): Unable to find component: [filament.livewire.notifications] at /var/www/indonesia-luxe/vendor/livewire/livewire/src/Factory/Factory.php:76)
[stacktrace]
#0 /var/www/indonesia-luxe/vendor/livewire/livewire/src/Factory/Factory.php(88): Livewire\\Factory\\Factory->resolveComponentNameAndClass()
#1 /var/www/indonesia-luxe/vendor/livewire/livewire/src/Features/SupportReleaseTokens/ReleaseToken.php(15): Livewire\\Factory\\Factory->resolveComponentClass()
#2 /var/www/indonesia-luxe/vendor/livewire/livewire/src/Features/SupportReleaseTokens/SupportReleaseTokens.php(20): Livewire\\Features\\SupportReleaseTokens\\ReleaseToken::verify()
#3 /var/www/indonesia-luxe/vendor/livewire/livewire/src/EventBus.php(87): Livewire\\Features\\SupportReleaseTokens\\SupportReleaseTokens::{closure:Livewire\\Features\\SupportReleaseTokens\\SupportReleaseTokens::provide():19}()
#4 /var/www/indonesia-luxe/vendor/livewire/livewire/src/helpers.php(98): Livewire\\EventBus->trigger()
#5 /var/www/indonesia-luxe/vendor/livewire/livewire/src/Mechanisms/HandleComponents/Checksum.php(22): Livewire\\trigger()
#6 /var/www/indonesia-luxe/vendor/livewire/livewire/src/Mechanisms/HandleComponents/HandleComponents.php(244): Livewire\\Mechanisms\\HandleComponents\\Checksum::verify()
#7 /var/www/indonesia-luxe/vendor/livewire/livewire/src/Mechanisms/HandleComponents/HandleComponents.php(210): Livewire\\Mechanisms\\HandleComponents\\HandleComponents->fromSnapshot()
#8 /var/www/indonesia-luxe/vendor/livewire/livewire/src/LivewireManager.php(131): Livewire\\Mechanisms\\HandleComponents\\HandleComponents->update()
#9 /var/www/indonesia-luxe/vendor/livewire/livewire/src/Mechanisms/HandleRequests/HandleRequests.php(156): Livewire\\LivewireManager->update()
#10 /var/www/indonesia-luxe/vendor/laravel/framework/src/Illuminate/Routing/ControllerDispatcher.php(46): Livewire\\Mechanisms\\HandleRequests\\HandleRequests->handleUpdate()
#11 /var/www/indonesia-luxe/vendor/laravel/framework/src/Illuminate/Routing/Route.php(265): Illuminate\\Routing\\ControllerDispatcher->dispatch()
#12 /var/www/indonesia-luxe/vendor/laravel/framework/src/Illuminate/Routing/Route.php(211): Illuminate\\Routing\\Route->runController()
#13 /var/www/indonesia-luxe/vendor/laravel/framework/src/Illuminate/Routing/Router.php(822): Illuminate\\Routing\\Route->run()
#14 /var/www/indonesia-luxe/vendor/laravel/framework/src/Illuminate/Pipeline/Pipeline.php(180): Illuminate\\Routing\\Router->{closure:Illuminate\\Routing\\Router::runRouteWithinStack():821}()
#15 /var/www/indonesia-luxe/vendor/laravel/boost/src/Middleware/InjectBoost.php(22): Illuminate\\Pipeline\\Pipeline->{closure:Illuminate\\Pipeline\\Pipeline::prepareDestination():178}()
#16 /var/www/indonesia-luxe/vendor/laravel/framework/src/Illuminate/Pipeline/Pipeline.php(219): Laravel\\Boost\\Middleware\\InjectBoost->handle()
#17 /var/www/indonesia-luxe/app/Http/Middleware/SetLocale.php(28): Illuminate\\Pipeline\\Pipeline->{closure:{closure:Illuminate\\Pipeline\\Pipeline::carry():194}:195}()
#18 /var/www/indonesia-luxe/vendor/laravel/framework/src/Illuminate/Pipeline/Pipeline.php(219): App\\Http\\Middleware\\SetLocale->handle()
#19 /var/www/indonesia-luxe/vendor/laravel/framework/src/Illuminate/Routing/Middleware/SubstituteBindings.php(50): Illuminate\\Pipeline\\Pipeline->{closure:{closure:Illuminate\\Pipeline\\Pipeline::carry():194}:195}()
#20 /var/www/indonesia-luxe/vendor/laravel/framework/src/Illuminate/Pipeline/Pipeline.php(219): Illuminate\\Routing\\Middleware\\SubstituteBindings->handle()
#21 /var/www/indonesia-luxe/vendor/laravel/framework/src/Illuminate/Foundation/Http/Middleware/VerifyCsrfToken.php(87): Illuminate\\Pipeline\\Pipeline->{closure:{closure:Illuminate\\Pipeline\\Pipeline::carry():194}:195}()
#22 /var/www/indonesia-luxe/vendor/laravel/framework/src/Illuminate/Pipeline/Pipeline.php(219): Illuminate\\Foundation\\Http\\Middleware\\VerifyCsrfToken->handle()
#23 /var/www/indonesia-luxe/vendor/laravel/framework/src/Illuminate/View/Middleware/ShareErrorsFromSession.php(48): Illuminate\\Pipeline\\Pipeline->{closure:{closure:Illuminate\\Pipeline\\Pipeline::carry():194}:195}()
#24 /var/www/indonesia-luxe/vendor/laravel/framework/src/Illuminate/Pipeline/Pipeline.php(219): Illuminate\\View\\Middleware\\ShareErrorsFromSession->handle()
#25 /var/www/indonesia-luxe/vendor/laravel/framework/src/Illuminate/Session/Middleware/StartSession.php(120): Illuminate\\Pipeline\\Pipeline->{closure:{closure:Illuminate\\Pipeline\\Pipeline::carry():194}:195}()
#26 /var/www/indonesia-luxe/vendor/laravel/framework/src/Illuminate/Session/Middleware/StartSession.php(63): Illuminate\\Session\\Middleware\\StartSession->handleStatefulRequest()
#27 /var/www/indonesia-luxe/vendor/laravel/framework/src/Illuminate/Pipeline/Pipeline.php(219): Illuminate\\Session\\Middleware\\StartSession->handle()
#28 /var/www/indonesia-luxe/vendor/laravel/framework/src/Illuminate/Cookie/Middleware/AddQueuedCookiesToResponse.php(36): Illuminate\\Pipeline\\Pipeline->{closure:{closure:Illuminate\\Pipeline\\Pipeline::carry():194}:195}()
#29 /var/www/indonesia-luxe/vendor/laravel/framework/src/Illuminate/Pipeline/Pipeline.php(219): Illuminate\\Cookie\\Middleware\\AddQueuedCookiesToResponse->handle()
#30 /var/www/indonesia-luxe/vendor/laravel/framework/src/Illuminate/Cookie/Middleware/EncryptCookies.php(74): Illuminate\\Pipeline\\Pipeline->{closure:{closure:Illuminate\\Pipeline\\Pipeline::carry():194}:195}()
#31 /var/www/indonesia-luxe/vendor/laravel/framework/src/Illuminate/Pipeline/Pipeline.php(219): Illuminate\\Cookie\\Middleware\\EncryptCookies->handle()
#32 /var/www/indonesia-luxe/vendor/laravel/framework/src/Illuminate/Pipeline/Pipeline.php(137): Illuminate\\Pipeline\\Pipeline->{closure:{closure:Illuminate\\Pipeline\\Pipeline::carry():194}:195}()
#33 /var/www/indonesia-luxe/vendor/laravel/framework/src/Illuminate/Routing/Router.php(821): Illuminate\\Pipeline\\Pipeline->then()
#34 /var/www/indonesia-luxe/vendor/laravel/framework/src/Illuminate/Routing/Router.php(800): Illuminate\\Routing\\Router->runRouteWithinStack()
#35 /var/www/indonesia-luxe/vendor/laravel/framework/src/Illuminate/Routing/Router.php(764): Illuminate\\Routing\\Router->runRoute()
#36 /var/www/indonesia-luxe/vendor/laravel/framework/src/Illuminate/Routing/Router.php(753): Illuminate\\Routing\\Router->dispatchToRoute()
#37 /var/www/indonesia-luxe/vendor/laravel/framework/src/Illuminate/Foundation/Http/Kernel.php(200): Illuminate\\Routing\\Router->dispatch()
#38 /var/www/indonesia-luxe/vendor/laravel/framework/src/Illuminate/Pipeline/Pipeline.php(180): Illuminate\\Foundation\\Http\\Kernel->{closure:Illuminate\\Foundation\\Http\\Kernel::dispatchToRouter():197}()
#39 /var/www/indonesia-luxe/vendor/livewire/livewire/src/Features/SupportDisablingBackButtonCache/DisableBackButtonCacheMiddleware.php(19): Illuminate\\Pipeline\\Pipeline->{closure:Illuminate\\Pipeline\\Pipeline::prepareDestination():178}()
#40 /var/www/indonesia-luxe/vendor/laravel/framework/src/Illuminate/Pipeline/Pipeline.php(219): Livewire\\Features\\SupportDisablingBackButtonCache\\DisableBackButtonCacheMiddleware->handle()
#41 /var/www/indonesia-luxe/vendor/laravel/framework/src/Illuminate/Foundation/Http/Middleware/ConvertEmptyStringsToNull.php(27): Illuminate\\Pipeline\\Pipeline->{closure:{closure:Illuminate\\Pipeline\\Pipeline::carry():194}:195}()
#42 /var/www/indonesia-luxe/vendor/laravel/framework/src/Illuminate/Pipeline/Pipeline.php(219): Illuminate\\Foundation\\Http\\Middleware\\ConvertEmptyStringsToNull->handle()
#43 /var/www/indonesia-luxe/vendor/laravel/framework/src/Illuminate/Foundation/Http/Middleware/TrimStrings.php(47): Illuminate\\Pipeline\\Pipeline->{closure:{closure:Illuminate\\Pipeline\\Pipeline::carry():194}:195}()
#44 /var/www/indonesia-luxe/vendor/laravel/framework/src/Illuminate/Pipeline/Pipeline.php(219): Illuminate\\Foundation\\Http\\Middleware\\TrimStrings->handle()
#45 /var/www/indonesia-luxe/vendor/laravel/framework/src/Illuminate/Http/Middleware/ValidatePostSize.php(27): Illuminate\\Pipeline\\Pipeline->{closure:{closure:Illuminate\\Pipeline\\Pipeline::carry():194}:195}()
#46 /var/www/indonesia-luxe/vendor/laravel/framework/src/Illuminate/Pipeline/Pipeline.php(219): Illuminate\\Http\\Middleware\\ValidatePostSize->handle()
#47 /var/www/indonesia-luxe/vendor/laravel/framework/src/Illuminate/Foundation/Http/Middleware/PreventRequestsDuringMaintenance.php(109): Illuminate\\Pipeline\\Pipeline->{closure:{closure:Illuminate\\Pipeline\\Pipeline::carry():194}:195}()
#48 /var/www/indonesia-luxe/vendor/laravel/framework/src/Illuminate/Pipeline/Pipeline.php(219): Illuminate\\Foundation\\Http\\Middleware\\PreventRequestsDuringMaintenance->handle()
#49 /var/www/indonesia-luxe/vendor/laravel/framework/src/Illuminate/Http/Middleware/HandleCors.php(61): Illuminate\\Pipeline\\Pipeline->{closure:{closure:Illuminate\\Pipeline\\Pipeline::carry():194}:195}()
#50 /var/www/indonesia-luxe/vendor/laravel/framework/src/Illuminate/Pipeline/Pipeline.php(219): Illuminate\\Http\\Middleware\\HandleCors->handle()
#51 /var/www/indonesia-luxe/vendor/laravel/framework/src/Illuminate/Http/Middleware/TrustProxies.php(58): Illuminate\\Pipeline\\Pipeline->{closure:{closure:Illuminate\\Pipeline\\Pipeline::carry():194}:195}()
#52 /var/www/indonesia-luxe/vendor/laravel/framework/src/Illuminate/Pipeline/Pipeline.php(219): Illuminate\\Http\\Middleware\\TrustProxies->handle()
#53 /var/www/indonesia-luxe/vendor/laravel/framework/src/Illuminate/Foundation/Http/Middleware/InvokeDeferredCallbacks.php(22): Illuminate\\Pipeline\\Pipeline->{closure:{closure:Illuminate\\Pipeline\\Pipeline::carry():194}:195}()
#54 /var/www/indonesia-luxe/vendor/laravel/framework/src/Illuminate/Pipeline/Pipeline.php(219): Illuminate\\Foundation\\Http\\Middleware\\InvokeDeferredCallbacks->handle()
#55 /var/www/indonesia-luxe/vendor/laravel/framework/src/Illuminate/Http/Middleware/ValidatePathEncoding.php(26): Illuminate\\Pipeline\\Pipeline->{closure:{closure:Illuminate\\Pipeline\\Pipeline::carry():194}:195}()
#56 /var/www/indonesia-luxe/vendor/laravel/framework/src/Illuminate/Pipeline/Pipeline.php(219): Illuminate\\Http\\Middleware\\ValidatePathEncoding->handle()
#57 /var/www/indonesia-luxe/vendor/laravel/framework/src/Illuminate/Pipeline/Pipeline.php(137): Illuminate\\Pipeline\\Pipeline->{closure:{closure:Illuminate\\Pipeline\\Pipeline::carry():194}:195}()
#58 /var/www/indonesia-luxe/vendor/laravel/framework/src/Illuminate/Foundation/Http/Kernel.php(175): Illuminate\\Pipeline\\Pipeline->then()
#59 /var/www/indonesia-luxe/vendor/laravel/framework/src/Illuminate/Foundation/Http/Kernel.php(144): Illuminate\\Foundation\\Http\\Kernel->sendRequestThroughRouter()
#60 /var/www/indonesia-luxe/vendor/laravel/framework/src/Illuminate/Foundation/Application.php(1220): Illuminate\\Foundation\\Http\\Kernel->handle()
#61 /var/www/indonesia-luxe/public/index.php(20): Illuminate\\Foundation\\Application->handleRequest()
#62 {main}
"} 
[2026-06-11 05:31:22] local.ERROR: Unable to find component: [filament.livewire.database-notifications] {"exception":"[object] (Livewire\\Exceptions\\ComponentNotFoundException(code: 0): Unable to find component: [filament.livewire.database-notifications] at /var/www/indonesia-luxe/vendor/livewire/livewire/src/Factory/Factory.php:76)
[stacktrace]
#0 /var/www/indonesia-luxe/vendor/livewire/livewire/src/Factory/Factory.php(88): Livewire\\Factory\\Factory->resolveComponentNameAndClass()
#1 /var/www/indonesia-luxe/vendor/livewire/livewire/src/Features/SupportReleaseTokens/ReleaseToken.php(15): Livewire\\Factory\\Factory->resolveComponentClass()
#2 /var/www/indonesia-luxe/vendor/livewire/livewire/src/Features/SupportReleaseTokens/SupportReleaseTokens.php(20): Livewire\\Features\\SupportReleaseTokens\\ReleaseToken::verify()
#3 /var/www/indonesia-luxe/vendor/livewire/livewire/src/EventBus.php(87): Livewire\\Features\\SupportReleaseTokens\\SupportReleaseTokens::{closure:Livewire\\Features\\SupportReleaseTokens\\SupportReleaseTokens::provide():19}()
#4 /var/www/indonesia-luxe/vendor/livewire/livewire/src/helpers.php(98): Livewire\\EventBus->trigger()
#5 /var/www/indonesia-luxe/vendor/livewire/livewire/src/Mechanisms/HandleComponents/Checksum.php(22): Livewire\\trigger()
#6 /var/www/indonesia-luxe/vendor/livewire/livewire/src/Mechanisms/HandleComponents/HandleComponents.php(244): Livewire\\Mechanisms\\HandleComponents\\Checksum::verify()
#7 /var/www/indonesia-luxe/vendor/livewire/livewire/src/Mechanisms/HandleComponents/HandleComponents.php(210): Livewire\\Mechanisms\\HandleComponents\\HandleComponents->fromSnapshot()
#8 /var/www/indonesia-luxe/vendor/livewire/livewire/src/LivewireManager.php(131): Livewire\\Mechanisms\\HandleComponents\\HandleComponents->update()
#9 /var/www/indonesia-luxe/vendor/livewire/livewire/src/Mechanisms/HandleRequests/HandleRequests.php(156): Livewire\\LivewireManager->update()
#10 /var/www/indonesia-luxe/vendor/laravel/framework/src/Illuminate/Routing/ControllerDispatcher.php(46): Livewire\\Mechanisms\\HandleRequests\\HandleRequests->handleUpdate()
#11 /var/www/indonesia-luxe/vendor/laravel/framework/src/Illuminate/Routing/Route.php(265): Illuminate\\Routing\\ControllerDispatcher->dispatch()
#12 /var/www/indonesia-luxe/vendor/laravel/framework/src/Illuminate/Routing/Route.php(211): Illuminate\\Routing\\Route->runController()
#13 /var/www/indonesia-luxe/vendor/laravel/framework/src/Illuminate/Routing/Router.php(822): Illuminate\\Routing\\Route->run()
#14 /var/www/indonesia-luxe/vendor/laravel/framework/src/Illuminate/Pipeline/Pipeline.php(180): Illuminate\\Routing\\Router->{closure:Illuminate\\Routing\\Router::runRouteWithinStack():821}()
#15 /var/www/indonesia-luxe/vendor/laravel/boost/src/Middleware/InjectBoost.php(22): Illuminate\\Pipeline\\Pipeline->{closure:Illuminate\\Pipeline\\Pipeline::prepareDestination():178}()
#16 /var/www/indonesia-luxe/vendor/laravel/framework/src/Illuminate/Pipeline/Pipeline.php(219): Laravel\\Boost\\Middleware\\InjectBoost->handle()
#17 /var/www/indonesia-luxe/app/Http/Middleware/SetLocale.php(28): Illuminate\\Pipeline\\Pipeline->{closure:{closure:Illuminate\\Pipeline\\Pipeline::carry():194}:195}()
#18 /var/www/indonesia-luxe/vendor/laravel/framework/src/Illuminate/Pipeline/Pipeline.php(219): App\\Http\\Middleware\\SetLocale->handle()
#19 /var/www/indonesia-luxe/vendor/laravel/framework/src/Illuminate/Routing/Middleware/SubstituteBindings.php(50): Illuminate\\Pipeline\\Pipeline->{closure:{closure:Illuminate\\Pipeline\\Pipeline::carry():194}:195}()
#20 /var/www/indonesia-luxe/vendor/laravel/framework/src/Illuminate/Pipeline/Pipeline.php(219): Illuminate\\Routing\\Middleware\\SubstituteBindings->handle()
#21 /var/www/indonesia-luxe/vendor/laravel/framework/src/Illuminate/Foundation/Http/Middleware/VerifyCsrfToken.php(87): Illuminate\\Pipeline\\Pipeline->{closure:{closure:Illuminate\\Pipeline\\Pipeline::carry():194}:195}()
#22 /var/www/indonesia-luxe/vendor/laravel/framework/src/Illuminate/Pipeline/Pipeline.php(219): Illuminate\\Foundation\\Http\\Middleware\\VerifyCsrfToken->handle()
#23 /var/www/indonesia-luxe/vendor/laravel/framework/src/Illuminate/View/Middleware/ShareErrorsFromSession.php(48): Illuminate\\Pipeline\\Pipeline->{closure:{closure:Illuminate\\Pipeline\\Pipeline::carry():194}:195}()
#24 /var/www/indonesia-luxe/vendor/laravel/framework/src/Illuminate/Pipeline/Pipeline.php(219): Illuminate\\View\\Middleware\\ShareErrorsFromSession->handle()
#25 /var/www/indonesia-luxe/vendor/laravel/framework/src/Illuminate/Session/Middleware/StartSession.php(120): Illuminate\\Pipeline\\Pipeline->{closure:{closure:Illuminate\\Pipeline\\Pipeline::carry():194}:195}()
#26 /var/www/indonesia-luxe/vendor/laravel/framework/src/Illuminate/Session/Middleware/StartSession.php(63): Illuminate\\Session\\Middleware\\StartSession->handleStatefulRequest()
#27 /var/www/indonesia-luxe/vendor/laravel/framework/src/Illuminate/Pipeline/Pipeline.php(219): Illuminate\\Session\\Middleware\\StartSession->handle()
#28 /var/www/indonesia-luxe/vendor/laravel/framework/src/Illuminate/Cookie/Middleware/AddQueuedCookiesToResponse.php(36): Illuminate\\Pipeline\\Pipeline->{closure:{closure:Illuminate\\Pipeline\\Pipeline::carry():194}:195}()
#29 /var/www/indonesia-luxe/vendor/laravel/framework/src/Illuminate/Pipeline/Pipeline.php(219): Illuminate\\Cookie\\Middleware\\AddQueuedCookiesToResponse->handle()
#30 /var/www/indonesia-luxe/vendor/laravel/framework/src/Illuminate/Cookie/Middleware/EncryptCookies.php(74): Illuminate\\Pipeline\\Pipeline->{closure:{closure:Illuminate\\Pipeline\\Pipeline::carry():194}:195}()
#31 /var/www/indonesia-luxe/vendor/laravel/framework/src/Illuminate/Pipeline/Pipeline.php(219): Illuminate\\Cookie\\Middleware\\EncryptCookies->handle()
#32 /var/www/indonesia-luxe/vendor/laravel/framework/src/Illuminate/Pipeline/Pipeline.php(137): Illuminate\\Pipeline\\Pipeline->{closure:{closure:Illuminate\\Pipeline\\Pipeline::carry():194}:195}()
#33 /var/www/indonesia-luxe/vendor/laravel/framework/src/Illuminate/Routing/Router.php(821): Illuminate\\Pipeline\\Pipeline->then()
#34 /var/www/indonesia-luxe/vendor/laravel/framework/src/Illuminate/Routing/Router.php(800): Illuminate\\Routing\\Router->runRouteWithinStack()
#35 /var/www/indonesia-luxe/vendor/laravel/framework/src/Illuminate/Routing/Router.php(764): Illuminate\\Routing\\Router->runRoute()
#36 /var/www/indonesia-luxe/vendor/laravel/framework/src/Illuminate/Routing/Router.php(753): Illuminate\\Routing\\Router->dispatchToRoute()
#37 /var/www/indonesia-luxe/vendor/laravel/framework/src/Illuminate/Foundation/Http/Kernel.php(200): Illuminate\\Routing\\Router->dispatch()
#38 /var/www/indonesia-luxe/vendor/laravel/framework/src/Illuminate/Pipeline/Pipeline.php(180): Illuminate\\Foundation\\Http\\Kernel->{closure:Illuminate\\Foundation\\Http\\Kernel::dispatchToRouter():197}()
#39 /var/www/indonesia-luxe/vendor/livewire/livewire/src/Features/SupportDisablingBackButtonCache/DisableBackButtonCacheMiddleware.php(19): Illuminate\\Pipeline\\Pipeline->{closure:Illuminate\\Pipeline\\Pipeline::prepareDestination():178}()
#40 /var/www/indonesia-luxe/vendor/laravel/framework/src/Illuminate/Pipeline/Pipeline.php(219): Livewire\\Features\\SupportDisablingBackButtonCache\\DisableBackButtonCacheMiddleware->handle()
#41 /var/www/indonesia-luxe/vendor/laravel/framework/src/Illuminate/Foundation/Http/Middleware/ConvertEmptyStringsToNull.php(27): Illuminate\\Pipeline\\Pipeline->{closure:{closure:Illuminate\\Pipeline\\Pipeline::carry():194}:195}()
#42 /var/www/indonesia-luxe/vendor/laravel/framework/src/Illuminate/Pipeline/Pipeline.php(219): Illuminate\\Foundation\\Http\\Middleware\\ConvertEmptyStringsToNull->handle()
#43 /var/www/indonesia-luxe/vendor/laravel/framework/src/Illuminate/Foundation/Http/Middleware/TrimStrings.php(47): Illuminate\\Pipeline\\Pipeline->{closure:{closure:Illuminate\\Pipeline\\Pipeline::carry():194}:195}()
#44 /var/www/indonesia-luxe/vendor/laravel/framework/src/Illuminate/Pipeline/Pipeline.php(219): Illuminate\\Foundation\\Http\\Middleware\\TrimStrings->handle()
#45 /var/www/indonesia-luxe/vendor/laravel/framework/src/Illuminate/Http/Middleware/ValidatePostSize.php(27): Illuminate\\Pipeline\\Pipeline->{closure:{closure:Illuminate\\Pipeline\\Pipeline::carry():194}:195}()
#46 /var/www/indonesia-luxe/vendor/laravel/framework/src/Illuminate/Pipeline/Pipeline.php(219): Illuminate\\Http\\Middleware\\ValidatePostSize->handle()
#47 /var/www/indonesia-luxe/vendor/laravel/framework/src/Illuminate/Foundation/Http/Middleware/PreventRequestsDuringMaintenance.php(109): Illuminate\\Pipeline\\Pipeline->{closure:{closure:Illuminate\\Pipeline\\Pipeline::carry():194}:195}()
#48 /var/www/indonesia-luxe/vendor/laravel/framework/src/Illuminate/Pipeline/Pipeline.php(219): Illuminate\\Foundation\\Http\\Middleware\\PreventRequestsDuringMaintenance->handle()
#49 /var/www/indonesia-luxe/vendor/laravel/framework/src/Illuminate/Http/Middleware/HandleCors.php(61): Illuminate\\Pipeline\\Pipeline->{closure:{closure:Illuminate\\Pipeline\\Pipeline::carry():194}:195}()
#50 /var/www/indonesia-luxe/vendor/laravel/framework/src/Illuminate/Pipeline/Pipeline.php(219): Illuminate\\Http\\Middleware\\HandleCors->handle()
#51 /var/www/indonesia-luxe/vendor/laravel/framework/src/Illuminate/Http/Middleware/TrustProxies.php(58): Illuminate\\Pipeline\\Pipeline->{closure:{closure:Illuminate\\Pipeline\\Pipeline::carry():194}:195}()
#52 /var/www/indonesia-luxe/vendor/laravel/framework/src/Illuminate/Pipeline/Pipeline.php(219): Illuminate\\Http\\Middleware\\TrustProxies->handle()
#53 /var/www/indonesia-luxe/vendor/laravel/framework/src/Illuminate/Foundation/Http/Middleware/InvokeDeferredCallbacks.php(22): Illuminate\\Pipeline\\Pipeline->{closure:{closure:Illuminate\\Pipeline\\Pipeline::carry():194}:195}()
#54 /var/www/indonesia-luxe/vendor/laravel/framework/src/Illuminate/Pipeline/Pipeline.php(219): Illuminate\\Foundation\\Http\\Middleware\\InvokeDeferredCallbacks->handle()
#55 /var/www/indonesia-luxe/vendor/laravel/framework/src/Illuminate/Http/Middleware/ValidatePathEncoding.php(26): Illuminate\\Pipeline\\Pipeline->{closure:{closure:Illuminate\\Pipeline\\Pipeline::carry():194}:195}()
#56 /var/www/indonesia-luxe/vendor/laravel/framework/src/Illuminate/Pipeline/Pipeline.php(219): Illuminate\\Http\\Middleware\\ValidatePathEncoding->handle()
#57 /var/www/indonesia-luxe/vendor/laravel/framework/src/Illuminate/Pipeline/Pipeline.php(137): Illuminate\\Pipeline\\Pipeline->{closure:{closure:Illuminate\\Pipeline\\Pipeline::carry():194}:195}()
#58 /var/www/indonesia-luxe/vendor/laravel/framework/src/Illuminate/Foundation/Http/Kernel.php(175): Illuminate\\Pipeline\\Pipeline->then()
#59 /var/www/indonesia-luxe/vendor/laravel/framework/src/Illuminate/Foundation/Http/Kernel.php(144): Illuminate\\Foundation\\Http\\Kernel->sendRequestThroughRouter()
#60 /var/www/indonesia-luxe/vendor/laravel/framework/src/Illuminate/Foundation/Application.php(1220): Illuminate\\Foundation\\Http\\Kernel->handle()
#61 /var/www/indonesia-luxe/public/index.php(20): Illuminate\\Foundation\\Application->handleRequest()
#62 {main}
"} 
[2026-06-11 05:31:23] local.ERROR: Unable to find component: [filament.livewire.database-notifications] {"exception":"[object] (Livewire\\Exceptions\\ComponentNotFoundException(code: 0): Unable to find component: [filament.livewire.database-notifications] at /var/www/indonesia-luxe/vendor/livewire/livewire/src/Factory/Factory.php:76)
[stacktrace]
#0 /var/www/indonesia-luxe/vendor/livewire/livewire/src/Factory/Factory.php(88): Livewire\\Factory\\Factory->resolveComponentNameAndClass()
#1 /var/www/indonesia-luxe/vendor/livewire/livewire/src/Features/SupportReleaseTokens/ReleaseToken.php(15): Livewire\\Factory\\Factory->resolveComponentClass()
#2 /var/www/indonesia-luxe/vendor/livewire/livewire/src/Features/SupportReleaseTokens/SupportReleaseTokens.php(20): Livewire\\Features\\SupportReleaseTokens\\ReleaseToken::verify()
#3 /var/www/indonesia-luxe/vendor/livewire/livewire/src/EventBus.php(87): Livewire\\Features\\SupportReleaseTokens\\SupportReleaseTokens::{closure:Livewire\\Features\\SupportReleaseTokens\\SupportReleaseTokens::provide():19}()
#4 /var/www/indonesia-luxe/vendor/livewire/livewire/src/helpers.php(98): Livewire\\EventBus->trigger()
#5 /var/www/indonesia-luxe/vendor/livewire/livewire/src/Mechanisms/HandleComponents/Checksum.php(22): Livewire\\trigger()
#6 /var/www/indonesia-luxe/vendor/livewire/livewire/src/Mechanisms/HandleComponents/HandleComponents.php(244): Livewire\\Mechanisms\\HandleComponents\\Checksum::verify()
#7 /var/www/indonesia-luxe/vendor/livewire/livewire/src/Mechanisms/HandleComponents/HandleComponents.php(210): Livewire\\Mechanisms\\HandleComponents\\HandleComponents->fromSnapshot()
#8 /var/www/indonesia-luxe/vendor/livewire/livewire/src/LivewireManager.php(131): Livewire\\Mechanisms\\HandleComponents\\HandleComponents->update()
#9 /var/www/indonesia-luxe/vendor/livewire/livewire/src/Mechanisms/HandleRequests/HandleRequests.php(156): Livewire\\LivewireManager->update()
#10 /var/www/indonesia-luxe/vendor/laravel/framework/src/Illuminate/Routing/ControllerDispatcher.php(46): Livewire\\Mechanisms\\HandleRequests\\HandleRequests->handleUpdate()
#11 /var/www/indonesia-luxe/vendor/laravel/framework/src/Illuminate/Routing/Route.php(265): Illuminate\\Routing\\ControllerDispatcher->dispatch()
#12 /var/www/indonesia-luxe/vendor/laravel/framework/src/Illuminate/Routing/Route.php(211): Illuminate\\Routing\\Route->runController()
#13 /var/www/indonesia-luxe/vendor/laravel/framework/src/Illuminate/Routing/Router.php(822): Illuminate\\Routing\\Route->run()
#14 /var/www/indonesia-luxe/vendor/laravel/framework/src/Illuminate/Pipeline/Pipeline.php(180): Illuminate\\Routing\\Router->{closure:Illuminate\\Routing\\Router::runRouteWithinStack():821}()
#15 /var/www/indonesia-luxe/vendor/laravel/boost/src/Middleware/InjectBoost.php(22): Illuminate\\Pipeline\\Pipeline->{closure:Illuminate\\Pipeline\\Pipeline::prepareDestination():178}()
#16 /var/www/indonesia-luxe/vendor/laravel/framework/src/Illuminate/Pipeline/Pipeline.php(219): Laravel\\Boost\\Middleware\\InjectBoost->handle()
#17 /var/www/indonesia-luxe/app/Http/Middleware/SetLocale.php(28): Illuminate\\Pipeline\\Pipeline->{closure:{closure:Illuminate\\Pipeline\\Pipeline::carry():194}:195}()
#18 /var/www/indonesia-luxe/vendor/laravel/framework/src/Illuminate/Pipeline/Pipeline.php(219): App\\Http\\Middleware\\SetLocale->handle()
#19 /var/www/indonesia-luxe/vendor/laravel/framework/src/Illuminate/Routing/Middleware/SubstituteBindings.php(50): Illuminate\\Pipeline\\Pipeline->{closure:{closure:Illuminate\\Pipeline\\Pipeline::carry():194}:195}()
#20 /var/www/indonesia-luxe/vendor/laravel/framework/src/Illuminate/Pipeline/Pipeline.php(219): Illuminate\\Routing\\Middleware\\SubstituteBindings->handle()
#21 /var/www/indonesia-luxe/vendor/laravel/framework/src/Illuminate/Foundation/Http/Middleware/VerifyCsrfToken.php(87): Illuminate\\Pipeline\\Pipeline->{closure:{closure:Illuminate\\Pipeline\\Pipeline::carry():194}:195}()
#22 /var/www/indonesia-luxe/vendor/laravel/framework/src/Illuminate/Pipeline/Pipeline.php(219): Illuminate\\Foundation\\Http\\Middleware\\VerifyCsrfToken->handle()
#23 /var/www/indonesia-luxe/vendor/laravel/framework/src/Illuminate/View/Middleware/ShareErrorsFromSession.php(48): Illuminate\\Pipeline\\Pipeline->{closure:{closure:Illuminate\\Pipeline\\Pipeline::carry():194}:195}()
#24 /var/www/indonesia-luxe/vendor/laravel/framework/src/Illuminate/Pipeline/Pipeline.php(219): Illuminate\\View\\Middleware\\ShareErrorsFromSession->handle()
#25 /var/www/indonesia-luxe/vendor/laravel/framework/src/Illuminate/Session/Middleware/StartSession.php(120): Illuminate\\Pipeline\\Pipeline->{closure:{closure:Illuminate\\Pipeline\\Pipeline::carry():194}:195}()
#26 /var/www/indonesia-luxe/vendor/laravel/framework/src/Illuminate/Session/Middleware/StartSession.php(63): Illuminate\\Session\\Middleware\\StartSession->handleStatefulRequest()
#27 /var/www/indonesia-luxe/vendor/laravel/framework/src/Illuminate/Pipeline/Pipeline.php(219): Illuminate\\Session\\Middleware\\StartSession->handle()
#28 /var/www/indonesia-luxe/vendor/laravel/framework/src/Illuminate/Cookie/Middleware/AddQueuedCookiesToResponse.php(36): Illuminate\\Pipeline\\Pipeline->{closure:{closure:Illuminate\\Pipeline\\Pipeline::carry():194}:195}()
#29 /var/www/indonesia-luxe/vendor/laravel/framework/src/Illuminate/Pipeline/Pipeline.php(219): Illuminate\\Cookie\\Middleware\\AddQueuedCookiesToResponse->handle()
#30 /var/www/indonesia-luxe/vendor/laravel/framework/src/Illuminate/Cookie/Middleware/EncryptCookies.php(74): Illuminate\\Pipeline\\Pipeline->{closure:{closure:Illuminate\\Pipeline\\Pipeline::carry():194}:195}()
#31 /var/www/indonesia-luxe/vendor/laravel/framework/src/Illuminate/Pipeline/Pipeline.php(219): Illuminate\\Cookie\\Middleware\\EncryptCookies->handle()
#32 /var/www/indonesia-luxe/vendor/laravel/framework/src/Illuminate/Pipeline/Pipeline.php(137): Illuminate\\Pipeline\\Pipeline->{closure:{closure:Illuminate\\Pipeline\\Pipeline::carry():194}:195}()
#33 /var/www/indonesia-luxe/vendor/laravel/framework/src/Illuminate/Routing/Router.php(821): Illuminate\\Pipeline\\Pipeline->then()
#34 /var/www/indonesia-luxe/vendor/laravel/framework/src/Illuminate/Routing/Router.php(800): Illuminate\\Routing\\Router->runRouteWithinStack()
#35 /var/www/indonesia-luxe/vendor/laravel/framework/src/Illuminate/Routing/Router.php(764): Illuminate\\Routing\\Router->runRoute()
#36 /var/www/indonesia-luxe/vendor/laravel/framework/src/Illuminate/Routing/Router.php(753): Illuminate\\Routing\\Router->dispatchToRoute()
#37 /var/www/indonesia-luxe/vendor/laravel/framework/src/Illuminate/Foundation/Http/Kernel.php(200): Illuminate\\Routing\\Router->dispatch()
#38 /var/www/indonesia-luxe/vendor/laravel/framework/src/Illuminate/Pipeline/Pipeline.php(180): Illuminate\\Foundation\\Http\\Kernel->{closure:Illuminate\\Foundation\\Http\\Kernel::dispatchToRouter():197}()
#39 /var/www/indonesia-luxe/vendor/livewire/livewire/src/Features/SupportDisablingBackButtonCache/DisableBackButtonCacheMiddleware.php(19): Illuminate\\Pipeline\\Pipeline->{closure:Illuminate\\Pipeline\\Pipeline::prepareDestination():178}()
#40 /var/www/indonesia-luxe/vendor/laravel/framework/src/Illuminate/Pipeline/Pipeline.php(219): Livewire\\Features\\SupportDisablingBackButtonCache\\DisableBackButtonCacheMiddleware->handle()
#41 /var/www/indonesia-luxe/vendor/laravel/framework/src/Illuminate/Foundation/Http/Middleware/ConvertEmptyStringsToNull.php(27): Illuminate\\Pipeline\\Pipeline->{closure:{closure:Illuminate\\Pipeline\\Pipeline::carry():194}:195}()
#42 /var/www/indonesia-luxe/vendor/laravel/framework/src/Illuminate/Pipeline/Pipeline.php(219): Illuminate\\Foundation\\Http\\Middleware\\ConvertEmptyStringsToNull->handle()
#43 /var/www/indonesia-luxe/vendor/laravel/framework/src/Illuminate/Foundation/Http/Middleware/TrimStrings.php(47): Illuminate\\Pipeline\\Pipeline->{closure:{closure:Illuminate\\Pipeline\\Pipeline::carry():194}:195}()
#44 /var/www/indonesia-luxe/vendor/laravel/framework/src/Illuminate/Pipeline/Pipeline.php(219): Illuminate\\Foundation\\Http\\Middleware\\TrimStrings->handle()
#45 /var/www/indonesia-luxe/vendor/laravel/framework/src/Illuminate/Http/Middleware/ValidatePostSize.php(27): Illuminate\\Pipeline\\Pipeline->{closure:{closure:Illuminate\\Pipeline\\Pipeline::carry():194}:195}()
#46 /var/www/indonesia-luxe/vendor/laravel/framework/src/Illuminate/Pipeline/Pipeline.php(219): Illuminate\\Http\\Middleware\\ValidatePostSize->handle()
#47 /var/www/indonesia-luxe/vendor/laravel/framework/src/Illuminate/Foundation/Http/Middleware/PreventRequestsDuringMaintenance.php(109): Illuminate\\Pipeline\\Pipeline->{closure:{closure:Illuminate\\Pipeline\\Pipeline::carry():194}:195}()
#48 /var/www/indonesia-luxe/vendor/laravel/framework/src/Illuminate/Pipeline/Pipeline.php(219): Illuminate\\Foundation\\Http\\Middleware\\PreventRequestsDuringMaintenance->handle()
#49 /var/www/indonesia-luxe/vendor/laravel/framework/src/Illuminate/Http/Middleware/HandleCors.php(61): Illuminate\\Pipeline\\Pipeline->{closure:{closure:Illuminate\\Pipeline\\Pipeline::carry():194}:195}()
#50 /var/www/indonesia-luxe/vendor/laravel/framework/src/Illuminate/Pipeline/Pipeline.php(219): Illuminate\\Http\\Middleware\\HandleCors->handle()
#51 /var/www/indonesia-luxe/vendor/laravel/framework/src/Illuminate/Http/Middleware/TrustProxies.php(58): Illuminate\\Pipeline\\Pipeline->{closure:{closure:Illuminate\\Pipeline\\Pipeline::carry():194}:195}()
#52 /var/www/indonesia-luxe/vendor/laravel/framework/src/Illuminate/Pipeline/Pipeline.php(219): Illuminate\\Http\\Middleware\\TrustProxies->handle()
#53 /var/www/indonesia-luxe/vendor/laravel/framework/src/Illuminate/Foundation/Http/Middleware/InvokeDeferredCallbacks.php(22): Illuminate\\Pipeline\\Pipeline->{closure:{closure:Illuminate\\Pipeline\\Pipeline::carry():194}:195}()
#54 /var/www/indonesia-luxe/vendor/laravel/framework/src/Illuminate/Pipeline/Pipeline.php(219): Illuminate\\Foundation\\Http\\Middleware\\InvokeDeferredCallbacks->handle()
#55 /var/www/indonesia-luxe/vendor/laravel/framework/src/Illuminate/Http/Middleware/ValidatePathEncoding.php(26): Illuminate\\Pipeline\\Pipeline->{closure:{closure:Illuminate\\Pipeline\\Pipeline::carry():194}:195}()
#56 /var/www/indonesia-luxe/vendor/laravel/framework/src/Illuminate/Pipeline/Pipeline.php(219): Illuminate\\Http\\Middleware\\ValidatePathEncoding->handle()
#57 /var/www/indonesia-luxe/vendor/laravel/framework/src/Illuminate/Pipeline/Pipeline.php(137): Illuminate\\Pipeline\\Pipeline->{closure:{closure:Illuminate\\Pipeline\\Pipeline::carry():194}:195}()
#58 /var/www/indonesia-luxe/vendor/laravel/framework/src/Illuminate/Foundation/Http/Kernel.php(175): Illuminate\\Pipeline\\Pipeline->then()
#59 /var/www/indonesia-luxe/vendor/laravel/framework/src/Illuminate/Foundation/Http/Kernel.php(144): Illuminate\\Foundation\\Http\\Kernel->sendRequestThroughRouter()
#60 /var/www/indonesia-luxe/vendor/laravel/framework/src/Illuminate/Foundation/Application.php(1220): Illuminate\\Foundation\\Http\\Kernel->handle()
#61 /var/www/indonesia-luxe/public/index.php(20): Illuminate\\Foundation\\Application->handleRequest()
#62 {main}
"} 
[2026-06-11 05:31:23] local.ERROR: Unable to find component: [auth.login] {"exception":"[object] (Livewire\\Exceptions\\ComponentNotFoundException(code: 0): Unable to find component: [auth.login] at /var/www/indonesia-luxe/vendor/livewire/livewire/src/Factory/Factory.php:76)
[stacktrace]
#0 /var/www/indonesia-luxe/vendor/livewire/livewire/src/Factory/Factory.php(88): Livewire\\Factory\\Factory->resolveComponentNameAndClass()
#1 /var/www/indonesia-luxe/vendor/livewire/livewire/src/Features/SupportReleaseTokens/ReleaseToken.php(15): Livewire\\Factory\\Factory->resolveComponentClass()
#2 /var/www/indonesia-luxe/vendor/livewire/livewire/src/Features/SupportReleaseTokens/SupportReleaseTokens.php(20): Livewire\\Features\\SupportReleaseTokens\\ReleaseToken::verify()
#3 /var/www/indonesia-luxe/vendor/livewire/livewire/src/EventBus.php(87): Livewire\\Features\\SupportReleaseTokens\\SupportReleaseTokens::{closure:Livewire\\Features\\SupportReleaseTokens\\SupportReleaseTokens::provide():19}()
#4 /var/www/indonesia-luxe/vendor/livewire/livewire/src/helpers.php(98): Livewire\\EventBus->trigger()
#5 /var/www/indonesia-luxe/vendor/livewire/livewire/src/Mechanisms/HandleComponents/Checksum.php(22): Livewire\\trigger()
#6 /var/www/indonesia-luxe/vendor/livewire/livewire/src/Mechanisms/HandleComponents/HandleComponents.php(244): Livewire\\Mechanisms\\HandleComponents\\Checksum::verify()
#7 /var/www/indonesia-luxe/vendor/livewire/livewire/src/Mechanisms/HandleComponents/HandleComponents.php(210): Livewire\\Mechanisms\\HandleComponents\\HandleComponents->fromSnapshot()
#8 /var/www/indonesia-luxe/vendor/livewire/livewire/src/LivewireManager.php(131): Livewire\\Mechanisms\\HandleComponents\\HandleComponents->update()
#9 /var/www/indonesia-luxe/vendor/livewire/livewire/src/Mechanisms/HandleRequests/HandleRequests.php(156): Livewire\\LivewireManager->update()
#10 /var/www/indonesia-luxe/vendor/laravel/framework/src/Illuminate/Routing/ControllerDispatcher.php(46): Livewire\\Mechanisms\\HandleRequests\\HandleRequests->handleUpdate()
#11 /var/www/indonesia-luxe/vendor/laravel/framework/src/Illuminate/Routing/Route.php(265): Illuminate\\Routing\\ControllerDispatcher->dispatch()
#12 /var/www/indonesia-luxe/vendor/laravel/framework/src/Illuminate/Routing/Route.php(211): Illuminate\\Routing\\Route->runController()
#13 /var/www/indonesia-luxe/vendor/laravel/framework/src/Illuminate/Routing/Router.php(822): Illuminate\\Routing\\Route->run()
#14 /var/www/indonesia-luxe/vendor/laravel/framework/src/Illuminate/Pipeline/Pipeline.php(180): Illuminate\\Routing\\Router->{closure:Illuminate\\Routing\\Router::runRouteWithinStack():821}()
#15 /var/www/indonesia-luxe/vendor/laravel/boost/src/Middleware/InjectBoost.php(22): Illuminate\\Pipeline\\Pipeline->{closure:Illuminate\\Pipeline\\Pipeline::prepareDestination():178}()
#16 /var/www/indonesia-luxe/vendor/laravel/framework/src/Illuminate/Pipeline/Pipeline.php(219): Laravel\\Boost\\Middleware\\InjectBoost->handle()
#17 /var/www/indonesia-luxe/app/Http/Middleware/SetLocale.php(28): Illuminate\\Pipeline\\Pipeline->{closure:{closure:Illuminate\\Pipeline\\Pipeline::carry():194}:195}()
#18 /var/www/indonesia-luxe/vendor/laravel/framework/src/Illuminate/Pipeline/Pipeline.php(219): App\\Http\\Middleware\\SetLocale->handle()
#19 /var/www/indonesia-luxe/vendor/laravel/framework/src/Illuminate/Routing/Middleware/SubstituteBindings.php(50): Illuminate\\Pipeline\\Pipeline->{closure:{closure:Illuminate\\Pipeline\\Pipeline::carry():194}:195}()
#20 /var/www/indonesia-luxe/vendor/laravel/framework/src/Illuminate/Pipeline/Pipeline.php(219): Illuminate\\Routing\\Middleware\\SubstituteBindings->handle()
#21 /var/www/indonesia-luxe/vendor/laravel/framework/src/Illuminate/Foundation/Http/Middleware/VerifyCsrfToken.php(87): Illuminate\\Pipeline\\Pipeline->{closure:{closure:Illuminate\\Pipeline\\Pipeline::carry():194}:195}()
#22 /var/www/indonesia-luxe/vendor/laravel/framework/src/Illuminate/Pipeline/Pipeline.php(219): Illuminate\\Foundation\\Http\\Middleware\\VerifyCsrfToken->handle()
#23 /var/www/indonesia-luxe/vendor/laravel/framework/src/Illuminate/View/Middleware/ShareErrorsFromSession.php(48): Illuminate\\Pipeline\\Pipeline->{closure:{closure:Illuminate\\Pipeline\\Pipeline::carry():194}:195}()
#24 /var/www/indonesia-luxe/vendor/laravel/framework/src/Illuminate/Pipeline/Pipeline.php(219): Illuminate\\View\\Middleware\\ShareErrorsFromSession->handle()
#25 /var/www/indonesia-luxe/vendor/laravel/framework/src/Illuminate/Session/Middleware/StartSession.php(120): Illuminate\\Pipeline\\Pipeline->{closure:{closure:Illuminate\\Pipeline\\Pipeline::carry():194}:195}()
#26 /var/www/indonesia-luxe/vendor/laravel/framework/src/Illuminate/Session/Middleware/StartSession.php(63): Illuminate\\Session\\Middleware\\StartSession->handleStatefulRequest()
#27 /var/www/indonesia-luxe/vendor/laravel/framework/src/Illuminate/Pipeline/Pipeline.php(219): Illuminate\\Session\\Middleware\\StartSession->handle()
#28 /var/www/indonesia-luxe/vendor/laravel/framework/src/Illuminate/Cookie/Middleware/AddQueuedCookiesToResponse.php(36): Illuminate\\Pipeline\\Pipeline->{closure:{closure:Illuminate\\Pipeline\\Pipeline::carry():194}:195}()
#29 /var/www/indonesia-luxe/vendor/laravel/framework/src/Illuminate/Pipeline/Pipeline.php(219): Illuminate\\Cookie\\Middleware\\AddQueuedCookiesToResponse->handle()
#30 /var/www/indonesia-luxe/vendor/laravel/framework/src/Illuminate/Cookie/Middleware/EncryptCookies.php(74): Illuminate\\Pipeline\\Pipeline->{closure:{closure:Illuminate\\Pipeline\\Pipeline::carry():194}:195}()
#31 /var/www/indonesia-luxe/vendor/laravel/framework/src/Illuminate/Pipeline/Pipeline.php(219): Illuminate\\Cookie\\Middleware\\EncryptCookies->handle()
#32 /var/www/indonesia-luxe/vendor/laravel/framework/src/Illuminate/Pipeline/Pipeline.php(137): Illuminate\\Pipeline\\Pipeline->{closure:{closure:Illuminate\\Pipeline\\Pipeline::carry():194}:195}()
#33 /var/www/indonesia-luxe/vendor/laravel/framework/src/Illuminate/Routing/Router.php(821): Illuminate\\Pipeline\\Pipeline->then()
#34 /var/www/indonesia-luxe/vendor/laravel/framework/src/Illuminate/Routing/Router.php(800): Illuminate\\Routing\\Router->runRouteWithinStack()
#35 /var/www/indonesia-luxe/vendor/laravel/framework/src/Illuminate/Routing/Router.php(764): Illuminate\\Routing\\Router->runRoute()
#36 /var/www/indonesia-luxe/vendor/laravel/framework/src/Illuminate/Routing/Router.php(753): Illuminate\\Routing\\Router->dispatchToRoute()
#37 /var/www/indonesia-luxe/vendor/laravel/framework/src/Illuminate/Foundation/Http/Kernel.php(200): Illuminate\\Routing\\Router->dispatch()
#38 /var/www/indonesia-luxe/vendor/laravel/framework/src/Illuminate/Pipeline/Pipeline.php(180): Illuminate\\Foundation\\Http\\Kernel->{closure:Illuminate\\Foundation\\Http\\Kernel::dispatchToRouter():197}()
#39 /var/www/indonesia-luxe/vendor/livewire/livewire/src/Features/SupportDisablingBackButtonCache/DisableBackButtonCacheMiddleware.php(19): Illuminate\\Pipeline\\Pipeline->{closure:Illuminate\\Pipeline\\Pipeline::prepareDestination():178}()
#40 /var/www/indonesia-luxe/vendor/laravel/framework/src/Illuminate/Pipeline/Pipeline.php(219): Livewire\\Features\\SupportDisablingBackButtonCache\\DisableBackButtonCacheMiddleware->handle()
#41 /var/www/indonesia-luxe/vendor/laravel/framework/src/Illuminate/Foundation/Http/Middleware/ConvertEmptyStringsToNull.php(27): Illuminate\\Pipeline\\Pipeline->{closure:{closure:Illuminate\\Pipeline\\Pipeline::carry():194}:195}()
#42 /var/www/indonesia-luxe/vendor/laravel/framework/src/Illuminate/Pipeline/Pipeline.php(219): Illuminate\\Foundation\\Http\\Middleware\\ConvertEmptyStringsToNull->handle()
#43 /var/www/indonesia-luxe/vendor/laravel/framework/src/Illuminate/Foundation/Http/Middleware/TrimStrings.php(47): Illuminate\\Pipeline\\Pipeline->{closure:{closure:Illuminate\\Pipeline\\Pipeline::carry():194}:195}()
#44 /var/www/indonesia-luxe/vendor/laravel/framework/src/Illuminate/Pipeline/Pipeline.php(219): Illuminate\\Foundation\\Http\\Middleware\\TrimStrings->handle()
#45 /var/www/indonesia-luxe/vendor/laravel/framework/src/Illuminate/Http/Middleware/ValidatePostSize.php(27): Illuminate\\Pipeline\\Pipeline->{closure:{closure:Illuminate\\Pipeline\\Pipeline::carry():194}:195}()
#46 /var/www/indonesia-luxe/vendor/laravel/framework/src/Illuminate/Pipeline/Pipeline.php(219): Illuminate\\Http\\Middleware\\ValidatePostSize->handle()
#47 /var/www/indonesia-luxe/vendor/laravel/framework/src/Illuminate/Foundation/Http/Middleware/PreventRequestsDuringMaintenance.php(109): Illuminate\\Pipeline\\Pipeline->{closure:{closure:Illuminate\\Pipeline\\Pipeline::carry():194}:195}()
#48 /var/www/indonesia-luxe/vendor/laravel/framework/src/Illuminate/Pipeline/Pipeline.php(219): Illuminate\\Foundation\\Http\\Middleware\\PreventRequestsDuringMaintenance->handle()
#49 /var/www/indonesia-luxe/vendor/laravel/framework/src/Illuminate/Http/Middleware/HandleCors.php(61): Illuminate\\Pipeline\\Pipeline->{closure:{closure:Illuminate\\Pipeline\\Pipeline::carry():194}:195}()
#50 /var/www/indonesia-luxe/vendor/laravel/framework/src/Illuminate/Pipeline/Pipeline.php(219): Illuminate\\Http\\Middleware\\HandleCors->handle()
#51 /var/www/indonesia-luxe/vendor/laravel/framework/src/Illuminate/Http/Middleware/TrustProxies.php(58): Illuminate\\Pipeline\\Pipeline->{closure:{closure:Illuminate\\Pipeline\\Pipeline::carry():194}:195}()
#52 /var/www/indonesia-luxe/vendor/laravel/framework/src/Illuminate/Pipeline/Pipeline.php(219): Illuminate\\Http\\Middleware\\TrustProxies->handle()
#53 /var/www/indonesia-luxe/vendor/laravel/framework/src/Illuminate/Foundation/Http/Middleware/InvokeDeferredCallbacks.php(22): Illuminate\\Pipeline\\Pipeline->{closure:{closure:Illuminate\\Pipeline\\Pipeline::carry():194}:195}()
#54 /var/www/indonesia-luxe/vendor/laravel/framework/src/Illuminate/Pipeline/Pipeline.php(219): Illuminate\\Foundation\\Http\\Middleware\\InvokeDeferredCallbacks->handle()
#55 /var/www/indonesia-luxe/vendor/laravel/framework/src/Illuminate/Http/Middleware/ValidatePathEncoding.php(26): Illuminate\\Pipeline\\Pipeline->{closure:{closure:Illuminate\\Pipeline\\Pipeline::carry():194}:195}()
#56 /var/www/indonesia-luxe/vendor/laravel/framework/src/Illuminate/Pipeline/Pipeline.php(219): Illuminate\\Http\\Middleware\\ValidatePathEncoding->handle()
#57 /var/www/indonesia-luxe/vendor/laravel/framework/src/Illuminate/Pipeline/Pipeline.php(137): Illuminate\\Pipeline\\Pipeline->{closure:{closure:Illuminate\\Pipeline\\Pipeline::carry():194}:195}()
#58 /var/www/indonesia-luxe/vendor/laravel/framework/src/Illuminate/Foundation/Http/Kernel.php(175): Illuminate\\Pipeline\\Pipeline->then()
#59 /var/www/indonesia-luxe/vendor/laravel/framework/src/Illuminate/Foundation/Http/Kernel.php(144): Illuminate\\Foundation\\Http\\Kernel->sendRequestThroughRouter()
#60 /var/www/indonesia-luxe/vendor/laravel/framework/src/Illuminate/Foundation/Application.php(1220): Illuminate\\Foundation\\Http\\Kernel->handle()
#61 /var/www/indonesia-luxe/public/index.php(20): Illuminate\\Foundation\\Application->handleRequest()
#62 {main}
"} 
[2026-06-11 05:31:23] local.ERROR: Unable to find component: [auth.login] {"exception":"[object] (Livewire\\Exceptions\\ComponentNotFoundException(code: 0): Unable to find component: [auth.login] at /var/www/indonesia-luxe/vendor/livewire/livewire/src/Factory/Factory.php:76)
[stacktrace]
#0 /var/www/indonesia-luxe/vendor/livewire/livewire/src/Factory/Factory.php(88): Livewire\\Factory\\Factory->resolveComponentNameAndClass()
#1 /var/www/indonesia-luxe/vendor/livewire/livewire/src/Features/SupportReleaseTokens/ReleaseToken.php(15): Livewire\\Factory\\Factory->resolveComponentClass()
#2 /var/www/indonesia-luxe/vendor/livewire/livewire/src/Features/SupportReleaseTokens/SupportReleaseTokens.php(20): Livewire\\Features\\SupportReleaseTokens\\ReleaseToken::verify()
#3 /var/www/indonesia-luxe/vendor/livewire/livewire/src/EventBus.php(87): Livewire\\Features\\SupportReleaseTokens\\SupportReleaseTokens::{closure:Livewire\\Features\\SupportReleaseTokens\\SupportReleaseTokens::provide():19}()
#4 /var/www/indonesia-luxe/vendor/livewire/livewire/src/helpers.php(98): Livewire\\EventBus->trigger()
#5 /var/www/indonesia-luxe/vendor/livewire/livewire/src/Mechanisms/HandleComponents/Checksum.php(22): Livewire\\trigger()
#6 /var/www/indonesia-luxe/vendor/livewire/livewire/src/Mechanisms/HandleComponents/HandleComponents.php(244): Livewire\\Mechanisms\\HandleComponents\\Checksum::verify()
#7 /var/www/indonesia-luxe/vendor/livewire/livewire/src/Mechanisms/HandleComponents/HandleComponents.php(210): Livewire\\Mechanisms\\HandleComponents\\HandleComponents->fromSnapshot()
#8 /var/www/indonesia-luxe/vendor/livewire/livewire/src/LivewireManager.php(131): Livewire\\Mechanisms\\HandleComponents\\HandleComponents->update()
#9 /var/www/indonesia-luxe/vendor/livewire/livewire/src/Mechanisms/HandleRequests/HandleRequests.php(156): Livewire\\LivewireManager->update()
#10 /var/www/indonesia-luxe/vendor/laravel/framework/src/Illuminate/Routing/ControllerDispatcher.php(46): Livewire\\Mechanisms\\HandleRequests\\HandleRequests->handleUpdate()
#11 /var/www/indonesia-luxe/vendor/laravel/framework/src/Illuminate/Routing/Route.php(265): Illuminate\\Routing\\ControllerDispatcher->dispatch()
#12 /var/www/indonesia-luxe/vendor/laravel/framework/src/Illuminate/Routing/Route.php(211): Illuminate\\Routing\\Route->runController()
#13 /var/www/indonesia-luxe/vendor/laravel/framework/src/Illuminate/Routing/Router.php(822): Illuminate\\Routing\\Route->run()
#14 /var/www/indonesia-luxe/vendor/laravel/framework/src/Illuminate/Pipeline/Pipeline.php(180): Illuminate\\Routing\\Router->{closure:Illuminate\\Routing\\Router::runRouteWithinStack():821}()
#15 /var/www/indonesia-luxe/vendor/laravel/boost/src/Middleware/InjectBoost.php(22): Illuminate\\Pipeline\\Pipeline->{closure:Illuminate\\Pipeline\\Pipeline::prepareDestination():178}()
#16 /var/www/indonesia-luxe/vendor/laravel/framework/src/Illuminate/Pipeline/Pipeline.php(219): Laravel\\Boost\\Middleware\\InjectBoost->handle()
#17 /var/www/indonesia-luxe/app/Http/Middleware/SetLocale.php(28): Illuminate\\Pipeline\\Pipeline->{closure:{closure:Illuminate\\Pipeline\\Pipeline::carry():194}:195}()
#18 /var/www/indonesia-luxe/vendor/laravel/framework/src/Illuminate/Pipeline/Pipeline.php(219): App\\Http\\Middleware\\SetLocale->handle()
#19 /var/www/indonesia-luxe/vendor/laravel/framework/src/Illuminate/Routing/Middleware/SubstituteBindings.php(50): Illuminate\\Pipeline\\Pipeline->{closure:{closure:Illuminate\\Pipeline\\Pipeline::carry():194}:195}()
#20 /var/www/indonesia-luxe/vendor/laravel/framework/src/Illuminate/Pipeline/Pipeline.php(219): Illuminate\\Routing\\Middleware\\SubstituteBindings->handle()
#21 /var/www/indonesia-luxe/vendor/laravel/framework/src/Illuminate/Foundation/Http/Middleware/VerifyCsrfToken.php(87): Illuminate\\Pipeline\\Pipeline->{closure:{closure:Illuminate\\Pipeline\\Pipeline::carry():194}:195}()
#22 /var/www/indonesia-luxe/vendor/laravel/framework/src/Illuminate/Pipeline/Pipeline.php(219): Illuminate\\Foundation\\Http\\Middleware\\VerifyCsrfToken->handle()
#23 /var/www/indonesia-luxe/vendor/laravel/framework/src/Illuminate/View/Middleware/ShareErrorsFromSession.php(48): Illuminate\\Pipeline\\Pipeline->{closure:{closure:Illuminate\\Pipeline\\Pipeline::carry():194}:195}()
#24 /var/www/indonesia-luxe/vendor/laravel/framework/src/Illuminate/Pipeline/Pipeline.php(219): Illuminate\\View\\Middleware\\ShareErrorsFromSession->handle()
#25 /var/www/indonesia-luxe/vendor/laravel/framework/src/Illuminate/Session/Middleware/StartSession.php(120): Illuminate\\Pipeline\\Pipeline->{closure:{closure:Illuminate\\Pipeline\\Pipeline::carry():194}:195}()
#26 /var/www/indonesia-luxe/vendor/laravel/framework/src/Illuminate/Session/Middleware/StartSession.php(63): Illuminate\\Session\\Middleware\\StartSession->handleStatefulRequest()
#27 /var/www/indonesia-luxe/vendor/laravel/framework/src/Illuminate/Pipeline/Pipeline.php(219): Illuminate\\Session\\Middleware\\StartSession->handle()
#28 /var/www/indonesia-luxe/vendor/laravel/framework/src/Illuminate/Cookie/Middleware/AddQueuedCookiesToResponse.php(36): Illuminate\\Pipeline\\Pipeline->{closure:{closure:Illuminate\\Pipeline\\Pipeline::carry():194}:195}()
#29 /var/www/indonesia-luxe/vendor/laravel/framework/src/Illuminate/Pipeline/Pipeline.php(219): Illuminate\\Cookie\\Middleware\\AddQueuedCookiesToResponse->handle()
#30 /var/www/indonesia-luxe/vendor/laravel/framework/src/Illuminate/Cookie/Middleware/EncryptCookies.php(74): Illuminate\\Pipeline\\Pipeline->{closure:{closure:Illuminate\\Pipeline\\Pipeline::carry():194}:195}()
#31 /var/www/indonesia-luxe/vendor/laravel/framework/src/Illuminate/Pipeline/Pipeline.php(219): Illuminate\\Cookie\\Middleware\\EncryptCookies->handle()
#32 /var/www/indonesia-luxe/vendor/laravel/framework/src/Illuminate/Pipeline/Pipeline.php(137): Illuminate\\Pipeline\\Pipeline->{closure:{closure:Illuminate\\Pipeline\\Pipeline::carry():194}:195}()
#33 /var/www/indonesia-luxe/vendor/laravel/framework/src/Illuminate/Routing/Router.php(821): Illuminate\\Pipeline\\Pipeline->then()
#34 /var/www/indonesia-luxe/vendor/laravel/framework/src/Illuminate/Routing/Router.php(800): Illuminate\\Routing\\Router->runRouteWithinStack()
#35 /var/www/indonesia-luxe/vendor/laravel/framework/src/Illuminate/Routing/Router.php(764): Illuminate\\Routing\\Router->runRoute()
#36 /var/www/indonesia-luxe/vendor/laravel/framework/src/Illuminate/Routing/Router.php(753): Illuminate\\Routing\\Router->dispatchToRoute()
#37 /var/www/indonesia-luxe/vendor/laravel/framework/src/Illuminate/Foundation/Http/Kernel.php(200): Illuminate\\Routing\\Router->dispatch()
#38 /var/www/indonesia-luxe/vendor/laravel/framework/src/Illuminate/Pipeline/Pipeline.php(180): Illuminate\\Foundation\\Http\\Kernel->{closure:Illuminate\\Foundation\\Http\\Kernel::dispatchToRouter():197}()
#39 /var/www/indonesia-luxe/vendor/livewire/livewire/src/Features/SupportDisablingBackButtonCache/DisableBackButtonCacheMiddleware.php(19): Illuminate\\Pipeline\\Pipeline->{closure:Illuminate\\Pipeline\\Pipeline::prepareDestination():178}()
#40 /var/www/indonesia-luxe/vendor/laravel/framework/src/Illuminate/Pipeline/Pipeline.php(219): Livewire\\Features\\SupportDisablingBackButtonCache\\DisableBackButtonCacheMiddleware->handle()
#41 /var/www/indonesia-luxe/vendor/laravel/framework/src/Illuminate/Foundation/Http/Middleware/ConvertEmptyStringsToNull.php(27): Illuminate\\Pipeline\\Pipeline->{closure:{closure:Illuminate\\Pipeline\\Pipeline::carry():194}:195}()
#42 /var/www/indonesia-luxe/vendor/laravel/framework/src/Illuminate/Pipeline/Pipeline.php(219): Illuminate\\Foundation\\Http\\Middleware\\ConvertEmptyStringsToNull->handle()
#43 /var/www/indonesia-luxe/vendor/laravel/framework/src/Illuminate/Foundation/Http/Middleware/TrimStrings.php(47): Illuminate\\Pipeline\\Pipeline->{closure:{closure:Illuminate\\Pipeline\\Pipeline::carry():194}:195}()
#44 /var/www/indonesia-luxe/vendor/laravel/framework/src/Illuminate/Pipeline/Pipeline.php(219): Illuminate\\Foundation\\Http\\Middleware\\TrimStrings->handle()
#45 /var/www/indonesia-luxe/vendor/laravel/framework/src/Illuminate/Http/Middleware/ValidatePostSize.php(27): Illuminate\\Pipeline\\Pipeline->{closure:{closure:Illuminate\\Pipeline\\Pipeline::carry():194}:195}()
#46 /var/www/indonesia-luxe/vendor/laravel/framework/src/Illuminate/Pipeline/Pipeline.php(219): Illuminate\\Http\\Middleware\\ValidatePostSize->handle()
#47 /var/www/indonesia-luxe/vendor/laravel/framework/src/Illuminate/Foundation/Http/Middleware/PreventRequestsDuringMaintenance.php(109): Illuminate\\Pipeline\\Pipeline->{closure:{closure:Illuminate\\Pipeline\\Pipeline::carry():194}:195}()
#48 /var/www/indonesia-luxe/vendor/laravel/framework/src/Illuminate/Pipeline/Pipeline.php(219): Illuminate\\Foundation\\Http\\Middleware\\PreventRequestsDuringMaintenance->handle()
#49 /var/www/indonesia-luxe/vendor/laravel/framework/src/Illuminate/Http/Middleware/HandleCors.php(61): Illuminate\\Pipeline\\Pipeline->{closure:{closure:Illuminate\\Pipeline\\Pipeline::carry():194}:195}()
#50 /var/www/indonesia-luxe/vendor/laravel/framework/src/Illuminate/Pipeline/Pipeline.php(219): Illuminate\\Http\\Middleware\\HandleCors->handle()
#51 /var/www/indonesia-luxe/vendor/laravel/framework/src/Illuminate/Http/Middleware/TrustProxies.php(58): Illuminate\\Pipeline\\Pipeline->{closure:{closure:Illuminate\\Pipeline\\Pipeline::carry():194}:195}()
#52 /var/www/indonesia-luxe/vendor/laravel/framework/src/Illuminate/Pipeline/Pipeline.php(219): Illuminate\\Http\\Middleware\\TrustProxies->handle()
#53 /var/www/indonesia-luxe/vendor/laravel/framework/src/Illuminate/Foundation/Http/Middleware/InvokeDeferredCallbacks.php(22): Illuminate\\Pipeline\\Pipeline->{closure:{closure:Illuminate\\Pipeline\\Pipeline::carry():194}:195}()
#54 /var/www/indonesia-luxe/vendor/laravel/framework/src/Illuminate/Pipeline/Pipeline.php(219): Illuminate\\Foundation\\Http\\Middleware\\InvokeDeferredCallbacks->handle()
#55 /var/www/indonesia-luxe/vendor/laravel/framework/src/Illuminate/Http/Middleware/ValidatePathEncoding.php(26): Illuminate\\Pipeline\\Pipeline->{closure:{closure:Illuminate\\Pipeline\\Pipeline::carry():194}:195}()
#56 /var/www/indonesia-luxe/vendor/laravel/framework/src/Illuminate/Pipeline/Pipeline.php(219): Illuminate\\Http\\Middleware\\ValidatePathEncoding->handle()
#57 /var/www/indonesia-luxe/vendor/laravel/framework/src/Illuminate/Pipeline/Pipeline.php(137): Illuminate\\Pipeline\\Pipeline->{closure:{closure:Illuminate\\Pipeline\\Pipeline::carry():194}:195}()
#58 /var/www/indonesia-luxe/vendor/laravel/framework/src/Illuminate/Foundation/Http/Kernel.php(175): Illuminate\\Pipeline\\Pipeline->then()
#59 /var/www/indonesia-luxe/vendor/laravel/framework/src/Illuminate/Foundation/Http/Kernel.php(144): Illuminate\\Foundation\\Http\\Kernel->sendRequestThroughRouter()
#60 /var/www/indonesia-luxe/vendor/laravel/framework/src/Illuminate/Foundation/Application.php(1220): Illuminate\\Foundation\\Http\\Kernel->handle()
#61 /var/www/indonesia-luxe/public/index.php(20): Illuminate\\Foundation\\Application->handleRequest()
#62 {main}
"} 
[2026-06-11 05:31:24] local.ERROR: Unable to find component: [auth.register] {"exception":"[object] (Livewire\\Exceptions\\ComponentNotFoundException(code: 0): Unable to find component: [auth.register] at /var/www/indonesia-luxe/vendor/livewire/livewire/src/Factory/Factory.php:76)
[stacktrace]
#0 /var/www/indonesia-luxe/vendor/livewire/livewire/src/Factory/Factory.php(88): Livewire\\Factory\\Factory->resolveComponentNameAndClass()
#1 /var/www/indonesia-luxe/vendor/livewire/livewire/src/Features/SupportReleaseTokens/ReleaseToken.php(15): Livewire\\Factory\\Factory->resolveComponentClass()
#2 /var/www/indonesia-luxe/vendor/livewire/livewire/src/Features/SupportReleaseTokens/SupportReleaseTokens.php(20): Livewire\\Features\\SupportReleaseTokens\\ReleaseToken::verify()
#3 /var/www/indonesia-luxe/vendor/livewire/livewire/src/EventBus.php(87): Livewire\\Features\\SupportReleaseTokens\\SupportReleaseTokens::{closure:Livewire\\Features\\SupportReleaseTokens\\SupportReleaseTokens::provide():19}()
#4 /var/www/indonesia-luxe/vendor/livewire/livewire/src/helpers.php(98): Livewire\\EventBus->trigger()
#5 /var/www/indonesia-luxe/vendor/livewire/livewire/src/Mechanisms/HandleComponents/Checksum.php(22): Livewire\\trigger()
#6 /var/www/indonesia-luxe/vendor/livewire/livewire/src/Mechanisms/HandleComponents/HandleComponents.php(244): Livewire\\Mechanisms\\HandleComponents\\Checksum::verify()
#7 /var/www/indonesia-luxe/vendor/livewire/livewire/src/Mechanisms/HandleComponents/HandleComponents.php(210): Livewire\\Mechanisms\\HandleComponents\\HandleComponents->fromSnapshot()
#8 /var/www/indonesia-luxe/vendor/livewire/livewire/src/LivewireManager.php(131): Livewire\\Mechanisms\\HandleComponents\\HandleComponents->update()
#9 /var/www/indonesia-luxe/vendor/livewire/livewire/src/Mechanisms/HandleRequests/HandleRequests.php(156): Livewire\\LivewireManager->update()
#10 /var/www/indonesia-luxe/vendor/laravel/framework/src/Illuminate/Routing/ControllerDispatcher.php(46): Livewire\\Mechanisms\\HandleRequests\\HandleRequests->handleUpdate()
#11 /var/www/indonesia-luxe/vendor/laravel/framework/src/Illuminate/Routing/Route.php(265): Illuminate\\Routing\\ControllerDispatcher->dispatch()
#12 /var/www/indonesia-luxe/vendor/laravel/framework/src/Illuminate/Routing/Route.php(211): Illuminate\\Routing\\Route->runController()
#13 /var/www/indonesia-luxe/vendor/laravel/framework/src/Illuminate/Routing/Router.php(822): Illuminate\\Routing\\Route->run()
#14 /var/www/indonesia-luxe/vendor/laravel/framework/src/Illuminate/Pipeline/Pipeline.php(180): Illuminate\\Routing\\Router->{closure:Illuminate\\Routing\\Router::runRouteWithinStack():821}()
#15 /var/www/indonesia-luxe/vendor/laravel/boost/src/Middleware/InjectBoost.php(22): Illuminate\\Pipeline\\Pipeline->{closure:Illuminate\\Pipeline\\Pipeline::prepareDestination():178}()
#16 /var/www/indonesia-luxe/vendor/laravel/framework/src/Illuminate/Pipeline/Pipeline.php(219): Laravel\\Boost\\Middleware\\InjectBoost->handle()
#17 /var/www/indonesia-luxe/app/Http/Middleware/SetLocale.php(28): Illuminate\\Pipeline\\Pipeline->{closure:{closure:Illuminate\\Pipeline\\Pipeline::carry():194}:195}()
#18 /var/www/indonesia-luxe/vendor/laravel/framework/src/Illuminate/Pipeline/Pipeline.php(219): App\\Http\\Middleware\\SetLocale->handle()
#19 /var/www/indonesia-luxe/vendor/laravel/framework/src/Illuminate/Routing/Middleware/SubstituteBindings.php(50): Illuminate\\Pipeline\\Pipeline->{closure:{closure:Illuminate\\Pipeline\\Pipeline::carry():194}:195}()
#20 /var/www/indonesia-luxe/vendor/laravel/framework/src/Illuminate/Pipeline/Pipeline.php(219): Illuminate\\Routing\\Middleware\\SubstituteBindings->handle()
#21 /var/www/indonesia-luxe/vendor/laravel/framework/src/Illuminate/Foundation/Http/Middleware/VerifyCsrfToken.php(87): Illuminate\\Pipeline\\Pipeline->{closure:{closure:Illuminate\\Pipeline\\Pipeline::carry():194}:195}()
#22 /var/www/indonesia-luxe/vendor/laravel/framework/src/Illuminate/Pipeline/Pipeline.php(219): Illuminate\\Foundation\\Http\\Middleware\\VerifyCsrfToken->handle()
#23 /var/www/indonesia-luxe/vendor/laravel/framework/src/Illuminate/View/Middleware/ShareErrorsFromSession.php(48): Illuminate\\Pipeline\\Pipeline->{closure:{closure:Illuminate\\Pipeline\\Pipeline::carry():194}:195}()
#24 /var/www/indonesia-luxe/vendor/laravel/framework/src/Illuminate/Pipeline/Pipeline.php(219): Illuminate\\View\\Middleware\\ShareErrorsFromSession->handle()
#25 /var/www/indonesia-luxe/vendor/laravel/framework/src/Illuminate/Session/Middleware/StartSession.php(120): Illuminate\\Pipeline\\Pipeline->{closure:{closure:Illuminate\\Pipeline\\Pipeline::carry():194}:195}()
#26 /var/www/indonesia-luxe/vendor/laravel/framework/src/Illuminate/Session/Middleware/StartSession.php(63): Illuminate\\Session\\Middleware\\StartSession->handleStatefulRequest()
#27 /var/www/indonesia-luxe/vendor/laravel/framework/src/Illuminate/Pipeline/Pipeline.php(219): Illuminate\\Session\\Middleware\\StartSession->handle()
#28 /var/www/indonesia-luxe/vendor/laravel/framework/src/Illuminate/Cookie/Middleware/AddQueuedCookiesToResponse.php(36): Illuminate\\Pipeline\\Pipeline->{closure:{closure:Illuminate\\Pipeline\\Pipeline::carry():194}:195}()
#29 /var/www/indonesia-luxe/vendor/laravel/framework/src/Illuminate/Pipeline/Pipeline.php(219): Illuminate\\Cookie\\Middleware\\AddQueuedCookiesToResponse->handle()
#30 /var/www/indonesia-luxe/vendor/laravel/framework/src/Illuminate/Cookie/Middleware/EncryptCookies.php(74): Illuminate\\Pipeline\\Pipeline->{closure:{closure:Illuminate\\Pipeline\\Pipeline::carry():194}:195}()
#31 /var/www/indonesia-luxe/vendor/laravel/framework/src/Illuminate/Pipeline/Pipeline.php(219): Illuminate\\Cookie\\Middleware\\EncryptCookies->handle()
#32 /var/www/indonesia-luxe/vendor/laravel/framework/src/Illuminate/Pipeline/Pipeline.php(137): Illuminate\\Pipeline\\Pipeline->{closure:{closure:Illuminate\\Pipeline\\Pipeline::carry():194}:195}()
#33 /var/www/indonesia-luxe/vendor/laravel/framework/src/Illuminate/Routing/Router.php(821): Illuminate\\Pipeline\\Pipeline->then()
#34 /var/www/indonesia-luxe/vendor/laravel/framework/src/Illuminate/Routing/Router.php(800): Illuminate\\Routing\\Router->runRouteWithinStack()
#35 /var/www/indonesia-luxe/vendor/laravel/framework/src/Illuminate/Routing/Router.php(764): Illuminate\\Routing\\Router->runRoute()
#36 /var/www/indonesia-luxe/vendor/laravel/framework/src/Illuminate/Routing/Router.php(753): Illuminate\\Routing\\Router->dispatchToRoute()
#37 /var/www/indonesia-luxe/vendor/laravel/framework/src/Illuminate/Foundation/Http/Kernel.php(200): Illuminate\\Routing\\Router->dispatch()
#38 /var/www/indonesia-luxe/vendor/laravel/framework/src/Illuminate/Pipeline/Pipeline.php(180): Illuminate\\Foundation\\Http\\Kernel->{closure:Illuminate\\Foundation\\Http\\Kernel::dispatchToRouter():197}()
#39 /var/www/indonesia-luxe/vendor/livewire/livewire/src/Features/SupportDisablingBackButtonCache/DisableBackButtonCacheMiddleware.php(19): Illuminate\\Pipeline\\Pipeline->{closure:Illuminate\\Pipeline\\Pipeline::prepareDestination():178}()
#40 /var/www/indonesia-luxe/vendor/laravel/framework/src/Illuminate/Pipeline/Pipeline.php(219): Livewire\\Features\\SupportDisablingBackButtonCache\\DisableBackButtonCacheMiddleware->handle()
#41 /var/www/indonesia-luxe/vendor/laravel/framework/src/Illuminate/Foundation/Http/Middleware/ConvertEmptyStringsToNull.php(27): Illuminate\\Pipeline\\Pipeline->{closure:{closure:Illuminate\\Pipeline\\Pipeline::carry():194}:195}()
#42 /var/www/indonesia-luxe/vendor/laravel/framework/src/Illuminate/Pipeline/Pipeline.php(219): Illuminate\\Foundation\\Http\\Middleware\\ConvertEmptyStringsToNull->handle()
#43 /var/www/indonesia-luxe/vendor/laravel/framework/src/Illuminate/Foundation/Http/Middleware/TrimStrings.php(47): Illuminate\\Pipeline\\Pipeline->{closure:{closure:Illuminate\\Pipeline\\Pipeline::carry():194}:195}()
#44 /var/www/indonesia-luxe/vendor/laravel/framework/src/Illuminate/Pipeline/Pipeline.php(219): Illuminate\\Foundation\\Http\\Middleware\\TrimStrings->handle()
#45 /var/www/indonesia-luxe/vendor/laravel/framework/src/Illuminate/Http/Middleware/ValidatePostSize.php(27): Illuminate\\Pipeline\\Pipeline->{closure:{closure:Illuminate\\Pipeline\\Pipeline::carry():194}:195}()
#46 /var/www/indonesia-luxe/vendor/laravel/framework/src/Illuminate/Pipeline/Pipeline.php(219): Illuminate\\Http\\Middleware\\ValidatePostSize->handle()
#47 /var/www/indonesia-luxe/vendor/laravel/framework/src/Illuminate/Foundation/Http/Middleware/PreventRequestsDuringMaintenance.php(109): Illuminate\\Pipeline\\Pipeline->{closure:{closure:Illuminate\\Pipeline\\Pipeline::carry():194}:195}()
#48 /var/www/indonesia-luxe/vendor/laravel/framework/src/Illuminate/Pipeline/Pipeline.php(219): Illuminate\\Foundation\\Http\\Middleware\\PreventRequestsDuringMaintenance->handle()
#49 /var/www/indonesia-luxe/vendor/laravel/framework/src/Illuminate/Http/Middleware/HandleCors.php(61): Illuminate\\Pipeline\\Pipeline->{closure:{closure:Illuminate\\Pipeline\\Pipeline::carry():194}:195}()
#50 /var/www/indonesia-luxe/vendor/laravel/framework/src/Illuminate/Pipeline/Pipeline.php(219): Illuminate\\Http\\Middleware\\HandleCors->handle()
#51 /var/www/indonesia-luxe/vendor/laravel/framework/src/Illuminate/Http/Middleware/TrustProxies.php(58): Illuminate\\Pipeline\\Pipeline->{closure:{closure:Illuminate\\Pipeline\\Pipeline::carry():194}:195}()
#52 /var/www/indonesia-luxe/vendor/laravel/framework/src/Illuminate/Pipeline/Pipeline.php(219): Illuminate\\Http\\Middleware\\TrustProxies->handle()
#53 /var/www/indonesia-luxe/vendor/laravel/framework/src/Illuminate/Foundation/Http/Middleware/InvokeDeferredCallbacks.php(22): Illuminate\\Pipeline\\Pipeline->{closure:{closure:Illuminate\\Pipeline\\Pipeline::carry():194}:195}()
#54 /var/www/indonesia-luxe/vendor/laravel/framework/src/Illuminate/Pipeline/Pipeline.php(219): Illuminate\\Foundation\\Http\\Middleware\\InvokeDeferredCallbacks->handle()
#55 /var/www/indonesia-luxe/vendor/laravel/framework/src/Illuminate/Http/Middleware/ValidatePathEncoding.php(26): Illuminate\\Pipeline\\Pipeline->{closure:{closure:Illuminate\\Pipeline\\Pipeline::carry():194}:195}()
#56 /var/www/indonesia-luxe/vendor/laravel/framework/src/Illuminate/Pipeline/Pipeline.php(219): Illuminate\\Http\\Middleware\\ValidatePathEncoding->handle()
#57 /var/www/indonesia-luxe/vendor/laravel/framework/src/Illuminate/Pipeline/Pipeline.php(137): Illuminate\\Pipeline\\Pipeline->{closure:{closure:Illuminate\\Pipeline\\Pipeline::carry():194}:195}()
#58 /var/www/indonesia-luxe/vendor/laravel/framework/src/Illuminate/Foundation/Http/Kernel.php(175): Illuminate\\Pipeline\\Pipeline->then()
#59 /var/www/indonesia-luxe/vendor/laravel/framework/src/Illuminate/Foundation/Http/Kernel.php(144): Illuminate\\Foundation\\Http\\Kernel->sendRequestThroughRouter()
#60 /var/www/indonesia-luxe/vendor/laravel/framework/src/Illuminate/Foundation/Application.php(1220): Illuminate\\Foundation\\Http\\Kernel->handle()
#61 /var/www/indonesia-luxe/public/index.php(20): Illuminate\\Foundation\\Application->handleRequest()
#62 {main}
"} 
[2026-06-11 05:31:24] local.ERROR: Unable to find component: [auth.register] {"exception":"[object] (Livewire\\Exceptions\\ComponentNotFoundException(code: 0): Unable to find component: [auth.register] at /var/www/indonesia-luxe/vendor/livewire/livewire/src/Factory/Factory.php:76)
[stacktrace]
#0 /var/www/indonesia-luxe/vendor/livewire/livewire/src/Factory/Factory.php(88): Livewire\\Factory\\Factory->resolveComponentNameAndClass()
#1 /var/www/indonesia-luxe/vendor/livewire/livewire/src/Features/SupportReleaseTokens/ReleaseToken.php(15): Livewire\\Factory\\Factory->resolveComponentClass()
#2 /var/www/indonesia-luxe/vendor/livewire/livewire/src/Features/SupportReleaseTokens/SupportReleaseTokens.php(20): Livewire\\Features\\SupportReleaseTokens\\ReleaseToken::verify()
#3 /var/www/indonesia-luxe/vendor/livewire/livewire/src/EventBus.php(87): Livewire\\Features\\SupportReleaseTokens\\SupportReleaseTokens::{closure:Livewire\\Features\\SupportReleaseTokens\\SupportReleaseTokens::provide():19}()
#4 /var/www/indonesia-luxe/vendor/livewire/livewire/src/helpers.php(98): Livewire\\EventBus->trigger()
#5 /var/www/indonesia-luxe/vendor/livewire/livewire/src/Mechanisms/HandleComponents/Checksum.php(22): Livewire\\trigger()
#6 /var/www/indonesia-luxe/vendor/livewire/livewire/src/Mechanisms/HandleComponents/HandleComponents.php(244): Livewire\\Mechanisms\\HandleComponents\\Checksum::verify()
#7 /var/www/indonesia-luxe/vendor/livewire/livewire/src/Mechanisms/HandleComponents/HandleComponents.php(210): Livewire\\Mechanisms\\HandleComponents\\HandleComponents->fromSnapshot()
#8 /var/www/indonesia-luxe/vendor/livewire/livewire/src/LivewireManager.php(131): Livewire\\Mechanisms\\HandleComponents\\HandleComponents->update()
#9 /var/www/indonesia-luxe/vendor/livewire/livewire/src/Mechanisms/HandleRequests/HandleRequests.php(156): Livewire\\LivewireManager->update()
#10 /var/www/indonesia-luxe/vendor/laravel/framework/src/Illuminate/Routing/ControllerDispatcher.php(46): Livewire\\Mechanisms\\HandleRequests\\HandleRequests->handleUpdate()
#11 /var/www/indonesia-luxe/vendor/laravel/framework/src/Illuminate/Routing/Route.php(265): Illuminate\\Routing\\ControllerDispatcher->dispatch()
#12 /var/www/indonesia-luxe/vendor/laravel/framework/src/Illuminate/Routing/Route.php(211): Illuminate\\Routing\\Route->runController()
#13 /var/www/indonesia-luxe/vendor/laravel/framework/src/Illuminate/Routing/Router.php(822): Illuminate\\Routing\\Route->run()
#14 /var/www/indonesia-luxe/vendor/laravel/framework/src/Illuminate/Pipeline/Pipeline.php(180): Illuminate\\Routing\\Router->{closure:Illuminate\\Routing\\Router::runRouteWithinStack():821}()
#15 /var/www/indonesia-luxe/vendor/laravel/boost/src/Middleware/InjectBoost.php(22): Illuminate\\Pipeline\\Pipeline->{closure:Illuminate\\Pipeline\\Pipeline::prepareDestination():178}()
#16 /var/www/indonesia-luxe/vendor/laravel/framework/src/Illuminate/Pipeline/Pipeline.php(219): Laravel\\Boost\\Middleware\\InjectBoost->handle()
#17 /var/www/indonesia-luxe/app/Http/Middleware/SetLocale.php(28): Illuminate\\Pipeline\\Pipeline->{closure:{closure:Illuminate\\Pipeline\\Pipeline::carry():194}:195}()
#18 /var/www/indonesia-luxe/vendor/laravel/framework/src/Illuminate/Pipeline/Pipeline.php(219): App\\Http\\Middleware\\SetLocale->handle()
#19 /var/www/indonesia-luxe/vendor/laravel/framework/src/Illuminate/Routing/Middleware/SubstituteBindings.php(50): Illuminate\\Pipeline\\Pipeline->{closure:{closure:Illuminate\\Pipeline\\Pipeline::carry():194}:195}()
#20 /var/www/indonesia-luxe/vendor/laravel/framework/src/Illuminate/Pipeline/Pipeline.php(219): Illuminate\\Routing\\Middleware\\SubstituteBindings->handle()
#21 /var/www/indonesia-luxe/vendor/laravel/framework/src/Illuminate/Foundation/Http/Middleware/VerifyCsrfToken.php(87): Illuminate\\Pipeline\\Pipeline->{closure:{closure:Illuminate\\Pipeline\\Pipeline::carry():194}:195}()
#22 /var/www/indonesia-luxe/vendor/laravel/framework/src/Illuminate/Pipeline/Pipeline.php(219): Illuminate\\Foundation\\Http\\Middleware\\VerifyCsrfToken->handle()
#23 /var/www/indonesia-luxe/vendor/laravel/framework/src/Illuminate/View/Middleware/ShareErrorsFromSession.php(48): Illuminate\\Pipeline\\Pipeline->{closure:{closure:Illuminate\\Pipeline\\Pipeline::carry():194}:195}()
#24 /var/www/indonesia-luxe/vendor/laravel/framework/src/Illuminate/Pipeline/Pipeline.php(219): Illuminate\\View\\Middleware\\ShareErrorsFromSession->handle()
#25 /var/www/indonesia-luxe/vendor/laravel/framework/src/Illuminate/Session/Middleware/StartSession.php(120): Illuminate\\Pipeline\\Pipeline->{closure:{closure:Illuminate\\Pipeline\\Pipeline::carry():194}:195}()
#26 /var/www/indonesia-luxe/vendor/laravel/framework/src/Illuminate/Session/Middleware/StartSession.php(63): Illuminate\\Session\\Middleware\\StartSession->handleStatefulRequest()
#27 /var/www/indonesia-luxe/vendor/laravel/framework/src/Illuminate/Pipeline/Pipeline.php(219): Illuminate\\Session\\Middleware\\StartSession->handle()
#28 /var/www/indonesia-luxe/vendor/laravel/framework/src/Illuminate/Cookie/Middleware/AddQueuedCookiesToResponse.php(36): Illuminate\\Pipeline\\Pipeline->{closure:{closure:Illuminate\\Pipeline\\Pipeline::carry():194}:195}()
#29 /var/www/indonesia-luxe/vendor/laravel/framework/src/Illuminate/Pipeline/Pipeline.php(219): Illuminate\\Cookie\\Middleware\\AddQueuedCookiesToResponse->handle()
#30 /var/www/indonesia-luxe/vendor/laravel/framework/src/Illuminate/Cookie/Middleware/EncryptCookies.php(74): Illuminate\\Pipeline\\Pipeline->{closure:{closure:Illuminate\\Pipeline\\Pipeline::carry():194}:195}()
#31 /var/www/indonesia-luxe/vendor/laravel/framework/src/Illuminate/Pipeline/Pipeline.php(219): Illuminate\\Cookie\\Middleware\\EncryptCookies->handle()
#32 /var/www/indonesia-luxe/vendor/laravel/framework/src/Illuminate/Pipeline/Pipeline.php(137): Illuminate\\Pipeline\\Pipeline->{closure:{closure:Illuminate\\Pipeline\\Pipeline::carry():194}:195}()
#33 /var/www/indonesia-luxe/vendor/laravel/framework/src/Illuminate/Routing/Router.php(821): Illuminate\\Pipeline\\Pipeline->then()
#34 /var/www/indonesia-luxe/vendor/laravel/framework/src/Illuminate/Routing/Router.php(800): Illuminate\\Routing\\Router->runRouteWithinStack()
#35 /var/www/indonesia-luxe/vendor/laravel/framework/src/Illuminate/Routing/Router.php(764): Illuminate\\Routing\\Router->runRoute()
#36 /var/www/indonesia-luxe/vendor/laravel/framework/src/Illuminate/Routing/Router.php(753): Illuminate\\Routing\\Router->dispatchToRoute()
#37 /var/www/indonesia-luxe/vendor/laravel/framework/src/Illuminate/Foundation/Http/Kernel.php(200): Illuminate\\Routing\\Router->dispatch()
#38 /var/www/indonesia-luxe/vendor/laravel/framework/src/Illuminate/Pipeline/Pipeline.php(180): Illuminate\\Foundation\\Http\\Kernel->{closure:Illuminate\\Foundation\\Http\\Kernel::dispatchToRouter():197}()
#39 /var/www/indonesia-luxe/vendor/livewire/livewire/src/Features/SupportDisablingBackButtonCache/DisableBackButtonCacheMiddleware.php(19): Illuminate\\Pipeline\\Pipeline->{closure:Illuminate\\Pipeline\\Pipeline::prepareDestination():178}()
#40 /var/www/indonesia-luxe/vendor/laravel/framework/src/Illuminate/Pipeline/Pipeline.php(219): Livewire\\Features\\SupportDisablingBackButtonCache\\DisableBackButtonCacheMiddleware->handle()
#41 /var/www/indonesia-luxe/vendor/laravel/framework/src/Illuminate/Foundation/Http/Middleware/ConvertEmptyStringsToNull.php(27): Illuminate\\Pipeline\\Pipeline->{closure:{closure:Illuminate\\Pipeline\\Pipeline::carry():194}:195}()
#42 /var/www/indonesia-luxe/vendor/laravel/framework/src/Illuminate/Pipeline/Pipeline.php(219): Illuminate\\Foundation\\Http\\Middleware\\ConvertEmptyStringsToNull->handle()
#43 /var/www/indonesia-luxe/vendor/laravel/framework/src/Illuminate/Foundation/Http/Middleware/TrimStrings.php(47): Illuminate\\Pipeline\\Pipeline->{closure:{closure:Illuminate\\Pipeline\\Pipeline::carry():194}:195}()
#44 /var/www/indonesia-luxe/vendor/laravel/framework/src/Illuminate/Pipeline/Pipeline.php(219): Illuminate\\Foundation\\Http\\Middleware\\TrimStrings->handle()
#45 /var/www/indonesia-luxe/vendor/laravel/framework/src/Illuminate/Http/Middleware/ValidatePostSize.php(27): Illuminate\\Pipeline\\Pipeline->{closure:{closure:Illuminate\\Pipeline\\Pipeline::carry():194}:195}()
#46 /var/www/indonesia-luxe/vendor/laravel/framework/src/Illuminate/Pipeline/Pipeline.php(219): Illuminate\\Http\\Middleware\\ValidatePostSize->handle()
#47 /var/www/indonesia-luxe/vendor/laravel/framework/src/Illuminate/Foundation/Http/Middleware/PreventRequestsDuringMaintenance.php(109): Illuminate\\Pipeline\\Pipeline->{closure:{closure:Illuminate\\Pipeline\\Pipeline::carry():194}:195}()
#48 /var/www/indonesia-luxe/vendor/laravel/framework/src/Illuminate/Pipeline/Pipeline.php(219): Illuminate\\Foundation\\Http\\Middleware\\PreventRequestsDuringMaintenance->handle()
#49 /var/www/indonesia-luxe/vendor/laravel/framework/src/Illuminate/Http/Middleware/HandleCors.php(61): Illuminate\\Pipeline\\Pipeline->{closure:{closure:Illuminate\\Pipeline\\Pipeline::carry():194}:195}()
#50 /var/www/indonesia-luxe/vendor/laravel/framework/src/Illuminate/Pipeline/Pipeline.php(219): Illuminate\\Http\\Middleware\\HandleCors->handle()
#51 /var/www/indonesia-luxe/vendor/laravel/framework/src/Illuminate/Http/Middleware/TrustProxies.php(58): Illuminate\\Pipeline\\Pipeline->{closure:{closure:Illuminate\\Pipeline\\Pipeline::carry():194}:195}()
#52 /var/www/indonesia-luxe/vendor/laravel/framework/src/Illuminate/Pipeline/Pipeline.php(219): Illuminate\\Http\\Middleware\\TrustProxies->handle()
#53 /var/www/indonesia-luxe/vendor/laravel/framework/src/Illuminate/Foundation/Http/Middleware/InvokeDeferredCallbacks.php(22): Illuminate\\Pipeline\\Pipeline->{closure:{closure:Illuminate\\Pipeline\\Pipeline::carry():194}:195}()
#54 /var/www/indonesia-luxe/vendor/laravel/framework/src/Illuminate/Pipeline/Pipeline.php(219): Illuminate\\Foundation\\Http\\Middleware\\InvokeDeferredCallbacks->handle()
#55 /var/www/indonesia-luxe/vendor/laravel/framework/src/Illuminate/Http/Middleware/ValidatePathEncoding.php(26): Illuminate\\Pipeline\\Pipeline->{closure:{closure:Illuminate\\Pipeline\\Pipeline::carry():194}:195}()
#56 /var/www/indonesia-luxe/vendor/laravel/framework/src/Illuminate/Pipeline/Pipeline.php(219): Illuminate\\Http\\Middleware\\ValidatePathEncoding->handle()
#57 /var/www/indonesia-luxe/vendor/laravel/framework/src/Illuminate/Pipeline/Pipeline.php(137): Illuminate\\Pipeline\\Pipeline->{closure:{closure:Illuminate\\Pipeline\\Pipeline::carry():194}:195}()
#58 /var/www/indonesia-luxe/vendor/laravel/framework/src/Illuminate/Foundation/Http/Kernel.php(175): Illuminate\\Pipeline\\Pipeline->then()
#59 /var/www/indonesia-luxe/vendor/laravel/framework/src/Illuminate/Foundation/Http/Kernel.php(144): Illuminate\\Foundation\\Http\\Kernel->sendRequestThroughRouter()
#60 /var/www/indonesia-luxe/vendor/laravel/framework/src/Illuminate/Foundation/Application.php(1220): Illuminate\\Foundation\\Http\\Kernel->handle()
#61 /var/www/indonesia-luxe/public/index.php(20): Illuminate\\Foundation\\Application->handleRequest()
#62 {main}
"} 
[2026-06-11 05:31:24] local.ERROR: Unable to find component: [profile.update-profile-information-form] {"exception":"[object] (Livewire\\Exceptions\\ComponentNotFoundException(code: 0): Unable to find component: [profile.update-profile-information-form] at /var/www/indonesia-luxe/vendor/livewire/livewire/src/Factory/Factory.php:76)
[stacktrace]
#0 /var/www/indonesia-luxe/vendor/livewire/livewire/src/Factory/Factory.php(88): Livewire\\Factory\\Factory->resolveComponentNameAndClass()
#1 /var/www/indonesia-luxe/vendor/livewire/livewire/src/Features/SupportReleaseTokens/ReleaseToken.php(15): Livewire\\Factory\\Factory->resolveComponentClass()
#2 /var/www/indonesia-luxe/vendor/livewire/livewire/src/Features/SupportReleaseTokens/SupportReleaseTokens.php(20): Livewire\\Features\\SupportReleaseTokens\\ReleaseToken::verify()
#3 /var/www/indonesia-luxe/vendor/livewire/livewire/src/EventBus.php(87): Livewire\\Features\\SupportReleaseTokens\\SupportReleaseTokens::{closure:Livewire\\Features\\SupportReleaseTokens\\SupportReleaseTokens::provide():19}()
#4 /var/www/indonesia-luxe/vendor/livewire/livewire/src/helpers.php(98): Livewire\\EventBus->trigger()
#5 /var/www/indonesia-luxe/vendor/livewire/livewire/src/Mechanisms/HandleComponents/Checksum.php(22): Livewire\\trigger()
#6 /var/www/indonesia-luxe/vendor/livewire/livewire/src/Mechanisms/HandleComponents/HandleComponents.php(244): Livewire\\Mechanisms\\HandleComponents\\Checksum::verify()
#7 /var/www/indonesia-luxe/vendor/livewire/livewire/src/Mechanisms/HandleComponents/HandleComponents.php(210): Livewire\\Mechanisms\\HandleComponents\\HandleComponents->fromSnapshot()
#8 /var/www/indonesia-luxe/vendor/livewire/livewire/src/LivewireManager.php(131): Livewire\\Mechanisms\\HandleComponents\\HandleComponents->update()
#9 /var/www/indonesia-luxe/vendor/livewire/livewire/src/Mechanisms/HandleRequests/HandleRequests.php(156): Livewire\\LivewireManager->update()
#10 /var/www/indonesia-luxe/vendor/laravel/framework/src/Illuminate/Routing/ControllerDispatcher.php(46): Livewire\\Mechanisms\\HandleRequests\\HandleRequests->handleUpdate()
#11 /var/www/indonesia-luxe/vendor/laravel/framework/src/Illuminate/Routing/Route.php(265): Illuminate\\Routing\\ControllerDispatcher->dispatch()
#12 /var/www/indonesia-luxe/vendor/laravel/framework/src/Illuminate/Routing/Route.php(211): Illuminate\\Routing\\Route->runController()
#13 /var/www/indonesia-luxe/vendor/laravel/framework/src/Illuminate/Routing/Router.php(822): Illuminate\\Routing\\Route->run()
#14 /var/www/indonesia-luxe/vendor/laravel/framework/src/Illuminate/Pipeline/Pipeline.php(180): Illuminate\\Routing\\Router->{closure:Illuminate\\Routing\\Router::runRouteWithinStack():821}()
#15 /var/www/indonesia-luxe/vendor/laravel/boost/src/Middleware/InjectBoost.php(22): Illuminate\\Pipeline\\Pipeline->{closure:Illuminate\\Pipeline\\Pipeline::prepareDestination():178}()
#16 /var/www/indonesia-luxe/vendor/laravel/framework/src/Illuminate/Pipeline/Pipeline.php(219): Laravel\\Boost\\Middleware\\InjectBoost->handle()
#17 /var/www/indonesia-luxe/app/Http/Middleware/SetLocale.php(28): Illuminate\\Pipeline\\Pipeline->{closure:{closure:Illuminate\\Pipeline\\Pipeline::carry():194}:195}()
#18 /var/www/indonesia-luxe/vendor/laravel/framework/src/Illuminate/Pipeline/Pipeline.php(219): App\\Http\\Middleware\\SetLocale->handle()
#19 /var/www/indonesia-luxe/vendor/laravel/framework/src/Illuminate/Routing/Middleware/SubstituteBindings.php(50): Illuminate\\Pipeline\\Pipeline->{closure:{closure:Illuminate\\Pipeline\\Pipeline::carry():194}:195}()
#20 /var/www/indonesia-luxe/vendor/laravel/framework/src/Illuminate/Pipeline/Pipeline.php(219): Illuminate\\Routing\\Middleware\\SubstituteBindings->handle()
#21 /var/www/indonesia-luxe/vendor/laravel/framework/src/Illuminate/Foundation/Http/Middleware/VerifyCsrfToken.php(87): Illuminate\\Pipeline\\Pipeline->{closure:{closure:Illuminate\\Pipeline\\Pipeline::carry():194}:195}()
#22 /var/www/indonesia-luxe/vendor/laravel/framework/src/Illuminate/Pipeline/Pipeline.php(219): Illuminate\\Foundation\\Http\\Middleware\\VerifyCsrfToken->handle()
#23 /var/www/indonesia-luxe/vendor/laravel/framework/src/Illuminate/View/Middleware/ShareErrorsFromSession.php(48): Illuminate\\Pipeline\\Pipeline->{closure:{closure:Illuminate\\Pipeline\\Pipeline::carry():194}:195}()
#24 /var/www/indonesia-luxe/vendor/laravel/framework/src/Illuminate/Pipeline/Pipeline.php(219): Illuminate\\View\\Middleware\\ShareErrorsFromSession->handle()
#25 /var/www/indonesia-luxe/vendor/laravel/framework/src/Illuminate/Session/Middleware/StartSession.php(120): Illuminate\\Pipeline\\Pipeline->{closure:{closure:Illuminate\\Pipeline\\Pipeline::carry():194}:195}()
#26 /var/www/indonesia-luxe/vendor/laravel/framework/src/Illuminate/Session/Middleware/StartSession.php(63): Illuminate\\Session\\Middleware\\StartSession->handleStatefulRequest()
#27 /var/www/indonesia-luxe/vendor/laravel/framework/src/Illuminate/Pipeline/Pipeline.php(219): Illuminate\\Session\\Middleware\\StartSession->handle()
#28 /var/www/indonesia-luxe/vendor/laravel/framework/src/Illuminate/Cookie/Middleware/AddQueuedCookiesToResponse.php(36): Illuminate\\Pipeline\\Pipeline->{closure:{closure:Illuminate\\Pipeline\\Pipeline::carry():194}:195}()
#29 /var/www/indonesia-luxe/vendor/laravel/framework/src/Illuminate/Pipeline/Pipeline.php(219): Illuminate\\Cookie\\Middleware\\AddQueuedCookiesToResponse->handle()
#30 /var/www/indonesia-luxe/vendor/laravel/framework/src/Illuminate/Cookie/Middleware/EncryptCookies.php(74): Illuminate\\Pipeline\\Pipeline->{closure:{closure:Illuminate\\Pipeline\\Pipeline::carry():194}:195}()
#31 /var/www/indonesia-luxe/vendor/laravel/framework/src/Illuminate/Pipeline/Pipeline.php(219): Illuminate\\Cookie\\Middleware\\EncryptCookies->handle()
#32 /var/www/indonesia-luxe/vendor/laravel/framework/src/Illuminate/Pipeline/Pipeline.php(137): Illuminate\\Pipeline\\Pipeline->{closure:{closure:Illuminate\\Pipeline\\Pipeline::carry():194}:195}()
#33 /var/www/indonesia-luxe/vendor/laravel/framework/src/Illuminate/Routing/Router.php(821): Illuminate\\Pipeline\\Pipeline->then()
#34 /var/www/indonesia-luxe/vendor/laravel/framework/src/Illuminate/Routing/Router.php(800): Illuminate\\Routing\\Router->runRouteWithinStack()
#35 /var/www/indonesia-luxe/vendor/laravel/framework/src/Illuminate/Routing/Router.php(764): Illuminate\\Routing\\Router->runRoute()
#36 /var/www/indonesia-luxe/vendor/laravel/framework/src/Illuminate/Routing/Router.php(753): Illuminate\\Routing\\Router->dispatchToRoute()
#37 /var/www/indonesia-luxe/vendor/laravel/framework/src/Illuminate/Foundation/Http/Kernel.php(200): Illuminate\\Routing\\Router->dispatch()
#38 /var/www/indonesia-luxe/vendor/laravel/framework/src/Illuminate/Pipeline/Pipeline.php(180): Illuminate\\Foundation\\Http\\Kernel->{closure:Illuminate\\Foundation\\Http\\Kernel::dispatchToRouter():197}()
#39 /var/www/indonesia-luxe/vendor/livewire/livewire/src/Features/SupportDisablingBackButtonCache/DisableBackButtonCacheMiddleware.php(19): Illuminate\\Pipeline\\Pipeline->{closure:Illuminate\\Pipeline\\Pipeline::prepareDestination():178}()
#40 /var/www/indonesia-luxe/vendor/laravel/framework/src/Illuminate/Pipeline/Pipeline.php(219): Livewire\\Features\\SupportDisablingBackButtonCache\\DisableBackButtonCacheMiddleware->handle()
#41 /var/www/indonesia-luxe/vendor/laravel/framework/src/Illuminate/Foundation/Http/Middleware/ConvertEmptyStringsToNull.php(27): Illuminate\\Pipeline\\Pipeline->{closure:{closure:Illuminate\\Pipeline\\Pipeline::carry():194}:195}()
#42 /var/www/indonesia-luxe/vendor/laravel/framework/src/Illuminate/Pipeline/Pipeline.php(219): Illuminate\\Foundation\\Http\\Middleware\\ConvertEmptyStringsToNull->handle()
#43 /var/www/indonesia-luxe/vendor/laravel/framework/src/Illuminate/Foundation/Http/Middleware/TrimStrings.php(47): Illuminate\\Pipeline\\Pipeline->{closure:{closure:Illuminate\\Pipeline\\Pipeline::carry():194}:195}()
#44 /var/www/indonesia-luxe/vendor/laravel/framework/src/Illuminate/Pipeline/Pipeline.php(219): Illuminate\\Foundation\\Http\\Middleware\\TrimStrings->handle()
#45 /var/www/indonesia-luxe/vendor/laravel/framework/src/Illuminate/Http/Middleware/ValidatePostSize.php(27): Illuminate\\Pipeline\\Pipeline->{closure:{closure:Illuminate\\Pipeline\\Pipeline::carry():194}:195}()
#46 /var/www/indonesia-luxe/vendor/laravel/framework/src/Illuminate/Pipeline/Pipeline.php(219): Illuminate\\Http\\Middleware\\ValidatePostSize->handle()
#47 /var/www/indonesia-luxe/vendor/laravel/framework/src/Illuminate/Foundation/Http/Middleware/PreventRequestsDuringMaintenance.php(109): Illuminate\\Pipeline\\Pipeline->{closure:{closure:Illuminate\\Pipeline\\Pipeline::carry():194}:195}()
#48 /var/www/indonesia-luxe/vendor/laravel/framework/src/Illuminate/Pipeline/Pipeline.php(219): Illuminate\\Foundation\\Http\\Middleware\\PreventRequestsDuringMaintenance->handle()
#49 /var/www/indonesia-luxe/vendor/laravel/framework/src/Illuminate/Http/Middleware/HandleCors.php(61): Illuminate\\Pipeline\\Pipeline->{closure:{closure:Illuminate\\Pipeline\\Pipeline::carry():194}:195}()
#50 /var/www/indonesia-luxe/vendor/laravel/framework/src/Illuminate/Pipeline/Pipeline.php(219): Illuminate\\Http\\Middleware\\HandleCors->handle()
#51 /var/www/indonesia-luxe/vendor/laravel/framework/src/Illuminate/Http/Middleware/TrustProxies.php(58): Illuminate\\Pipeline\\Pipeline->{closure:{closure:Illuminate\\Pipeline\\Pipeline::carry():194}:195}()
#52 /var/www/indonesia-luxe/vendor/laravel/framework/src/Illuminate/Pipeline/Pipeline.php(219): Illuminate\\Http\\Middleware\\TrustProxies->handle()
#53 /var/www/indonesia-luxe/vendor/laravel/framework/src/Illuminate/Foundation/Http/Middleware/InvokeDeferredCallbacks.php(22): Illuminate\\Pipeline\\Pipeline->{closure:{closure:Illuminate\\Pipeline\\Pipeline::carry():194}:195}()
#54 /var/www/indonesia-luxe/vendor/laravel/framework/src/Illuminate/Pipeline/Pipeline.php(219): Illuminate\\Foundation\\Http\\Middleware\\InvokeDeferredCallbacks->handle()
#55 /var/www/indonesia-luxe/vendor/laravel/framework/src/Illuminate/Http/Middleware/ValidatePathEncoding.php(26): Illuminate\\Pipeline\\Pipeline->{closure:{closure:Illuminate\\Pipeline\\Pipeline::carry():194}:195}()
#56 /var/www/indonesia-luxe/vendor/laravel/framework/src/Illuminate/Pipeline/Pipeline.php(219): Illuminate\\Http\\Middleware\\ValidatePathEncoding->handle()
#57 /var/www/indonesia-luxe/vendor/laravel/framework/src/Illuminate/Pipeline/Pipeline.php(137): Illuminate\\Pipeline\\Pipeline->{closure:{closure:Illuminate\\Pipeline\\Pipeline::carry():194}:195}()
#58 /var/www/indonesia-luxe/vendor/laravel/framework/src/Illuminate/Foundation/Http/Kernel.php(175): Illuminate\\Pipeline\\Pipeline->then()
#59 /var/www/indonesia-luxe/vendor/laravel/framework/src/Illuminate/Foundation/Http/Kernel.php(144): Illuminate\\Foundation\\Http\\Kernel->sendRequestThroughRouter()
#60 /var/www/indonesia-luxe/vendor/laravel/framework/src/Illuminate/Foundation/Application.php(1220): Illuminate\\Foundation\\Http\\Kernel->handle()
#61 /var/www/indonesia-luxe/public/index.php(20): Illuminate\\Foundation\\Application->handleRequest()
#62 {main}
"} 
[2026-06-11 05:31:25] local.ERROR: Unable to find component: [profile.update-profile-information-form] {"exception":"[object] (Livewire\\Exceptions\\ComponentNotFoundException(code: 0): Unable to find component: [profile.update-profile-information-form] at /var/www/indonesia-luxe/vendor/livewire/livewire/src/Factory/Factory.php:76)
[stacktrace]
#0 /var/www/indonesia-luxe/vendor/livewire/livewire/src/Factory/Factory.php(88): Livewire\\Factory\\Factory->resolveComponentNameAndClass()
#1 /var/www/indonesia-luxe/vendor/livewire/livewire/src/Features/SupportReleaseTokens/ReleaseToken.php(15): Livewire\\Factory\\Factory->resolveComponentClass()
#2 /var/www/indonesia-luxe/vendor/livewire/livewire/src/Features/SupportReleaseTokens/SupportReleaseTokens.php(20): Livewire\\Features\\SupportReleaseTokens\\ReleaseToken::verify()
#3 /var/www/indonesia-luxe/vendor/livewire/livewire/src/EventBus.php(87): Livewire\\Features\\SupportReleaseTokens\\SupportReleaseTokens::{closure:Livewire\\Features\\SupportReleaseTokens\\SupportReleaseTokens::provide():19}()
#4 /var/www/indonesia-luxe/vendor/livewire/livewire/src/helpers.php(98): Livewire\\EventBus->trigger()
#5 /var/www/indonesia-luxe/vendor/livewire/livewire/src/Mechanisms/HandleComponents/Checksum.php(22): Livewire\\trigger()
#6 /var/www/indonesia-luxe/vendor/livewire/livewire/src/Mechanisms/HandleComponents/HandleComponents.php(244): Livewire\\Mechanisms\\HandleComponents\\Checksum::verify()
#7 /var/www/indonesia-luxe/vendor/livewire/livewire/src/Mechanisms/HandleComponents/HandleComponents.php(210): Livewire\\Mechanisms\\HandleComponents\\HandleComponents->fromSnapshot()
#8 /var/www/indonesia-luxe/vendor/livewire/livewire/src/LivewireManager.php(131): Livewire\\Mechanisms\\HandleComponents\\HandleComponents->update()
#9 /var/www/indonesia-luxe/vendor/livewire/livewire/src/Mechanisms/HandleRequests/HandleRequests.php(156): Livewire\\LivewireManager->update()
#10 /var/www/indonesia-luxe/vendor/laravel/framework/src/Illuminate/Routing/ControllerDispatcher.php(46): Livewire\\Mechanisms\\HandleRequests\\HandleRequests->handleUpdate()
#11 /var/www/indonesia-luxe/vendor/laravel/framework/src/Illuminate/Routing/Route.php(265): Illuminate\\Routing\\ControllerDispatcher->dispatch()
#12 /var/www/indonesia-luxe/vendor/laravel/framework/src/Illuminate/Routing/Route.php(211): Illuminate\\Routing\\Route->runController()
#13 /var/www/indonesia-luxe/vendor/laravel/framework/src/Illuminate/Routing/Router.php(822): Illuminate\\Routing\\Route->run()
#14 /var/www/indonesia-luxe/vendor/laravel/framework/src/Illuminate/Pipeline/Pipeline.php(180): Illuminate\\Routing\\Router->{closure:Illuminate\\Routing\\Router::runRouteWithinStack():821}()
#15 /var/www/indonesia-luxe/vendor/laravel/boost/src/Middleware/InjectBoost.php(22): Illuminate\\Pipeline\\Pipeline->{closure:Illuminate\\Pipeline\\Pipeline::prepareDestination():178}()
#16 /var/www/indonesia-luxe/vendor/laravel/framework/src/Illuminate/Pipeline/Pipeline.php(219): Laravel\\Boost\\Middleware\\InjectBoost->handle()
#17 /var/www/indonesia-luxe/app/Http/Middleware/SetLocale.php(28): Illuminate\\Pipeline\\Pipeline->{closure:{closure:Illuminate\\Pipeline\\Pipeline::carry():194}:195}()
#18 /var/www/indonesia-luxe/vendor/laravel/framework/src/Illuminate/Pipeline/Pipeline.php(219): App\\Http\\Middleware\\SetLocale->handle()
#19 /var/www/indonesia-luxe/vendor/laravel/framework/src/Illuminate/Routing/Middleware/SubstituteBindings.php(50): Illuminate\\Pipeline\\Pipeline->{closure:{closure:Illuminate\\Pipeline\\Pipeline::carry():194}:195}()
#20 /var/www/indonesia-luxe/vendor/laravel/framework/src/Illuminate/Pipeline/Pipeline.php(219): Illuminate\\Routing\\Middleware\\SubstituteBindings->handle()
#21 /var/www/indonesia-luxe/vendor/laravel/framework/src/Illuminate/Foundation/Http/Middleware/VerifyCsrfToken.php(87): Illuminate\\Pipeline\\Pipeline->{closure:{closure:Illuminate\\Pipeline\\Pipeline::carry():194}:195}()
#22 /var/www/indonesia-luxe/vendor/laravel/framework/src/Illuminate/Pipeline/Pipeline.php(219): Illuminate\\Foundation\\Http\\Middleware\\VerifyCsrfToken->handle()
#23 /var/www/indonesia-luxe/vendor/laravel/framework/src/Illuminate/View/Middleware/ShareErrorsFromSession.php(48): Illuminate\\Pipeline\\Pipeline->{closure:{closure:Illuminate\\Pipeline\\Pipeline::carry():194}:195}()
#24 /var/www/indonesia-luxe/vendor/laravel/framework/src/Illuminate/Pipeline/Pipeline.php(219): Illuminate\\View\\Middleware\\ShareErrorsFromSession->handle()
#25 /var/www/indonesia-luxe/vendor/laravel/framework/src/Illuminate/Session/Middleware/StartSession.php(120): Illuminate\\Pipeline\\Pipeline->{closure:{closure:Illuminate\\Pipeline\\Pipeline::carry():194}:195}()
#26 /var/www/indonesia-luxe/vendor/laravel/framework/src/Illuminate/Session/Middleware/StartSession.php(63): Illuminate\\Session\\Middleware\\StartSession->handleStatefulRequest()
#27 /var/www/indonesia-luxe/vendor/laravel/framework/src/Illuminate/Pipeline/Pipeline.php(219): Illuminate\\Session\\Middleware\\StartSession->handle()
#28 /var/www/indonesia-luxe/vendor/laravel/framework/src/Illuminate/Cookie/Middleware/AddQueuedCookiesToResponse.php(36): Illuminate\\Pipeline\\Pipeline->{closure:{closure:Illuminate\\Pipeline\\Pipeline::carry():194}:195}()
#29 /var/www/indonesia-luxe/vendor/laravel/framework/src/Illuminate/Pipeline/Pipeline.php(219): Illuminate\\Cookie\\Middleware\\AddQueuedCookiesToResponse->handle()
#30 /var/www/indonesia-luxe/vendor/laravel/framework/src/Illuminate/Cookie/Middleware/EncryptCookies.php(74): Illuminate\\Pipeline\\Pipeline->{closure:{closure:Illuminate\\Pipeline\\Pipeline::carry():194}:195}()
#31 /var/www/indonesia-luxe/vendor/laravel/framework/src/Illuminate/Pipeline/Pipeline.php(219): Illuminate\\Cookie\\Middleware\\EncryptCookies->handle()
#32 /var/www/indonesia-luxe/vendor/laravel/framework/src/Illuminate/Pipeline/Pipeline.php(137): Illuminate\\Pipeline\\Pipeline->{closure:{closure:Illuminate\\Pipeline\\Pipeline::carry():194}:195}()
#33 /var/www/indonesia-luxe/vendor/laravel/framework/src/Illuminate/Routing/Router.php(821): Illuminate\\Pipeline\\Pipeline->then()
#34 /var/www/indonesia-luxe/vendor/laravel/framework/src/Illuminate/Routing/Router.php(800): Illuminate\\Routing\\Router->runRouteWithinStack()
#35 /var/www/indonesia-luxe/vendor/laravel/framework/src/Illuminate/Routing/Router.php(764): Illuminate\\Routing\\Router->runRoute()
#36 /var/www/indonesia-luxe/vendor/laravel/framework/src/Illuminate/Routing/Router.php(753): Illuminate\\Routing\\Router->dispatchToRoute()
#37 /var/www/indonesia-luxe/vendor/laravel/framework/src/Illuminate/Foundation/Http/Kernel.php(200): Illuminate\\Routing\\Router->dispatch()
#38 /var/www/indonesia-luxe/vendor/laravel/framework/src/Illuminate/Pipeline/Pipeline.php(180): Illuminate\\Foundation\\Http\\Kernel->{closure:Illuminate\\Foundation\\Http\\Kernel::dispatchToRouter():197}()
#39 /var/www/indonesia-luxe/vendor/livewire/livewire/src/Features/SupportDisablingBackButtonCache/DisableBackButtonCacheMiddleware.php(19): Illuminate\\Pipeline\\Pipeline->{closure:Illuminate\\Pipeline\\Pipeline::prepareDestination():178}()
#40 /var/www/indonesia-luxe/vendor/laravel/framework/src/Illuminate/Pipeline/Pipeline.php(219): Livewire\\Features\\SupportDisablingBackButtonCache\\DisableBackButtonCacheMiddleware->handle()
#41 /var/www/indonesia-luxe/vendor/laravel/framework/src/Illuminate/Foundation/Http/Middleware/ConvertEmptyStringsToNull.php(27): Illuminate\\Pipeline\\Pipeline->{closure:{closure:Illuminate\\Pipeline\\Pipeline::carry():194}:195}()
#42 /var/www/indonesia-luxe/vendor/laravel/framework/src/Illuminate/Pipeline/Pipeline.php(219): Illuminate\\Foundation\\Http\\Middleware\\ConvertEmptyStringsToNull->handle()
#43 /var/www/indonesia-luxe/vendor/laravel/framework/src/Illuminate/Foundation/Http/Middleware/TrimStrings.php(47): Illuminate\\Pipeline\\Pipeline->{closure:{closure:Illuminate\\Pipeline\\Pipeline::carry():194}:195}()
#44 /var/www/indonesia-luxe/vendor/laravel/framework/src/Illuminate/Pipeline/Pipeline.php(219): Illuminate\\Foundation\\Http\\Middleware\\TrimStrings->handle()
#45 /var/www/indonesia-luxe/vendor/laravel/framework/src/Illuminate/Http/Middleware/ValidatePostSize.php(27): Illuminate\\Pipeline\\Pipeline->{closure:{closure:Illuminate\\Pipeline\\Pipeline::carry():194}:195}()
#46 /var/www/indonesia-luxe/vendor/laravel/framework/src/Illuminate/Pipeline/Pipeline.php(219): Illuminate\\Http\\Middleware\\ValidatePostSize->handle()
#47 /var/www/indonesia-luxe/vendor/laravel/framework/src/Illuminate/Foundation/Http/Middleware/PreventRequestsDuringMaintenance.php(109): Illuminate\\Pipeline\\Pipeline->{closure:{closure:Illuminate\\Pipeline\\Pipeline::carry():194}:195}()
#48 /var/www/indonesia-luxe/vendor/laravel/framework/src/Illuminate/Pipeline/Pipeline.php(219): Illuminate\\Foundation\\Http\\Middleware\\PreventRequestsDuringMaintenance->handle()
#49 /var/www/indonesia-luxe/vendor/laravel/framework/src/Illuminate/Http/Middleware/HandleCors.php(61): Illuminate\\Pipeline\\Pipeline->{closure:{closure:Illuminate\\Pipeline\\Pipeline::carry():194}:195}()
#50 /var/www/indonesia-luxe/vendor/laravel/framework/src/Illuminate/Pipeline/Pipeline.php(219): Illuminate\\Http\\Middleware\\HandleCors->handle()
#51 /var/www/indonesia-luxe/vendor/laravel/framework/src/Illuminate/Http/Middleware/TrustProxies.php(58): Illuminate\\Pipeline\\Pipeline->{closure:{closure:Illuminate\\Pipeline\\Pipeline::carry():194}:195}()
#52 /var/www/indonesia-luxe/vendor/laravel/framework/src/Illuminate/Pipeline/Pipeline.php(219): Illuminate\\Http\\Middleware\\TrustProxies->handle()
#53 /var/www/indonesia-luxe/vendor/laravel/framework/src/Illuminate/Foundation/Http/Middleware/InvokeDeferredCallbacks.php(22): Illuminate\\Pipeline\\Pipeline->{closure:{closure:Illuminate\\Pipeline\\Pipeline::carry():194}:195}()
#54 /var/www/indonesia-luxe/vendor/laravel/framework/src/Illuminate/Pipeline/Pipeline.php(219): Illuminate\\Foundation\\Http\\Middleware\\InvokeDeferredCallbacks->handle()
#55 /var/www/indonesia-luxe/vendor/laravel/framework/src/Illuminate/Http/Middleware/ValidatePathEncoding.php(26): Illuminate\\Pipeline\\Pipeline->{closure:{closure:Illuminate\\Pipeline\\Pipeline::carry():194}:195}()
#56 /var/www/indonesia-luxe/vendor/laravel/framework/src/Illuminate/Pipeline/Pipeline.php(219): Illuminate\\Http\\Middleware\\ValidatePathEncoding->handle()
#57 /var/www/indonesia-luxe/vendor/laravel/framework/src/Illuminate/Pipeline/Pipeline.php(137): Illuminate\\Pipeline\\Pipeline->{closure:{closure:Illuminate\\Pipeline\\Pipeline::carry():194}:195}()
#58 /var/www/indonesia-luxe/vendor/laravel/framework/src/Illuminate/Foundation/Http/Kernel.php(175): Illuminate\\Pipeline\\Pipeline->then()
#59 /var/www/indonesia-luxe/vendor/laravel/framework/src/Illuminate/Foundation/Http/Kernel.php(144): Illuminate\\Foundation\\Http\\Kernel->sendRequestThroughRouter()
#60 /var/www/indonesia-luxe/vendor/laravel/framework/src/Illuminate/Foundation/Application.php(1220): Illuminate\\Foundation\\Http\\Kernel->handle()
#61 /var/www/indonesia-luxe/public/index.php(20): Illuminate\\Foundation\\Application->handleRequest()
#62 {main}
"} 
[2026-06-11 05:31:25] local.ERROR: Unable to find component: [profile.update-password-form] {"exception":"[object] (Livewire\\Exceptions\\ComponentNotFoundException(code: 0): Unable to find component: [profile.update-password-form] at /var/www/indonesia-luxe/vendor/livewire/livewire/src/Factory/Factory.php:76)
[stacktrace]
#0 /var/www/indonesia-luxe/vendor/livewire/livewire/src/Factory/Factory.php(88): Livewire\\Factory\\Factory->resolveComponentNameAndClass()
#1 /var/www/indonesia-luxe/vendor/livewire/livewire/src/Features/SupportReleaseTokens/ReleaseToken.php(15): Livewire\\Factory\\Factory->resolveComponentClass()
#2 /var/www/indonesia-luxe/vendor/livewire/livewire/src/Features/SupportReleaseTokens/SupportReleaseTokens.php(20): Livewire\\Features\\SupportReleaseTokens\\ReleaseToken::verify()
#3 /var/www/indonesia-luxe/vendor/livewire/livewire/src/EventBus.php(87): Livewire\\Features\\SupportReleaseTokens\\SupportReleaseTokens::{closure:Livewire\\Features\\SupportReleaseTokens\\SupportReleaseTokens::provide():19}()
#4 /var/www/indonesia-luxe/vendor/livewire/livewire/src/helpers.php(98): Livewire\\EventBus->trigger()
#5 /var/www/indonesia-luxe/vendor/livewire/livewire/src/Mechanisms/HandleComponents/Checksum.php(22): Livewire\\trigger()
#6 /var/www/indonesia-luxe/vendor/livewire/livewire/src/Mechanisms/HandleComponents/HandleComponents.php(244): Livewire\\Mechanisms\\HandleComponents\\Checksum::verify()
#7 /var/www/indonesia-luxe/vendor/livewire/livewire/src/Mechanisms/HandleComponents/HandleComponents.php(210): Livewire\\Mechanisms\\HandleComponents\\HandleComponents->fromSnapshot()
#8 /var/www/indonesia-luxe/vendor/livewire/livewire/src/LivewireManager.php(131): Livewire\\Mechanisms\\HandleComponents\\HandleComponents->update()
#9 /var/www/indonesia-luxe/vendor/livewire/livewire/src/Mechanisms/HandleRequests/HandleRequests.php(156): Livewire\\LivewireManager->update()
#10 /var/www/indonesia-luxe/vendor/laravel/framework/src/Illuminate/Routing/ControllerDispatcher.php(46): Livewire\\Mechanisms\\HandleRequests\\HandleRequests->handleUpdate()
#11 /var/www/indonesia-luxe/vendor/laravel/framework/src/Illuminate/Routing/Route.php(265): Illuminate\\Routing\\ControllerDispatcher->dispatch()
#12 /var/www/indonesia-luxe/vendor/laravel/framework/src/Illuminate/Routing/Route.php(211): Illuminate\\Routing\\Route->runController()
#13 /var/www/indonesia-luxe/vendor/laravel/framework/src/Illuminate/Routing/Router.php(822): Illuminate\\Routing\\Route->run()
#14 /var/www/indonesia-luxe/vendor/laravel/framework/src/Illuminate/Pipeline/Pipeline.php(180): Illuminate\\Routing\\Router->{closure:Illuminate\\Routing\\Router::runRouteWithinStack():821}()
#15 /var/www/indonesia-luxe/vendor/laravel/boost/src/Middleware/InjectBoost.php(22): Illuminate\\Pipeline\\Pipeline->{closure:Illuminate\\Pipeline\\Pipeline::prepareDestination():178}()
#16 /var/www/indonesia-luxe/vendor/laravel/framework/src/Illuminate/Pipeline/Pipeline.php(219): Laravel\\Boost\\Middleware\\InjectBoost->handle()
#17 /var/www/indonesia-luxe/app/Http/Middleware/SetLocale.php(28): Illuminate\\Pipeline\\Pipeline->{closure:{closure:Illuminate\\Pipeline\\Pipeline::carry():194}:195}()
#18 /var/www/indonesia-luxe/vendor/laravel/framework/src/Illuminate/Pipeline/Pipeline.php(219): App\\Http\\Middleware\\SetLocale->handle()
#19 /var/www/indonesia-luxe/vendor/laravel/framework/src/Illuminate/Routing/Middleware/SubstituteBindings.php(50): Illuminate\\Pipeline\\Pipeline->{closure:{closure:Illuminate\\Pipeline\\Pipeline::carry():194}:195}()
#20 /var/www/indonesia-luxe/vendor/laravel/framework/src/Illuminate/Pipeline/Pipeline.php(219): Illuminate\\Routing\\Middleware\\SubstituteBindings->handle()
#21 /var/www/indonesia-luxe/vendor/laravel/framework/src/Illuminate/Foundation/Http/Middleware/VerifyCsrfToken.php(87): Illuminate\\Pipeline\\Pipeline->{closure:{closure:Illuminate\\Pipeline\\Pipeline::carry():194}:195}()
#22 /var/www/indonesia-luxe/vendor/laravel/framework/src/Illuminate/Pipeline/Pipeline.php(219): Illuminate\\Foundation\\Http\\Middleware\\VerifyCsrfToken->handle()
#23 /var/www/indonesia-luxe/vendor/laravel/framework/src/Illuminate/View/Middleware/ShareErrorsFromSession.php(48): Illuminate\\Pipeline\\Pipeline->{closure:{closure:Illuminate\\Pipeline\\Pipeline::carry():194}:195}()
#24 /var/www/indonesia-luxe/vendor/laravel/framework/src/Illuminate/Pipeline/Pipeline.php(219): Illuminate\\View\\Middleware\\ShareErrorsFromSession->handle()
#25 /var/www/indonesia-luxe/vendor/laravel/framework/src/Illuminate/Session/Middleware/StartSession.php(120): Illuminate\\Pipeline\\Pipeline->{closure:{closure:Illuminate\\Pipeline\\Pipeline::carry():194}:195}()
#26 /var/www/indonesia-luxe/vendor/laravel/framework/src/Illuminate/Session/Middleware/StartSession.php(63): Illuminate\\Session\\Middleware\\StartSession->handleStatefulRequest()
#27 /var/www/indonesia-luxe/vendor/laravel/framework/src/Illuminate/Pipeline/Pipeline.php(219): Illuminate\\Session\\Middleware\\StartSession->handle()
#28 /var/www/indonesia-luxe/vendor/laravel/framework/src/Illuminate/Cookie/Middleware/AddQueuedCookiesToResponse.php(36): Illuminate\\Pipeline\\Pipeline->{closure:{closure:Illuminate\\Pipeline\\Pipeline::carry():194}:195}()
#29 /var/www/indonesia-luxe/vendor/laravel/framework/src/Illuminate/Pipeline/Pipeline.php(219): Illuminate\\Cookie\\Middleware\\AddQueuedCookiesToResponse->handle()
#30 /var/www/indonesia-luxe/vendor/laravel/framework/src/Illuminate/Cookie/Middleware/EncryptCookies.php(74): Illuminate\\Pipeline\\Pipeline->{closure:{closure:Illuminate\\Pipeline\\Pipeline::carry():194}:195}()
#31 /var/www/indonesia-luxe/vendor/laravel/framework/src/Illuminate/Pipeline/Pipeline.php(219): Illuminate\\Cookie\\Middleware\\EncryptCookies->handle()
#32 /var/www/indonesia-luxe/vendor/laravel/framework/src/Illuminate/Pipeline/Pipeline.php(137): Illuminate\\Pipeline\\Pipeline->{closure:{closure:Illuminate\\Pipeline\\Pipeline::carry():194}:195}()
#33 /var/www/indonesia-luxe/vendor/laravel/framework/src/Illuminate/Routing/Router.php(821): Illuminate\\Pipeline\\Pipeline->then()
#34 /var/www/indonesia-luxe/vendor/laravel/framework/src/Illuminate/Routing/Router.php(800): Illuminate\\Routing\\Router->runRouteWithinStack()
#35 /var/www/indonesia-luxe/vendor/laravel/framework/src/Illuminate/Routing/Router.php(764): Illuminate\\Routing\\Router->runRoute()
#36 /var/www/indonesia-luxe/vendor/laravel/framework/src/Illuminate/Routing/Router.php(753): Illuminate\\Routing\\Router->dispatchToRoute()
#37 /var/www/indonesia-luxe/vendor/laravel/framework/src/Illuminate/Foundation/Http/Kernel.php(200): Illuminate\\Routing\\Router->dispatch()
#38 /var/www/indonesia-luxe/vendor/laravel/framework/src/Illuminate/Pipeline/Pipeline.php(180): Illuminate\\Foundation\\Http\\Kernel->{closure:Illuminate\\Foundation\\Http\\Kernel::dispatchToRouter():197}()
#39 /var/www/indonesia-luxe/vendor/livewire/livewire/src/Features/SupportDisablingBackButtonCache/DisableBackButtonCacheMiddleware.php(19): Illuminate\\Pipeline\\Pipeline->{closure:Illuminate\\Pipeline\\Pipeline::prepareDestination():178}()
#40 /var/www/indonesia-luxe/vendor/laravel/framework/src/Illuminate/Pipeline/Pipeline.php(219): Livewire\\Features\\SupportDisablingBackButtonCache\\DisableBackButtonCacheMiddleware->handle()
#41 /var/www/indonesia-luxe/vendor/laravel/framework/src/Illuminate/Foundation/Http/Middleware/ConvertEmptyStringsToNull.php(27): Illuminate\\Pipeline\\Pipeline->{closure:{closure:Illuminate\\Pipeline\\Pipeline::carry():194}:195}()
#42 /var/www/indonesia-luxe/vendor/laravel/framework/src/Illuminate/Pipeline/Pipeline.php(219): Illuminate\\Foundation\\Http\\Middleware\\ConvertEmptyStringsToNull->handle()
#43 /var/www/indonesia-luxe/vendor/laravel/framework/src/Illuminate/Foundation/Http/Middleware/TrimStrings.php(47): Illuminate\\Pipeline\\Pipeline->{closure:{closure:Illuminate\\Pipeline\\Pipeline::carry():194}:195}()
#44 /var/www/indonesia-luxe/vendor/laravel/framework/src/Illuminate/Pipeline/Pipeline.php(219): Illuminate\\Foundation\\Http\\Middleware\\TrimStrings->handle()
#45 /var/www/indonesia-luxe/vendor/laravel/framework/src/Illuminate/Http/Middleware/ValidatePostSize.php(27): Illuminate\\Pipeline\\Pipeline->{closure:{closure:Illuminate\\Pipeline\\Pipeline::carry():194}:195}()
#46 /var/www/indonesia-luxe/vendor/laravel/framework/src/Illuminate/Pipeline/Pipeline.php(219): Illuminate\\Http\\Middleware\\ValidatePostSize->handle()
#47 /var/www/indonesia-luxe/vendor/laravel/framework/src/Illuminate/Foundation/Http/Middleware/PreventRequestsDuringMaintenance.php(109): Illuminate\\Pipeline\\Pipeline->{closure:{closure:Illuminate\\Pipeline\\Pipeline::carry():194}:195}()
#48 /var/www/indonesia-luxe/vendor/laravel/framework/src/Illuminate/Pipeline/Pipeline.php(219): Illuminate\\Foundation\\Http\\Middleware\\PreventRequestsDuringMaintenance->handle()
#49 /var/www/indonesia-luxe/vendor/laravel/framework/src/Illuminate/Http/Middleware/HandleCors.php(61): Illuminate\\Pipeline\\Pipeline->{closure:{closure:Illuminate\\Pipeline\\Pipeline::carry():194}:195}()
#50 /var/www/indonesia-luxe/vendor/laravel/framework/src/Illuminate/Pipeline/Pipeline.php(219): Illuminate\\Http\\Middleware\\HandleCors->handle()
#51 /var/www/indonesia-luxe/vendor/laravel/framework/src/Illuminate/Http/Middleware/TrustProxies.php(58): Illuminate\\Pipeline\\Pipeline->{closure:{closure:Illuminate\\Pipeline\\Pipeline::carry():194}:195}()
#52 /var/www/indonesia-luxe/vendor/laravel/framework/src/Illuminate/Pipeline/Pipeline.php(219): Illuminate\\Http\\Middleware\\TrustProxies->handle()
#53 /var/www/indonesia-luxe/vendor/laravel/framework/src/Illuminate/Foundation/Http/Middleware/InvokeDeferredCallbacks.php(22): Illuminate\\Pipeline\\Pipeline->{closure:{closure:Illuminate\\Pipeline\\Pipeline::carry():194}:195}()
#54 /var/www/indonesia-luxe/vendor/laravel/framework/src/Illuminate/Pipeline/Pipeline.php(219): Illuminate\\Foundation\\Http\\Middleware\\InvokeDeferredCallbacks->handle()
#55 /var/www/indonesia-luxe/vendor/laravel/framework/src/Illuminate/Http/Middleware/ValidatePathEncoding.php(26): Illuminate\\Pipeline\\Pipeline->{closure:{closure:Illuminate\\Pipeline\\Pipeline::carry():194}:195}()
#56 /var/www/indonesia-luxe/vendor/laravel/framework/src/Illuminate/Pipeline/Pipeline.php(219): Illuminate\\Http\\Middleware\\ValidatePathEncoding->handle()
#57 /var/www/indonesia-luxe/vendor/laravel/framework/src/Illuminate/Pipeline/Pipeline.php(137): Illuminate\\Pipeline\\Pipeline->{closure:{closure:Illuminate\\Pipeline\\Pipeline::carry():194}:195}()
#58 /var/www/indonesia-luxe/vendor/laravel/framework/src/Illuminate/Foundation/Http/Kernel.php(175): Illuminate\\Pipeline\\Pipeline->then()
#59 /var/www/indonesia-luxe/vendor/laravel/framework/src/Illuminate/Foundation/Http/Kernel.php(144): Illuminate\\Foundation\\Http\\Kernel->sendRequestThroughRouter()
#60 /var/www/indonesia-luxe/vendor/laravel/framework/src/Illuminate/Foundation/Application.php(1220): Illuminate\\Foundation\\Http\\Kernel->handle()
#61 /var/www/indonesia-luxe/public/index.php(20): Illuminate\\Foundation\\Application->handleRequest()
#62 {main}
"} 
[2026-06-11 05:31:26] local.ERROR: Unable to find component: [profile.update-password-form] {"exception":"[object] (Livewire\\Exceptions\\ComponentNotFoundException(code: 0): Unable to find component: [profile.update-password-form] at /var/www/indonesia-luxe/vendor/livewire/livewire/src/Factory/Factory.php:76)
[stacktrace]
#0 /var/www/indonesia-luxe/vendor/livewire/livewire/src/Factory/Factory.php(88): Livewire\\Factory\\Factory->resolveComponentNameAndClass()
#1 /var/www/indonesia-luxe/vendor/livewire/livewire/src/Features/SupportReleaseTokens/ReleaseToken.php(15): Livewire\\Factory\\Factory->resolveComponentClass()
#2 /var/www/indonesia-luxe/vendor/livewire/livewire/src/Features/SupportReleaseTokens/SupportReleaseTokens.php(20): Livewire\\Features\\SupportReleaseTokens\\ReleaseToken::verify()
#3 /var/www/indonesia-luxe/vendor/livewire/livewire/src/EventBus.php(87): Livewire\\Features\\SupportReleaseTokens\\SupportReleaseTokens::{closure:Livewire\\Features\\SupportReleaseTokens\\SupportReleaseTokens::provide():19}()
#4 /var/www/indonesia-luxe/vendor/livewire/livewire/src/helpers.php(98): Livewire\\EventBus->trigger()
#5 /var/www/indonesia-luxe/vendor/livewire/livewire/src/Mechanisms/HandleComponents/Checksum.php(22): Livewire\\trigger()
#6 /var/www/indonesia-luxe/vendor/livewire/livewire/src/Mechanisms/HandleComponents/HandleComponents.php(244): Livewire\\Mechanisms\\HandleComponents\\Checksum::verify()
#7 /var/www/indonesia-luxe/vendor/livewire/livewire/src/Mechanisms/HandleComponents/HandleComponents.php(210): Livewire\\Mechanisms\\HandleComponents\\HandleComponents->fromSnapshot()
#8 /var/www/indonesia-luxe/vendor/livewire/livewire/src/LivewireManager.php(131): Livewire\\Mechanisms\\HandleComponents\\HandleComponents->update()
#9 /var/www/indonesia-luxe/vendor/livewire/livewire/src/Mechanisms/HandleRequests/HandleRequests.php(156): Livewire\\LivewireManager->update()
#10 /var/www/indonesia-luxe/vendor/laravel/framework/src/Illuminate/Routing/ControllerDispatcher.php(46): Livewire\\Mechanisms\\HandleRequests\\HandleRequests->handleUpdate()
#11 /var/www/indonesia-luxe/vendor/laravel/framework/src/Illuminate/Routing/Route.php(265): Illuminate\\Routing\\ControllerDispatcher->dispatch()
#12 /var/www/indonesia-luxe/vendor/laravel/framework/src/Illuminate/Routing/Route.php(211): Illuminate\\Routing\\Route->runController()
#13 /var/www/indonesia-luxe/vendor/laravel/framework/src/Illuminate/Routing/Router.php(822): Illuminate\\Routing\\Route->run()
#14 /var/www/indonesia-luxe/vendor/laravel/framework/src/Illuminate/Pipeline/Pipeline.php(180): Illuminate\\Routing\\Router->{closure:Illuminate\\Routing\\Router::runRouteWithinStack():821}()
#15 /var/www/indonesia-luxe/vendor/laravel/boost/src/Middleware/InjectBoost.php(22): Illuminate\\Pipeline\\Pipeline->{closure:Illuminate\\Pipeline\\Pipeline::prepareDestination():178}()
#16 /var/www/indonesia-luxe/vendor/laravel/framework/src/Illuminate/Pipeline/Pipeline.php(219): Laravel\\Boost\\Middleware\\InjectBoost->handle()
#17 /var/www/indonesia-luxe/app/Http/Middleware/SetLocale.php(28): Illuminate\\Pipeline\\Pipeline->{closure:{closure:Illuminate\\Pipeline\\Pipeline::carry():194}:195}()
#18 /var/www/indonesia-luxe/vendor/laravel/framework/src/Illuminate/Pipeline/Pipeline.php(219): App\\Http\\Middleware\\SetLocale->handle()
#19 /var/www/indonesia-luxe/vendor/laravel/framework/src/Illuminate/Routing/Middleware/SubstituteBindings.php(50): Illuminate\\Pipeline\\Pipeline->{closure:{closure:Illuminate\\Pipeline\\Pipeline::carry():194}:195}()
#20 /var/www/indonesia-luxe/vendor/laravel/framework/src/Illuminate/Pipeline/Pipeline.php(219): Illuminate\\Routing\\Middleware\\SubstituteBindings->handle()
#21 /var/www/indonesia-luxe/vendor/laravel/framework/src/Illuminate/Foundation/Http/Middleware/VerifyCsrfToken.php(87): Illuminate\\Pipeline\\Pipeline->{closure:{closure:Illuminate\\Pipeline\\Pipeline::carry():194}:195}()
#22 /var/www/indonesia-luxe/vendor/laravel/framework/src/Illuminate/Pipeline/Pipeline.php(219): Illuminate\\Foundation\\Http\\Middleware\\VerifyCsrfToken->handle()
#23 /var/www/indonesia-luxe/vendor/laravel/framework/src/Illuminate/View/Middleware/ShareErrorsFromSession.php(48): Illuminate\\Pipeline\\Pipeline->{closure:{closure:Illuminate\\Pipeline\\Pipeline::carry():194}:195}()
#24 /var/www/indonesia-luxe/vendor/laravel/framework/src/Illuminate/Pipeline/Pipeline.php(219): Illuminate\\View\\Middleware\\ShareErrorsFromSession->handle()
#25 /var/www/indonesia-luxe/vendor/laravel/framework/src/Illuminate/Session/Middleware/StartSession.php(120): Illuminate\\Pipeline\\Pipeline->{closure:{closure:Illuminate\\Pipeline\\Pipeline::carry():194}:195}()
#26 /var/www/indonesia-luxe/vendor/laravel/framework/src/Illuminate/Session/Middleware/StartSession.php(63): Illuminate\\Session\\Middleware\\StartSession->handleStatefulRequest()
#27 /var/www/indonesia-luxe/vendor/laravel/framework/src/Illuminate/Pipeline/Pipeline.php(219): Illuminate\\Session\\Middleware\\StartSession->handle()
#28 /var/www/indonesia-luxe/vendor/laravel/framework/src/Illuminate/Cookie/Middleware/AddQueuedCookiesToResponse.php(36): Illuminate\\Pipeline\\Pipeline->{closure:{closure:Illuminate\\Pipeline\\Pipeline::carry():194}:195}()
#29 /var/www/indonesia-luxe/vendor/laravel/framework/src/Illuminate/Pipeline/Pipeline.php(219): Illuminate\\Cookie\\Middleware\\AddQueuedCookiesToResponse->handle()
#30 /var/www/indonesia-luxe/vendor/laravel/framework/src/Illuminate/Cookie/Middleware/EncryptCookies.php(74): Illuminate\\Pipeline\\Pipeline->{closure:{closure:Illuminate\\Pipeline\\Pipeline::carry():194}:195}()
#31 /var/www/indonesia-luxe/vendor/laravel/framework/src/Illuminate/Pipeline/Pipeline.php(219): Illuminate\\Cookie\\Middleware\\EncryptCookies->handle()
#32 /var/www/indonesia-luxe/vendor/laravel/framework/src/Illuminate/Pipeline/Pipeline.php(137): Illuminate\\Pipeline\\Pipeline->{closure:{closure:Illuminate\\Pipeline\\Pipeline::carry():194}:195}()
#33 /var/www/indonesia-luxe/vendor/laravel/framework/src/Illuminate/Routing/Router.php(821): Illuminate\\Pipeline\\Pipeline->then()
#34 /var/www/indonesia-luxe/vendor/laravel/framework/src/Illuminate/Routing/Router.php(800): Illuminate\\Routing\\Router->runRouteWithinStack()
#35 /var/www/indonesia-luxe/vendor/laravel/framework/src/Illuminate/Routing/Router.php(764): Illuminate\\Routing\\Router->runRoute()
#36 /var/www/indonesia-luxe/vendor/laravel/framework/src/Illuminate/Routing/Router.php(753): Illuminate\\Routing\\Router->dispatchToRoute()
#37 /var/www/indonesia-luxe/vendor/laravel/framework/src/Illuminate/Foundation/Http/Kernel.php(200): Illuminate\\Routing\\Router->dispatch()
#38 /var/www/indonesia-luxe/vendor/laravel/framework/src/Illuminate/Pipeline/Pipeline.php(180): Illuminate\\Foundation\\Http\\Kernel->{closure:Illuminate\\Foundation\\Http\\Kernel::dispatchToRouter():197}()
#39 /var/www/indonesia-luxe/vendor/livewire/livewire/src/Features/SupportDisablingBackButtonCache/DisableBackButtonCacheMiddleware.php(19): Illuminate\\Pipeline\\Pipeline->{closure:Illuminate\\Pipeline\\Pipeline::prepareDestination():178}()
#40 /var/www/indonesia-luxe/vendor/laravel/framework/src/Illuminate/Pipeline/Pipeline.php(219): Livewire\\Features\\SupportDisablingBackButtonCache\\DisableBackButtonCacheMiddleware->handle()
#41 /var/www/indonesia-luxe/vendor/laravel/framework/src/Illuminate/Foundation/Http/Middleware/ConvertEmptyStringsToNull.php(27): Illuminate\\Pipeline\\Pipeline->{closure:{closure:Illuminate\\Pipeline\\Pipeline::carry():194}:195}()
#42 /var/www/indonesia-luxe/vendor/laravel/framework/src/Illuminate/Pipeline/Pipeline.php(219): Illuminate\\Foundation\\Http\\Middleware\\ConvertEmptyStringsToNull->handle()
#43 /var/www/indonesia-luxe/vendor/laravel/framework/src/Illuminate/Foundation/Http/Middleware/TrimStrings.php(47): Illuminate\\Pipeline\\Pipeline->{closure:{closure:Illuminate\\Pipeline\\Pipeline::carry():194}:195}()
#44 /var/www/indonesia-luxe/vendor/laravel/framework/src/Illuminate/Pipeline/Pipeline.php(219): Illuminate\\Foundation\\Http\\Middleware\\TrimStrings->handle()
#45 /var/www/indonesia-luxe/vendor/laravel/framework/src/Illuminate/Http/Middleware/ValidatePostSize.php(27): Illuminate\\Pipeline\\Pipeline->{closure:{closure:Illuminate\\Pipeline\\Pipeline::carry():194}:195}()
#46 /var/www/indonesia-luxe/vendor/laravel/framework/src/Illuminate/Pipeline/Pipeline.php(219): Illuminate\\Http\\Middleware\\ValidatePostSize->handle()
#47 /var/www/indonesia-luxe/vendor/laravel/framework/src/Illuminate/Foundation/Http/Middleware/PreventRequestsDuringMaintenance.php(109): Illuminate\\Pipeline\\Pipeline->{closure:{closure:Illuminate\\Pipeline\\Pipeline::carry():194}:195}()
#48 /var/www/indonesia-luxe/vendor/laravel/framework/src/Illuminate/Pipeline/Pipeline.php(219): Illuminate\\Foundation\\Http\\Middleware\\PreventRequestsDuringMaintenance->handle()
#49 /var/www/indonesia-luxe/vendor/laravel/framework/src/Illuminate/Http/Middleware/HandleCors.php(61): Illuminate\\Pipeline\\Pipeline->{closure:{closure:Illuminate\\Pipeline\\Pipeline::carry():194}:195}()
#50 /var/www/indonesia-luxe/vendor/laravel/framework/src/Illuminate/Pipeline/Pipeline.php(219): Illuminate\\Http\\Middleware\\HandleCors->handle()
#51 /var/www/indonesia-luxe/vendor/laravel/framework/src/Illuminate/Http/Middleware/TrustProxies.php(58): Illuminate\\Pipeline\\Pipeline->{closure:{closure:Illuminate\\Pipeline\\Pipeline::carry():194}:195}()
#52 /var/www/indonesia-luxe/vendor/laravel/framework/src/Illuminate/Pipeline/Pipeline.php(219): Illuminate\\Http\\Middleware\\TrustProxies->handle()
#53 /var/www/indonesia-luxe/vendor/laravel/framework/src/Illuminate/Foundation/Http/Middleware/InvokeDeferredCallbacks.php(22): Illuminate\\Pipeline\\Pipeline->{closure:{closure:Illuminate\\Pipeline\\Pipeline::carry():194}:195}()
#54 /var/www/indonesia-luxe/vendor/laravel/framework/src/Illuminate/Pipeline/Pipeline.php(219): Illuminate\\Foundation\\Http\\Middleware\\InvokeDeferredCallbacks->handle()
#55 /var/www/indonesia-luxe/vendor/laravel/framework/src/Illuminate/Http/Middleware/ValidatePathEncoding.php(26): Illuminate\\Pipeline\\Pipeline->{closure:{closure:Illuminate\\Pipeline\\Pipeline::carry():194}:195}()
#56 /var/www/indonesia-luxe/vendor/laravel/framework/src/Illuminate/Pipeline/Pipeline.php(219): Illuminate\\Http\\Middleware\\ValidatePathEncoding->handle()
#57 /var/www/indonesia-luxe/vendor/laravel/framework/src/Illuminate/Pipeline/Pipeline.php(137): Illuminate\\Pipeline\\Pipeline->{closure:{closure:Illuminate\\Pipeline\\Pipeline::carry():194}:195}()
#58 /var/www/indonesia-luxe/vendor/laravel/framework/src/Illuminate/Foundation/Http/Kernel.php(175): Illuminate\\Pipeline\\Pipeline->then()
#59 /var/www/indonesia-luxe/vendor/laravel/framework/src/Illuminate/Foundation/Http/Kernel.php(144): Illuminate\\Foundation\\Http\\Kernel->sendRequestThroughRouter()
#60 /var/www/indonesia-luxe/vendor/laravel/framework/src/Illuminate/Foundation/Application.php(1220): Illuminate\\Foundation\\Http\\Kernel->handle()
#61 /var/www/indonesia-luxe/public/index.php(20): Illuminate\\Foundation\\Application->handleRequest()
#62 {main}
"} 
[2026-06-11 05:31:26] local.ERROR: Unable to find component: [profile.two-factor-authentication-form] {"exception":"[object] (Livewire\\Exceptions\\ComponentNotFoundException(code: 0): Unable to find component: [profile.two-factor-authentication-form] at /var/www/indonesia-luxe/vendor/livewire/livewire/src/Factory/Factory.php:76)
[stacktrace]
#0 /var/www/indonesia-luxe/vendor/livewire/livewire/src/Factory/Factory.php(88): Livewire\\Factory\\Factory->resolveComponentNameAndClass()
#1 /var/www/indonesia-luxe/vendor/livewire/livewire/src/Features/SupportReleaseTokens/ReleaseToken.php(15): Livewire\\Factory\\Factory->resolveComponentClass()
#2 /var/www/indonesia-luxe/vendor/livewire/livewire/src/Features/SupportReleaseTokens/SupportReleaseTokens.php(20): Livewire\\Features\\SupportReleaseTokens\\ReleaseToken::verify()
#3 /var/www/indonesia-luxe/vendor/livewire/livewire/src/EventBus.php(87): Livewire\\Features\\SupportReleaseTokens\\SupportReleaseTokens::{closure:Livewire\\Features\\SupportReleaseTokens\\SupportReleaseTokens::provide():19}()
#4 /var/www/indonesia-luxe/vendor/livewire/livewire/src/helpers.php(98): Livewire\\EventBus->trigger()
#5 /var/www/indonesia-luxe/vendor/livewire/livewire/src/Mechanisms/HandleComponents/Checksum.php(22): Livewire\\trigger()
#6 /var/www/indonesia-luxe/vendor/livewire/livewire/src/Mechanisms/HandleComponents/HandleComponents.php(244): Livewire\\Mechanisms\\HandleComponents\\Checksum::verify()
#7 /var/www/indonesia-luxe/vendor/livewire/livewire/src/Mechanisms/HandleComponents/HandleComponents.php(210): Livewire\\Mechanisms\\HandleComponents\\HandleComponents->fromSnapshot()
#8 /var/www/indonesia-luxe/vendor/livewire/livewire/src/LivewireManager.php(131): Livewire\\Mechanisms\\HandleComponents\\HandleComponents->update()
#9 /var/www/indonesia-luxe/vendor/livewire/livewire/src/Mechanisms/HandleRequests/HandleRequests.php(156): Livewire\\LivewireManager->update()
#10 /var/www/indonesia-luxe/vendor/laravel/framework/src/Illuminate/Routing/ControllerDispatcher.php(46): Livewire\\Mechanisms\\HandleRequests\\HandleRequests->handleUpdate()
#11 /var/www/indonesia-luxe/vendor/laravel/framework/src/Illuminate/Routing/Route.php(265): Illuminate\\Routing\\ControllerDispatcher->dispatch()
#12 /var/www/indonesia-luxe/vendor/laravel/framework/src/Illuminate/Routing/Route.php(211): Illuminate\\Routing\\Route->runController()
#13 /var/www/indonesia-luxe/vendor/laravel/framework/src/Illuminate/Routing/Router.php(822): Illuminate\\Routing\\Route->run()
#14 /var/www/indonesia-luxe/vendor/laravel/framework/src/Illuminate/Pipeline/Pipeline.php(180): Illuminate\\Routing\\Router->{closure:Illuminate\\Routing\\Router::runRouteWithinStack():821}()
#15 /var/www/indonesia-luxe/vendor/laravel/boost/src/Middleware/InjectBoost.php(22): Illuminate\\Pipeline\\Pipeline->{closure:Illuminate\\Pipeline\\Pipeline::prepareDestination():178}()
#16 /var/www/indonesia-luxe/vendor/laravel/framework/src/Illuminate/Pipeline/Pipeline.php(219): Laravel\\Boost\\Middleware\\InjectBoost->handle()
#17 /var/www/indonesia-luxe/app/Http/Middleware/SetLocale.php(28): Illuminate\\Pipeline\\Pipeline->{closure:{closure:Illuminate\\Pipeline\\Pipeline::carry():194}:195}()
#18 /var/www/indonesia-luxe/vendor/laravel/framework/src/Illuminate/Pipeline/Pipeline.php(219): App\\Http\\Middleware\\SetLocale->handle()
#19 /var/www/indonesia-luxe/vendor/laravel/framework/src/Illuminate/Routing/Middleware/SubstituteBindings.php(50): Illuminate\\Pipeline\\Pipeline->{closure:{closure:Illuminate\\Pipeline\\Pipeline::carry():194}:195}()
#20 /var/www/indonesia-luxe/vendor/laravel/framework/src/Illuminate/Pipeline/Pipeline.php(219): Illuminate\\Routing\\Middleware\\SubstituteBindings->handle()
#21 /var/www/indonesia-luxe/vendor/laravel/framework/src/Illuminate/Foundation/Http/Middleware/VerifyCsrfToken.php(87): Illuminate\\Pipeline\\Pipeline->{closure:{closure:Illuminate\\Pipeline\\Pipeline::carry():194}:195}()
#22 /var/www/indonesia-luxe/vendor/laravel/framework/src/Illuminate/Pipeline/Pipeline.php(219): Illuminate\\Foundation\\Http\\Middleware\\VerifyCsrfToken->handle()
#23 /var/www/indonesia-luxe/vendor/laravel/framework/src/Illuminate/View/Middleware/ShareErrorsFromSession.php(48): Illuminate\\Pipeline\\Pipeline->{closure:{closure:Illuminate\\Pipeline\\Pipeline::carry():194}:195}()
#24 /var/www/indonesia-luxe/vendor/laravel/framework/src/Illuminate/Pipeline/Pipeline.php(219): Illuminate\\View\\Middleware\\ShareErrorsFromSession->handle()
#25 /var/www/indonesia-luxe/vendor/laravel/framework/src/Illuminate/Session/Middleware/StartSession.php(120): Illuminate\\Pipeline\\Pipeline->{closure:{closure:Illuminate\\Pipeline\\Pipeline::carry():194}:195}()
#26 /var/www/indonesia-luxe/vendor/laravel/framework/src/Illuminate/Session/Middleware/StartSession.php(63): Illuminate\\Session\\Middleware\\StartSession->handleStatefulRequest()
#27 /var/www/indonesia-luxe/vendor/laravel/framework/src/Illuminate/Pipeline/Pipeline.php(219): Illuminate\\Session\\Middleware\\StartSession->handle()
#28 /var/www/indonesia-luxe/vendor/laravel/framework/src/Illuminate/Cookie/Middleware/AddQueuedCookiesToResponse.php(36): Illuminate\\Pipeline\\Pipeline->{closure:{closure:Illuminate\\Pipeline\\Pipeline::carry():194}:195}()
#29 /var/www/indonesia-luxe/vendor/laravel/framework/src/Illuminate/Pipeline/Pipeline.php(219): Illuminate\\Cookie\\Middleware\\AddQueuedCookiesToResponse->handle()
#30 /var/www/indonesia-luxe/vendor/laravel/framework/src/Illuminate/Cookie/Middleware/EncryptCookies.php(74): Illuminate\\Pipeline\\Pipeline->{closure:{closure:Illuminate\\Pipeline\\Pipeline::carry():194}:195}()
#31 /var/www/indonesia-luxe/vendor/laravel/framework/src/Illuminate/Pipeline/Pipeline.php(219): Illuminate\\Cookie\\Middleware\\EncryptCookies->handle()
#32 /var/www/indonesia-luxe/vendor/laravel/framework/src/Illuminate/Pipeline/Pipeline.php(137): Illuminate\\Pipeline\\Pipeline->{closure:{closure:Illuminate\\Pipeline\\Pipeline::carry():194}:195}()
#33 /var/www/indonesia-luxe/vendor/laravel/framework/src/Illuminate/Routing/Router.php(821): Illuminate\\Pipeline\\Pipeline->then()
#34 /var/www/indonesia-luxe/vendor/laravel/framework/src/Illuminate/Routing/Router.php(800): Illuminate\\Routing\\Router->runRouteWithinStack()
#35 /var/www/indonesia-luxe/vendor/laravel/framework/src/Illuminate/Routing/Router.php(764): Illuminate\\Routing\\Router->runRoute()
#36 /var/www/indonesia-luxe/vendor/laravel/framework/src/Illuminate/Routing/Router.php(753): Illuminate\\Routing\\Router->dispatchToRoute()
#37 /var/www/indonesia-luxe/vendor/laravel/framework/src/Illuminate/Foundation/Http/Kernel.php(200): Illuminate\\Routing\\Router->dispatch()
#38 /var/www/indonesia-luxe/vendor/laravel/framework/src/Illuminate/Pipeline/Pipeline.php(180): Illuminate\\Foundation\\Http\\Kernel->{closure:Illuminate\\Foundation\\Http\\Kernel::dispatchToRouter():197}()
#39 /var/www/indonesia-luxe/vendor/livewire/livewire/src/Features/SupportDisablingBackButtonCache/DisableBackButtonCacheMiddleware.php(19): Illuminate\\Pipeline\\Pipeline->{closure:Illuminate\\Pipeline\\Pipeline::prepareDestination():178}()
#40 /var/www/indonesia-luxe/vendor/laravel/framework/src/Illuminate/Pipeline/Pipeline.php(219): Livewire\\Features\\SupportDisablingBackButtonCache\\DisableBackButtonCacheMiddleware->handle()
#41 /var/www/indonesia-luxe/vendor/laravel/framework/src/Illuminate/Foundation/Http/Middleware/ConvertEmptyStringsToNull.php(27): Illuminate\\Pipeline\\Pipeline->{closure:{closure:Illuminate\\Pipeline\\Pipeline::carry():194}:195}()
#42 /var/www/indonesia-luxe/vendor/laravel/framework/src/Illuminate/Pipeline/Pipeline.php(219): Illuminate\\Foundation\\Http\\Middleware\\ConvertEmptyStringsToNull->handle()
#43 /var/www/indonesia-luxe/vendor/laravel/framework/src/Illuminate/Foundation/Http/Middleware/TrimStrings.php(47): Illuminate\\Pipeline\\Pipeline->{closure:{closure:Illuminate\\Pipeline\\Pipeline::carry():194}:195}()
#44 /var/www/indonesia-luxe/vendor/laravel/framework/src/Illuminate/Pipeline/Pipeline.php(219): Illuminate\\Foundation\\Http\\Middleware\\TrimStrings->handle()
#45 /var/www/indonesia-luxe/vendor/laravel/framework/src/Illuminate/Http/Middleware/ValidatePostSize.php(27): Illuminate\\Pipeline\\Pipeline->{closure:{closure:Illuminate\\Pipeline\\Pipeline::carry():194}:195}()
#46 /var/www/indonesia-luxe/vendor/laravel/framework/src/Illuminate/Pipeline/Pipeline.php(219): Illuminate\\Http\\Middleware\\ValidatePostSize->handle()
#47 /var/www/indonesia-luxe/vendor/laravel/framework/src/Illuminate/Foundation/Http/Middleware/PreventRequestsDuringMaintenance.php(109): Illuminate\\Pipeline\\Pipeline->{closure:{closure:Illuminate\\Pipeline\\Pipeline::carry():194}:195}()
#48 /var/www/indonesia-luxe/vendor/laravel/framework/src/Illuminate/Pipeline/Pipeline.php(219): Illuminate\\Foundation\\Http\\Middleware\\PreventRequestsDuringMaintenance->handle()
#49 /var/www/indonesia-luxe/vendor/laravel/framework/src/Illuminate/Http/Middleware/HandleCors.php(61): Illuminate\\Pipeline\\Pipeline->{closure:{closure:Illuminate\\Pipeline\\Pipeline::carry():194}:195}()
#50 /var/www/indonesia-luxe/vendor/laravel/framework/src/Illuminate/Pipeline/Pipeline.php(219): Illuminate\\Http\\Middleware\\HandleCors->handle()
#51 /var/www/indonesia-luxe/vendor/laravel/framework/src/Illuminate/Http/Middleware/TrustProxies.php(58): Illuminate\\Pipeline\\Pipeline->{closure:{closure:Illuminate\\Pipeline\\Pipeline::carry():194}:195}()
#52 /var/www/indonesia-luxe/vendor/laravel/framework/src/Illuminate/Pipeline/Pipeline.php(219): Illuminate\\Http\\Middleware\\TrustProxies->handle()
#53 /var/www/indonesia-luxe/vendor/laravel/framework/src/Illuminate/Foundation/Http/Middleware/InvokeDeferredCallbacks.php(22): Illuminate\\Pipeline\\Pipeline->{closure:{closure:Illuminate\\Pipeline\\Pipeline::carry():194}:195}()
#54 /var/www/indonesia-luxe/vendor/laravel/framework/src/Illuminate/Pipeline/Pipeline.php(219): Illuminate\\Foundation\\Http\\Middleware\\InvokeDeferredCallbacks->handle()
#55 /var/www/indonesia-luxe/vendor/laravel/framework/src/Illuminate/Http/Middleware/ValidatePathEncoding.php(26): Illuminate\\Pipeline\\Pipeline->{closure:{closure:Illuminate\\Pipeline\\Pipeline::carry():194}:195}()
#56 /var/www/indonesia-luxe/vendor/laravel/framework/src/Illuminate/Pipeline/Pipeline.php(219): Illuminate\\Http\\Middleware\\ValidatePathEncoding->handle()
#57 /var/www/indonesia-luxe/vendor/laravel/framework/src/Illuminate/Pipeline/Pipeline.php(137): Illuminate\\Pipeline\\Pipeline->{closure:{closure:Illuminate\\Pipeline\\Pipeline::carry():194}:195}()
#58 /var/www/indonesia-luxe/vendor/laravel/framework/src/Illuminate/Foundation/Http/Kernel.php(175): Illuminate\\Pipeline\\Pipeline->then()
#59 /var/www/indonesia-luxe/vendor/laravel/framework/src/Illuminate/Foundation/Http/Kernel.php(144): Illuminate\\Foundation\\Http\\Kernel->sendRequestThroughRouter()
#60 /var/www/indonesia-luxe/vendor/laravel/framework/src/Illuminate/Foundation/Application.php(1220): Illuminate\\Foundation\\Http\\Kernel->handle()
#61 /var/www/indonesia-luxe/public/index.php(20): Illuminate\\Foundation\\Application->handleRequest()
#62 {main}
"} 
[2026-06-11 05:31:26] local.ERROR: Unable to find component: [profile.two-factor-authentication-form] {"exception":"[object] (Livewire\\Exceptions\\ComponentNotFoundException(code: 0): Unable to find component: [profile.two-factor-authentication-form] at /var/www/indonesia-luxe/vendor/livewire/livewire/src/Factory/Factory.php:76)
[stacktrace]
#0 /var/www/indonesia-luxe/vendor/livewire/livewire/src/Factory/Factory.php(88): Livewire\\Factory\\Factory->resolveComponentNameAndClass()
#1 /var/www/indonesia-luxe/vendor/livewire/livewire/src/Features/SupportReleaseTokens/ReleaseToken.php(15): Livewire\\Factory\\Factory->resolveComponentClass()
#2 /var/www/indonesia-luxe/vendor/livewire/livewire/src/Features/SupportReleaseTokens/SupportReleaseTokens.php(20): Livewire\\Features\\SupportReleaseTokens\\ReleaseToken::verify()
#3 /var/www/indonesia-luxe/vendor/livewire/livewire/src/EventBus.php(87): Livewire\\Features\\SupportReleaseTokens\\SupportReleaseTokens::{closure:Livewire\\Features\\SupportReleaseTokens\\SupportReleaseTokens::provide():19}()
#4 /var/www/indonesia-luxe/vendor/livewire/livewire/src/helpers.php(98): Livewire\\EventBus->trigger()
#5 /var/www/indonesia-luxe/vendor/livewire/livewire/src/Mechanisms/HandleComponents/Checksum.php(22): Livewire\\trigger()
#6 /var/www/indonesia-luxe/vendor/livewire/livewire/src/Mechanisms/HandleComponents/HandleComponents.php(244): Livewire\\Mechanisms\\HandleComponents\\Checksum::verify()
#7 /var/www/indonesia-luxe/vendor/livewire/livewire/src/Mechanisms/HandleComponents/HandleComponents.php(210): Livewire\\Mechanisms\\HandleComponents\\HandleComponents->fromSnapshot()
#8 /var/www/indonesia-luxe/vendor/livewire/livewire/src/LivewireManager.php(131): Livewire\\Mechanisms\\HandleComponents\\HandleComponents->update()
#9 /var/www/indonesia-luxe/vendor/livewire/livewire/src/Mechanisms/HandleRequests/HandleRequests.php(156): Livewire\\LivewireManager->update()
#10 /var/www/indonesia-luxe/vendor/laravel/framework/src/Illuminate/Routing/ControllerDispatcher.php(46): Livewire\\Mechanisms\\HandleRequests\\HandleRequests->handleUpdate()
#11 /var/www/indonesia-luxe/vendor/laravel/framework/src/Illuminate/Routing/Route.php(265): Illuminate\\Routing\\ControllerDispatcher->dispatch()
#12 /var/www/indonesia-luxe/vendor/laravel/framework/src/Illuminate/Routing/Route.php(211): Illuminate\\Routing\\Route->runController()
#13 /var/www/indonesia-luxe/vendor/laravel/framework/src/Illuminate/Routing/Router.php(822): Illuminate\\Routing\\Route->run()
#14 /var/www/indonesia-luxe/vendor/laravel/framework/src/Illuminate/Pipeline/Pipeline.php(180): Illuminate\\Routing\\Router->{closure:Illuminate\\Routing\\Router::runRouteWithinStack():821}()
#15 /var/www/indonesia-luxe/vendor/laravel/boost/src/Middleware/InjectBoost.php(22): Illuminate\\Pipeline\\Pipeline->{closure:Illuminate\\Pipeline\\Pipeline::prepareDestination():178}()
#16 /var/www/indonesia-luxe/vendor/laravel/framework/src/Illuminate/Pipeline/Pipeline.php(219): Laravel\\Boost\\Middleware\\InjectBoost->handle()
#17 /var/www/indonesia-luxe/app/Http/Middleware/SetLocale.php(28): Illuminate\\Pipeline\\Pipeline->{closure:{closure:Illuminate\\Pipeline\\Pipeline::carry():194}:195}()
#18 /var/www/indonesia-luxe/vendor/laravel/framework/src/Illuminate/Pipeline/Pipeline.php(219): App\\Http\\Middleware\\SetLocale->handle()
#19 /var/www/indonesia-luxe/vendor/laravel/framework/src/Illuminate/Routing/Middleware/SubstituteBindings.php(50): Illuminate\\Pipeline\\Pipeline->{closure:{closure:Illuminate\\Pipeline\\Pipeline::carry():194}:195}()
#20 /var/www/indonesia-luxe/vendor/laravel/framework/src/Illuminate/Pipeline/Pipeline.php(219): Illuminate\\Routing\\Middleware\\SubstituteBindings->handle()
#21 /var/www/indonesia-luxe/vendor/laravel/framework/src/Illuminate/Foundation/Http/Middleware/VerifyCsrfToken.php(87): Illuminate\\Pipeline\\Pipeline->{closure:{closure:Illuminate\\Pipeline\\Pipeline::carry():194}:195}()
#22 /var/www/indonesia-luxe/vendor/laravel/framework/src/Illuminate/Pipeline/Pipeline.php(219): Illuminate\\Foundation\\Http\\Middleware\\VerifyCsrfToken->handle()
#23 /var/www/indonesia-luxe/vendor/laravel/framework/src/Illuminate/View/Middleware/ShareErrorsFromSession.php(48): Illuminate\\Pipeline\\Pipeline->{closure:{closure:Illuminate\\Pipeline\\Pipeline::carry():194}:195}()
#24 /var/www/indonesia-luxe/vendor/laravel/framework/src/Illuminate/Pipeline/Pipeline.php(219): Illuminate\\View\\Middleware\\ShareErrorsFromSession->handle()
#25 /var/www/indonesia-luxe/vendor/laravel/framework/src/Illuminate/Session/Middleware/StartSession.php(120): Illuminate\\Pipeline\\Pipeline->{closure:{closure:Illuminate\\Pipeline\\Pipeline::carry():194}:195}()
#26 /var/www/indonesia-luxe/vendor/laravel/framework/src/Illuminate/Session/Middleware/StartSession.php(63): Illuminate\\Session\\Middleware\\StartSession->handleStatefulRequest()
#27 /var/www/indonesia-luxe/vendor/laravel/framework/src/Illuminate/Pipeline/Pipeline.php(219): Illuminate\\Session\\Middleware\\StartSession->handle()
#28 /var/www/indonesia-luxe/vendor/laravel/framework/src/Illuminate/Cookie/Middleware/AddQueuedCookiesToResponse.php(36): Illuminate\\Pipeline\\Pipeline->{closure:{closure:Illuminate\\Pipeline\\Pipeline::carry():194}:195}()
#29 /var/www/indonesia-luxe/vendor/laravel/framework/src/Illuminate/Pipeline/Pipeline.php(219): Illuminate\\Cookie\\Middleware\\AddQueuedCookiesToResponse->handle()
#30 /var/www/indonesia-luxe/vendor/laravel/framework/src/Illuminate/Cookie/Middleware/EncryptCookies.php(74): Illuminate\\Pipeline\\Pipeline->{closure:{closure:Illuminate\\Pipeline\\Pipeline::carry():194}:195}()
#31 /var/www/indonesia-luxe/vendor/laravel/framework/src/Illuminate/Pipeline/Pipeline.php(219): Illuminate\\Cookie\\Middleware\\EncryptCookies->handle()
#32 /var/www/indonesia-luxe/vendor/laravel/framework/src/Illuminate/Pipeline/Pipeline.php(137): Illuminate\\Pipeline\\Pipeline->{closure:{closure:Illuminate\\Pipeline\\Pipeline::carry():194}:195}()
#33 /var/www/indonesia-luxe/vendor/laravel/framework/src/Illuminate/Routing/Router.php(821): Illuminate\\Pipeline\\Pipeline->then()
#34 /var/www/indonesia-luxe/vendor/laravel/framework/src/Illuminate/Routing/Router.php(800): Illuminate\\Routing\\Router->runRouteWithinStack()
#35 /var/www/indonesia-luxe/vendor/laravel/framework/src/Illuminate/Routing/Router.php(764): Illuminate\\Routing\\Router->runRoute()
#36 /var/www/indonesia-luxe/vendor/laravel/framework/src/Illuminate/Routing/Router.php(753): Illuminate\\Routing\\Router->dispatchToRoute()
#37 /var/www/indonesia-luxe/vendor/laravel/framework/src/Illuminate/Foundation/Http/Kernel.php(200): Illuminate\\Routing\\Router->dispatch()
#38 /var/www/indonesia-luxe/vendor/laravel/framework/src/Illuminate/Pipeline/Pipeline.php(180): Illuminate\\Foundation\\Http\\Kernel->{closure:Illuminate\\Foundation\\Http\\Kernel::dispatchToRouter():197}()
#39 /var/www/indonesia-luxe/vendor/livewire/livewire/src/Features/SupportDisablingBackButtonCache/DisableBackButtonCacheMiddleware.php(19): Illuminate\\Pipeline\\Pipeline->{closure:Illuminate\\Pipeline\\Pipeline::prepareDestination():178}()
#40 /var/www/indonesia-luxe/vendor/laravel/framework/src/Illuminate/Pipeline/Pipeline.php(219): Livewire\\Features\\SupportDisablingBackButtonCache\\DisableBackButtonCacheMiddleware->handle()
#41 /var/www/indonesia-luxe/vendor/laravel/framework/src/Illuminate/Foundation/Http/Middleware/ConvertEmptyStringsToNull.php(27): Illuminate\\Pipeline\\Pipeline->{closure:{closure:Illuminate\\Pipeline\\Pipeline::carry():194}:195}()
#42 /var/www/indonesia-luxe/vendor/laravel/framework/src/Illuminate/Pipeline/Pipeline.php(219): Illuminate\\Foundation\\Http\\Middleware\\ConvertEmptyStringsToNull->handle()
#43 /var/www/indonesia-luxe/vendor/laravel/framework/src/Illuminate/Foundation/Http/Middleware/TrimStrings.php(47): Illuminate\\Pipeline\\Pipeline->{closure:{closure:Illuminate\\Pipeline\\Pipeline::carry():194}:195}()
#44 /var/www/indonesia-luxe/vendor/laravel/framework/src/Illuminate/Pipeline/Pipeline.php(219): Illuminate\\Foundation\\Http\\Middleware\\TrimStrings->handle()
#45 /var/www/indonesia-luxe/vendor/laravel/framework/src/Illuminate/Http/Middleware/ValidatePostSize.php(27): Illuminate\\Pipeline\\Pipeline->{closure:{closure:Illuminate\\Pipeline\\Pipeline::carry():194}:195}()
#46 /var/www/indonesia-luxe/vendor/laravel/framework/src/Illuminate/Pipeline/Pipeline.php(219): Illuminate\\Http\\Middleware\\ValidatePostSize->handle()
#47 /var/www/indonesia-luxe/vendor/laravel/framework/src/Illuminate/Foundation/Http/Middleware/PreventRequestsDuringMaintenance.php(109): Illuminate\\Pipeline\\Pipeline->{closure:{closure:Illuminate\\Pipeline\\Pipeline::carry():194}:195}()
#48 /var/www/indonesia-luxe/vendor/laravel/framework/src/Illuminate/Pipeline/Pipeline.php(219): Illuminate\\Foundation\\Http\\Middleware\\PreventRequestsDuringMaintenance->handle()
#49 /var/www/indonesia-luxe/vendor/laravel/framework/src/Illuminate/Http/Middleware/HandleCors.php(61): Illuminate\\Pipeline\\Pipeline->{closure:{closure:Illuminate\\Pipeline\\Pipeline::carry():194}:195}()
#50 /var/www/indonesia-luxe/vendor/laravel/framework/src/Illuminate/Pipeline/Pipeline.php(219): Illuminate\\Http\\Middleware\\HandleCors->handle()
#51 /var/www/indonesia-luxe/vendor/laravel/framework/src/Illuminate/Http/Middleware/TrustProxies.php(58): Illuminate\\Pipeline\\Pipeline->{closure:{closure:Illuminate\\Pipeline\\Pipeline::carry():194}:195}()
#52 /var/www/indonesia-luxe/vendor/laravel/framework/src/Illuminate/Pipeline/Pipeline.php(219): Illuminate\\Http\\Middleware\\TrustProxies->handle()
#53 /var/www/indonesia-luxe/vendor/laravel/framework/src/Illuminate/Foundation/Http/Middleware/InvokeDeferredCallbacks.php(22): Illuminate\\Pipeline\\Pipeline->{closure:{closure:Illuminate\\Pipeline\\Pipeline::carry():194}:195}()
#54 /var/www/indonesia-luxe/vendor/laravel/framework/src/Illuminate/Pipeline/Pipeline.php(219): Illuminate\\Foundation\\Http\\Middleware\\InvokeDeferredCallbacks->handle()
#55 /var/www/indonesia-luxe/vendor/laravel/framework/src/Illuminate/Http/Middleware/ValidatePathEncoding.php(26): Illuminate\\Pipeline\\Pipeline->{closure:{closure:Illuminate\\Pipeline\\Pipeline::carry():194}:195}()
#56 /var/www/indonesia-luxe/vendor/laravel/framework/src/Illuminate/Pipeline/Pipeline.php(219): Illuminate\\Http\\Middleware\\ValidatePathEncoding->handle()
#57 /var/www/indonesia-luxe/vendor/laravel/framework/src/Illuminate/Pipeline/Pipeline.php(137): Illuminate\\Pipeline\\Pipeline->{closure:{closure:Illuminate\\Pipeline\\Pipeline::carry():194}:195}()
#58 /var/www/indonesia-luxe/vendor/laravel/framework/src/Illuminate/Foundation/Http/Kernel.php(175): Illuminate\\Pipeline\\Pipeline->then()
#59 /var/www/indonesia-luxe/vendor/laravel/framework/src/Illuminate/Foundation/Http/Kernel.php(144): Illuminate\\Foundation\\Http\\Kernel->sendRequestThroughRouter()
#60 /var/www/indonesia-luxe/vendor/laravel/framework/src/Illuminate/Foundation/Application.php(1220): Illuminate\\Foundation\\Http\\Kernel->handle()
#61 /var/www/indonesia-luxe/public/index.php(20): Illuminate\\Foundation\\Application->handleRequest()
#62 {main}
"} 
[2026-06-11 05:31:27] local.ERROR: Unable to find component: [profile.logout-other-browser-sessions-form] {"exception":"[object] (Livewire\\Exceptions\\ComponentNotFoundException(code: 0): Unable to find component: [profile.logout-other-browser-sessions-form] at /var/www/indonesia-luxe/vendor/livewire/livewire/src/Factory/Factory.php:76)
[stacktrace]
#0 /var/www/indonesia-luxe/vendor/livewire/livewire/src/Factory/Factory.php(88): Livewire\\Factory\\Factory->resolveComponentNameAndClass()
#1 /var/www/indonesia-luxe/vendor/livewire/livewire/src/Features/SupportReleaseTokens/ReleaseToken.php(15): Livewire\\Factory\\Factory->resolveComponentClass()
#2 /var/www/indonesia-luxe/vendor/livewire/livewire/src/Features/SupportReleaseTokens/SupportReleaseTokens.php(20): Livewire\\Features\\SupportReleaseTokens\\ReleaseToken::verify()
#3 /var/www/indonesia-luxe/vendor/livewire/livewire/src/EventBus.php(87): Livewire\\Features\\SupportReleaseTokens\\SupportReleaseTokens::{closure:Livewire\\Features\\SupportReleaseTokens\\SupportReleaseTokens::provide():19}()
#4 /var/www/indonesia-luxe/vendor/livewire/livewire/src/helpers.php(98): Livewire\\EventBus->trigger()
#5 /var/www/indonesia-luxe/vendor/livewire/livewire/src/Mechanisms/HandleComponents/Checksum.php(22): Livewire\\trigger()
#6 /var/www/indonesia-luxe/vendor/livewire/livewire/src/Mechanisms/HandleComponents/HandleComponents.php(244): Livewire\\Mechanisms\\HandleComponents\\Checksum::verify()
#7 /var/www/indonesia-luxe/vendor/livewire/livewire/src/Mechanisms/HandleComponents/HandleComponents.php(210): Livewire\\Mechanisms\\HandleComponents\\HandleComponents->fromSnapshot()
#8 /var/www/indonesia-luxe/vendor/livewire/livewire/src/LivewireManager.php(131): Livewire\\Mechanisms\\HandleComponents\\HandleComponents->update()
#9 /var/www/indonesia-luxe/vendor/livewire/livewire/src/Mechanisms/HandleRequests/HandleRequests.php(156): Livewire\\LivewireManager->update()
#10 /var/www/indonesia-luxe/vendor/laravel/framework/src/Illuminate/Routing/ControllerDispatcher.php(46): Livewire\\Mechanisms\\HandleRequests\\HandleRequests->handleUpdate()
#11 /var/www/indonesia-luxe/vendor/laravel/framework/src/Illuminate/Routing/Route.php(265): Illuminate\\Routing\\ControllerDispatcher->dispatch()
#12 /var/www/indonesia-luxe/vendor/laravel/framework/src/Illuminate/Routing/Route.php(211): Illuminate\\Routing\\Route->runController()
#13 /var/www/indonesia-luxe/vendor/laravel/framework/src/Illuminate/Routing/Router.php(822): Illuminate\\Routing\\Route->run()
#14 /var/www/indonesia-luxe/vendor/laravel/framework/src/Illuminate/Pipeline/Pipeline.php(180): Illuminate\\Routing\\Router->{closure:Illuminate\\Routing\\Router::runRouteWithinStack():821}()
#15 /var/www/indonesia-luxe/vendor/laravel/boost/src/Middleware/InjectBoost.php(22): Illuminate\\Pipeline\\Pipeline->{closure:Illuminate\\Pipeline\\Pipeline::prepareDestination():178}()
#16 /var/www/indonesia-luxe/vendor/laravel/framework/src/Illuminate/Pipeline/Pipeline.php(219): Laravel\\Boost\\Middleware\\InjectBoost->handle()
#17 /var/www/indonesia-luxe/app/Http/Middleware/SetLocale.php(28): Illuminate\\Pipeline\\Pipeline->{closure:{closure:Illuminate\\Pipeline\\Pipeline::carry():194}:195}()
#18 /var/www/indonesia-luxe/vendor/laravel/framework/src/Illuminate/Pipeline/Pipeline.php(219): App\\Http\\Middleware\\SetLocale->handle()
#19 /var/www/indonesia-luxe/vendor/laravel/framework/src/Illuminate/Routing/Middleware/SubstituteBindings.php(50): Illuminate\\Pipeline\\Pipeline->{closure:{closure:Illuminate\\Pipeline\\Pipeline::carry():194}:195}()
#20 /var/www/indonesia-luxe/vendor/laravel/framework/src/Illuminate/Pipeline/Pipeline.php(219): Illuminate\\Routing\\Middleware\\SubstituteBindings->handle()
#21 /var/www/indonesia-luxe/vendor/laravel/framework/src/Illuminate/Foundation/Http/Middleware/VerifyCsrfToken.php(87): Illuminate\\Pipeline\\Pipeline->{closure:{closure:Illuminate\\Pipeline\\Pipeline::carry():194}:195}()
#22 /var/www/indonesia-luxe/vendor/laravel/framework/src/Illuminate/Pipeline/Pipeline.php(219): Illuminate\\Foundation\\Http\\Middleware\\VerifyCsrfToken->handle()
#23 /var/www/indonesia-luxe/vendor/laravel/framework/src/Illuminate/View/Middleware/ShareErrorsFromSession.php(48): Illuminate\\Pipeline\\Pipeline->{closure:{closure:Illuminate\\Pipeline\\Pipeline::carry():194}:195}()
#24 /var/www/indonesia-luxe/vendor/laravel/framework/src/Illuminate/Pipeline/Pipeline.php(219): Illuminate\\View\\Middleware\\ShareErrorsFromSession->handle()
#25 /var/www/indonesia-luxe/vendor/laravel/framework/src/Illuminate/Session/Middleware/StartSession.php(120): Illuminate\\Pipeline\\Pipeline->{closure:{closure:Illuminate\\Pipeline\\Pipeline::carry():194}:195}()
#26 /var/www/indonesia-luxe/vendor/laravel/framework/src/Illuminate/Session/Middleware/StartSession.php(63): Illuminate\\Session\\Middleware\\StartSession->handleStatefulRequest()
#27 /var/www/indonesia-luxe/vendor/laravel/framework/src/Illuminate/Pipeline/Pipeline.php(219): Illuminate\\Session\\Middleware\\StartSession->handle()
#28 /var/www/indonesia-luxe/vendor/laravel/framework/src/Illuminate/Cookie/Middleware/AddQueuedCookiesToResponse.php(36): Illuminate\\Pipeline\\Pipeline->{closure:{closure:Illuminate\\Pipeline\\Pipeline::carry():194}:195}()
#29 /var/www/indonesia-luxe/vendor/laravel/framework/src/Illuminate/Pipeline/Pipeline.php(219): Illuminate\\Cookie\\Middleware\\AddQueuedCookiesToResponse->handle()
#30 /var/www/indonesia-luxe/vendor/laravel/framework/src/Illuminate/Cookie/Middleware/EncryptCookies.php(74): Illuminate\\Pipeline\\Pipeline->{closure:{closure:Illuminate\\Pipeline\\Pipeline::carry():194}:195}()
#31 /var/www/indonesia-luxe/vendor/laravel/framework/src/Illuminate/Pipeline/Pipeline.php(219): Illuminate\\Cookie\\Middleware\\EncryptCookies->handle()
#32 /var/www/indonesia-luxe/vendor/laravel/framework/src/Illuminate/Pipeline/Pipeline.php(137): Illuminate\\Pipeline\\Pipeline->{closure:{closure:Illuminate\\Pipeline\\Pipeline::carry():194}:195}()
#33 /var/www/indonesia-luxe/vendor/laravel/framework/src/Illuminate/Routing/Router.php(821): Illuminate\\Pipeline\\Pipeline->then()
#34 /var/www/indonesia-luxe/vendor/laravel/framework/src/Illuminate/Routing/Router.php(800): Illuminate\\Routing\\Router->runRouteWithinStack()
#35 /var/www/indonesia-luxe/vendor/laravel/framework/src/Illuminate/Routing/Router.php(764): Illuminate\\Routing\\Router->runRoute()
#36 /var/www/indonesia-luxe/vendor/laravel/framework/src/Illuminate/Routing/Router.php(753): Illuminate\\Routing\\Router->dispatchToRoute()
#37 /var/www/indonesia-luxe/vendor/laravel/framework/src/Illuminate/Foundation/Http/Kernel.php(200): Illuminate\\Routing\\Router->dispatch()
#38 /var/www/indonesia-luxe/vendor/laravel/framework/src/Illuminate/Pipeline/Pipeline.php(180): Illuminate\\Foundation\\Http\\Kernel->{closure:Illuminate\\Foundation\\Http\\Kernel::dispatchToRouter():197}()
#39 /var/www/indonesia-luxe/vendor/livewire/livewire/src/Features/SupportDisablingBackButtonCache/DisableBackButtonCacheMiddleware.php(19): Illuminate\\Pipeline\\Pipeline->{closure:Illuminate\\Pipeline\\Pipeline::prepareDestination():178}()
#40 /var/www/indonesia-luxe/vendor/laravel/framework/src/Illuminate/Pipeline/Pipeline.php(219): Livewire\\Features\\SupportDisablingBackButtonCache\\DisableBackButtonCacheMiddleware->handle()
#41 /var/www/indonesia-luxe/vendor/laravel/framework/src/Illuminate/Foundation/Http/Middleware/ConvertEmptyStringsToNull.php(27): Illuminate\\Pipeline\\Pipeline->{closure:{closure:Illuminate\\Pipeline\\Pipeline::carry():194}:195}()
#42 /var/www/indonesia-luxe/vendor/laravel/framework/src/Illuminate/Pipeline/Pipeline.php(219): Illuminate\\Foundation\\Http\\Middleware\\ConvertEmptyStringsToNull->handle()
#43 /var/www/indonesia-luxe/vendor/laravel/framework/src/Illuminate/Foundation/Http/Middleware/TrimStrings.php(47): Illuminate\\Pipeline\\Pipeline->{closure:{closure:Illuminate\\Pipeline\\Pipeline::carry():194}:195}()
#44 /var/www/indonesia-luxe/vendor/laravel/framework/src/Illuminate/Pipeline/Pipeline.php(219): Illuminate\\Foundation\\Http\\Middleware\\TrimStrings->handle()
#45 /var/www/indonesia-luxe/vendor/laravel/framework/src/Illuminate/Http/Middleware/ValidatePostSize.php(27): Illuminate\\Pipeline\\Pipeline->{closure:{closure:Illuminate\\Pipeline\\Pipeline::carry():194}:195}()
#46 /var/www/indonesia-luxe/vendor/laravel/framework/src/Illuminate/Pipeline/Pipeline.php(219): Illuminate\\Http\\Middleware\\ValidatePostSize->handle()
#47 /var/www/indonesia-luxe/vendor/laravel/framework/src/Illuminate/Foundation/Http/Middleware/PreventRequestsDuringMaintenance.php(109): Illuminate\\Pipeline\\Pipeline->{closure:{closure:Illuminate\\Pipeline\\Pipeline::carry():194}:195}()
#48 /var/www/indonesia-luxe/vendor/laravel/framework/src/Illuminate/Pipeline/Pipeline.php(219): Illuminate\\Foundation\\Http\\Middleware\\PreventRequestsDuringMaintenance->handle()
#49 /var/www/indonesia-luxe/vendor/laravel/framework/src/Illuminate/Http/Middleware/HandleCors.php(61): Illuminate\\Pipeline\\Pipeline->{closure:{closure:Illuminate\\Pipeline\\Pipeline::carry():194}:195}()
#50 /var/www/indonesia-luxe/vendor/laravel/framework/src/Illuminate/Pipeline/Pipeline.php(219): Illuminate\\Http\\Middleware\\HandleCors->handle()
#51 /var/www/indonesia-luxe/vendor/laravel/framework/src/Illuminate/Http/Middleware/TrustProxies.php(58): Illuminate\\Pipeline\\Pipeline->{closure:{closure:Illuminate\\Pipeline\\Pipeline::carry():194}:195}()
#52 /var/www/indonesia-luxe/vendor/laravel/framework/src/Illuminate/Pipeline/Pipeline.php(219): Illuminate\\Http\\Middleware\\TrustProxies->handle()
#53 /var/www/indonesia-luxe/vendor/laravel/framework/src/Illuminate/Foundation/Http/Middleware/InvokeDeferredCallbacks.php(22): Illuminate\\Pipeline\\Pipeline->{closure:{closure:Illuminate\\Pipeline\\Pipeline::carry():194}:195}()
#54 /var/www/indonesia-luxe/vendor/laravel/framework/src/Illuminate/Pipeline/Pipeline.php(219): Illuminate\\Foundation\\Http\\Middleware\\InvokeDeferredCallbacks->handle()
#55 /var/www/indonesia-luxe/vendor/laravel/framework/src/Illuminate/Http/Middleware/ValidatePathEncoding.php(26): Illuminate\\Pipeline\\Pipeline->{closure:{closure:Illuminate\\Pipeline\\Pipeline::carry():194}:195}()
#56 /var/www/indonesia-luxe/vendor/laravel/framework/src/Illuminate/Pipeline/Pipeline.php(219): Illuminate\\Http\\Middleware\\ValidatePathEncoding->handle()
#57 /var/www/indonesia-luxe/vendor/laravel/framework/src/Illuminate/Pipeline/Pipeline.php(137): Illuminate\\Pipeline\\Pipeline->{closure:{closure:Illuminate\\Pipeline\\Pipeline::carry():194}:195}()
#58 /var/www/indonesia-luxe/vendor/laravel/framework/src/Illuminate/Foundation/Http/Kernel.php(175): Illuminate\\Pipeline\\Pipeline->then()
#59 /var/www/indonesia-luxe/vendor/laravel/framework/src/Illuminate/Foundation/Http/Kernel.php(144): Illuminate\\Foundation\\Http\\Kernel->sendRequestThroughRouter()
#60 /var/www/indonesia-luxe/vendor/laravel/framework/src/Illuminate/Foundation/Application.php(1220): Illuminate\\Foundation\\Http\\Kernel->handle()
#61 /var/www/indonesia-luxe/public/index.php(20): Illuminate\\Foundation\\Application->handleRequest()
#62 {main}
"} 
[2026-06-11 05:31:27] local.ERROR: Unable to find component: [profile.logout-other-browser-sessions-form] {"exception":"[object] (Livewire\\Exceptions\\ComponentNotFoundException(code: 0): Unable to find component: [profile.logout-other-browser-sessions-form] at /var/www/indonesia-luxe/vendor/livewire/livewire/src/Factory/Factory.php:76)
[stacktrace]
#0 /var/www/indonesia-luxe/vendor/livewire/livewire/src/Factory/Factory.php(88): Livewire\\Factory\\Factory->resolveComponentNameAndClass()
#1 /var/www/indonesia-luxe/vendor/livewire/livewire/src/Features/SupportReleaseTokens/ReleaseToken.php(15): Livewire\\Factory\\Factory->resolveComponentClass()
#2 /var/www/indonesia-luxe/vendor/livewire/livewire/src/Features/SupportReleaseTokens/SupportReleaseTokens.php(20): Livewire\\Features\\SupportReleaseTokens\\ReleaseToken::verify()
#3 /var/www/indonesia-luxe/vendor/livewire/livewire/src/EventBus.php(87): Livewire\\Features\\SupportReleaseTokens\\SupportReleaseTokens::{closure:Livewire\\Features\\SupportReleaseTokens\\SupportReleaseTokens::provide():19}()
#4 /var/www/indonesia-luxe/vendor/livewire/livewire/src/helpers.php(98): Livewire\\EventBus->trigger()
#5 /var/www/indonesia-luxe/vendor/livewire/livewire/src/Mechanisms/HandleComponents/Checksum.php(22): Livewire\\trigger()
#6 /var/www/indonesia-luxe/vendor/livewire/livewire/src/Mechanisms/HandleComponents/HandleComponents.php(244): Livewire\\Mechanisms\\HandleComponents\\Checksum::verify()
#7 /var/www/indonesia-luxe/vendor/livewire/livewire/src/Mechanisms/HandleComponents/HandleComponents.php(210): Livewire\\Mechanisms\\HandleComponents\\HandleComponents->fromSnapshot()
#8 /var/www/indonesia-luxe/vendor/livewire/livewire/src/LivewireManager.php(131): Livewire\\Mechanisms\\HandleComponents\\HandleComponents->update()
#9 /var/www/indonesia-luxe/vendor/livewire/livewire/src/Mechanisms/HandleRequests/HandleRequests.php(156): Livewire\\LivewireManager->update()
#10 /var/www/indonesia-luxe/vendor/laravel/framework/src/Illuminate/Routing/ControllerDispatcher.php(46): Livewire\\Mechanisms\\HandleRequests\\HandleRequests->handleUpdate()
#11 /var/www/indonesia-luxe/vendor/laravel/framework/src/Illuminate/Routing/Route.php(265): Illuminate\\Routing\\ControllerDispatcher->dispatch()
#12 /var/www/indonesia-luxe/vendor/laravel/framework/src/Illuminate/Routing/Route.php(211): Illuminate\\Routing\\Route->runController()
#13 /var/www/indonesia-luxe/vendor/laravel/framework/src/Illuminate/Routing/Router.php(822): Illuminate\\Routing\\Route->run()
#14 /var/www/indonesia-luxe/vendor/laravel/framework/src/Illuminate/Pipeline/Pipeline.php(180): Illuminate\\Routing\\Router->{closure:Illuminate\\Routing\\Router::runRouteWithinStack():821}()
#15 /var/www/indonesia-luxe/vendor/laravel/boost/src/Middleware/InjectBoost.php(22): Illuminate\\Pipeline\\Pipeline->{closure:Illuminate\\Pipeline\\Pipeline::prepareDestination():178}()
#16 /var/www/indonesia-luxe/vendor/laravel/framework/src/Illuminate/Pipeline/Pipeline.php(219): Laravel\\Boost\\Middleware\\InjectBoost->handle()
#17 /var/www/indonesia-luxe/app/Http/Middleware/SetLocale.php(28): Illuminate\\Pipeline\\Pipeline->{closure:{closure:Illuminate\\Pipeline\\Pipeline::carry():194}:195}()
#18 /var/www/indonesia-luxe/vendor/laravel/framework/src/Illuminate/Pipeline/Pipeline.php(219): App\\Http\\Middleware\\SetLocale->handle()
#19 /var/www/indonesia-luxe/vendor/laravel/framework/src/Illuminate/Routing/Middleware/SubstituteBindings.php(50): Illuminate\\Pipeline\\Pipeline->{closure:{closure:Illuminate\\Pipeline\\Pipeline::carry():194}:195}()
#20 /var/www/indonesia-luxe/vendor/laravel/framework/src/Illuminate/Pipeline/Pipeline.php(219): Illuminate\\Routing\\Middleware\\SubstituteBindings->handle()
#21 /var/www/indonesia-luxe/vendor/laravel/framework/src/Illuminate/Foundation/Http/Middleware/VerifyCsrfToken.php(87): Illuminate\\Pipeline\\Pipeline->{closure:{closure:Illuminate\\Pipeline\\Pipeline::carry():194}:195}()
#22 /var/www/indonesia-luxe/vendor/laravel/framework/src/Illuminate/Pipeline/Pipeline.php(219): Illuminate\\Foundation\\Http\\Middleware\\VerifyCsrfToken->handle()
#23 /var/www/indonesia-luxe/vendor/laravel/framework/src/Illuminate/View/Middleware/ShareErrorsFromSession.php(48): Illuminate\\Pipeline\\Pipeline->{closure:{closure:Illuminate\\Pipeline\\Pipeline::carry():194}:195}()
#24 /var/www/indonesia-luxe/vendor/laravel/framework/src/Illuminate/Pipeline/Pipeline.php(219): Illuminate\\View\\Middleware\\ShareErrorsFromSession->handle()
#25 /var/www/indonesia-luxe/vendor/laravel/framework/src/Illuminate/Session/Middleware/StartSession.php(120): Illuminate\\Pipeline\\Pipeline->{closure:{closure:Illuminate\\Pipeline\\Pipeline::carry():194}:195}()
#26 /var/www/indonesia-luxe/vendor/laravel/framework/src/Illuminate/Session/Middleware/StartSession.php(63): Illuminate\\Session\\Middleware\\StartSession->handleStatefulRequest()
#27 /var/www/indonesia-luxe/vendor/laravel/framework/src/Illuminate/Pipeline/Pipeline.php(219): Illuminate\\Session\\Middleware\\StartSession->handle()
#28 /var/www/indonesia-luxe/vendor/laravel/framework/src/Illuminate/Cookie/Middleware/AddQueuedCookiesToResponse.php(36): Illuminate\\Pipeline\\Pipeline->{closure:{closure:Illuminate\\Pipeline\\Pipeline::carry():194}:195}()
#29 /var/www/indonesia-luxe/vendor/laravel/framework/src/Illuminate/Pipeline/Pipeline.php(219): Illuminate\\Cookie\\Middleware\\AddQueuedCookiesToResponse->handle()
#30 /var/www/indonesia-luxe/vendor/laravel/framework/src/Illuminate/Cookie/Middleware/EncryptCookies.php(74): Illuminate\\Pipeline\\Pipeline->{closure:{closure:Illuminate\\Pipeline\\Pipeline::carry():194}:195}()
#31 /var/www/indonesia-luxe/vendor/laravel/framework/src/Illuminate/Pipeline/Pipeline.php(219): Illuminate\\Cookie\\Middleware\\EncryptCookies->handle()
#32 /var/www/indonesia-luxe/vendor/laravel/framework/src/Illuminate/Pipeline/Pipeline.php(137): Illuminate\\Pipeline\\Pipeline->{closure:{closure:Illuminate\\Pipeline\\Pipeline::carry():194}:195}()
#33 /var/www/indonesia-luxe/vendor/laravel/framework/src/Illuminate/Routing/Router.php(821): Illuminate\\Pipeline\\Pipeline->then()
#34 /var/www/indonesia-luxe/vendor/laravel/framework/src/Illuminate/Routing/Router.php(800): Illuminate\\Routing\\Router->runRouteWithinStack()
#35 /var/www/indonesia-luxe/vendor/laravel/framework/src/Illuminate/Routing/Router.php(764): Illuminate\\Routing\\Router->runRoute()
#36 /var/www/indonesia-luxe/vendor/laravel/framework/src/Illuminate/Routing/Router.php(753): Illuminate\\Routing\\Router->dispatchToRoute()
#37 /var/www/indonesia-luxe/vendor/laravel/framework/src/Illuminate/Foundation/Http/Kernel.php(200): Illuminate\\Routing\\Router->dispatch()
#38 /var/www/indonesia-luxe/vendor/laravel/framework/src/Illuminate/Pipeline/Pipeline.php(180): Illuminate\\Foundation\\Http\\Kernel->{closure:Illuminate\\Foundation\\Http\\Kernel::dispatchToRouter():197}()
#39 /var/www/indonesia-luxe/vendor/livewire/livewire/src/Features/SupportDisablingBackButtonCache/DisableBackButtonCacheMiddleware.php(19): Illuminate\\Pipeline\\Pipeline->{closure:Illuminate\\Pipeline\\Pipeline::prepareDestination():178}()
#40 /var/www/indonesia-luxe/vendor/laravel/framework/src/Illuminate/Pipeline/Pipeline.php(219): Livewire\\Features\\SupportDisablingBackButtonCache\\DisableBackButtonCacheMiddleware->handle()
#41 /var/www/indonesia-luxe/vendor/laravel/framework/src/Illuminate/Foundation/Http/Middleware/ConvertEmptyStringsToNull.php(27): Illuminate\\Pipeline\\Pipeline->{closure:{closure:Illuminate\\Pipeline\\Pipeline::carry():194}:195}()
#42 /var/www/indonesia-luxe/vendor/laravel/framework/src/Illuminate/Pipeline/Pipeline.php(219): Illuminate\\Foundation\\Http\\Middleware\\ConvertEmptyStringsToNull->handle()
#43 /var/www/indonesia-luxe/vendor/laravel/framework/src/Illuminate/Foundation/Http/Middleware/TrimStrings.php(47): Illuminate\\Pipeline\\Pipeline->{closure:{closure:Illuminate\\Pipeline\\Pipeline::carry():194}:195}()
#44 /var/www/indonesia-luxe/vendor/laravel/framework/src/Illuminate/Pipeline/Pipeline.php(219): Illuminate\\Foundation\\Http\\Middleware\\TrimStrings->handle()
#45 /var/www/indonesia-luxe/vendor/laravel/framework/src/Illuminate/Http/Middleware/ValidatePostSize.php(27): Illuminate\\Pipeline\\Pipeline->{closure:{closure:Illuminate\\Pipeline\\Pipeline::carry():194}:195}()
#46 /var/www/indonesia-luxe/vendor/laravel/framework/src/Illuminate/Pipeline/Pipeline.php(219): Illuminate\\Http\\Middleware\\ValidatePostSize->handle()
#47 /var/www/indonesia-luxe/vendor/laravel/framework/src/Illuminate/Foundation/Http/Middleware/PreventRequestsDuringMaintenance.php(109): Illuminate\\Pipeline\\Pipeline->{closure:{closure:Illuminate\\Pipeline\\Pipeline::carry():194}:195}()
#48 /var/www/indonesia-luxe/vendor/laravel/framework/src/Illuminate/Pipeline/Pipeline.php(219): Illuminate\\Foundation\\Http\\Middleware\\PreventRequestsDuringMaintenance->handle()
#49 /var/www/indonesia-luxe/vendor/laravel/framework/src/Illuminate/Http/Middleware/HandleCors.php(61): Illuminate\\Pipeline\\Pipeline->{closure:{closure:Illuminate\\Pipeline\\Pipeline::carry():194}:195}()
#50 /var/www/indonesia-luxe/vendor/laravel/framework/src/Illuminate/Pipeline/Pipeline.php(219): Illuminate\\Http\\Middleware\\HandleCors->handle()
#51 /var/www/indonesia-luxe/vendor/laravel/framework/src/Illuminate/Http/Middleware/TrustProxies.php(58): Illuminate\\Pipeline\\Pipeline->{closure:{closure:Illuminate\\Pipeline\\Pipeline::carry():194}:195}()
#52 /var/www/indonesia-luxe/vendor/laravel/framework/src/Illuminate/Pipeline/Pipeline.php(219): Illuminate\\Http\\Middleware\\TrustProxies->handle()
#53 /var/www/indonesia-luxe/vendor/laravel/framework/src/Illuminate/Foundation/Http/Middleware/InvokeDeferredCallbacks.php(22): Illuminate\\Pipeline\\Pipeline->{closure:{closure:Illuminate\\Pipeline\\Pipeline::carry():194}:195}()
#54 /var/www/indonesia-luxe/vendor/laravel/framework/src/Illuminate/Pipeline/Pipeline.php(219): Illuminate\\Foundation\\Http\\Middleware\\InvokeDeferredCallbacks->handle()
#55 /var/www/indonesia-luxe/vendor/laravel/framework/src/Illuminate/Http/Middleware/ValidatePathEncoding.php(26): Illuminate\\Pipeline\\Pipeline->{closure:{closure:Illuminate\\Pipeline\\Pipeline::carry():194}:195}()
#56 /var/www/indonesia-luxe/vendor/laravel/framework/src/Illuminate/Pipeline/Pipeline.php(219): Illuminate\\Http\\Middleware\\ValidatePathEncoding->handle()
#57 /var/www/indonesia-luxe/vendor/laravel/framework/src/Illuminate/Pipeline/Pipeline.php(137): Illuminate\\Pipeline\\Pipeline->{closure:{closure:Illuminate\\Pipeline\\Pipeline::carry():194}:195}()
#58 /var/www/indonesia-luxe/vendor/laravel/framework/src/Illuminate/Foundation/Http/Kernel.php(175): Illuminate\\Pipeline\\Pipeline->then()
#59 /var/www/indonesia-luxe/vendor/laravel/framework/src/Illuminate/Foundation/Http/Kernel.php(144): Illuminate\\Foundation\\Http\\Kernel->sendRequestThroughRouter()
#60 /var/www/indonesia-luxe/vendor/laravel/framework/src/Illuminate/Foundation/Application.php(1220): Illuminate\\Foundation\\Http\\Kernel->handle()
#61 /var/www/indonesia-luxe/public/index.php(20): Illuminate\\Foundation\\Application->handleRequest()
#62 {main}
"} 
[2026-06-11 05:31:27] local.ERROR: Unable to find component: [profile.delete-user-form] {"exception":"[object] (Livewire\\Exceptions\\ComponentNotFoundException(code: 0): Unable to find component: [profile.delete-user-form] at /var/www/indonesia-luxe/vendor/livewire/livewire/src/Factory/Factory.php:76)
[stacktrace]
#0 /var/www/indonesia-luxe/vendor/livewire/livewire/src/Factory/Factory.php(88): Livewire\\Factory\\Factory->resolveComponentNameAndClass()
#1 /var/www/indonesia-luxe/vendor/livewire/livewire/src/Features/SupportReleaseTokens/ReleaseToken.php(15): Livewire\\Factory\\Factory->resolveComponentClass()
#2 /var/www/indonesia-luxe/vendor/livewire/livewire/src/Features/SupportReleaseTokens/SupportReleaseTokens.php(20): Livewire\\Features\\SupportReleaseTokens\\ReleaseToken::verify()
#3 /var/www/indonesia-luxe/vendor/livewire/livewire/src/EventBus.php(87): Livewire\\Features\\SupportReleaseTokens\\SupportReleaseTokens::{closure:Livewire\\Features\\SupportReleaseTokens\\SupportReleaseTokens::provide():19}()
#4 /var/www/indonesia-luxe/vendor/livewire/livewire/src/helpers.php(98): Livewire\\EventBus->trigger()
#5 /var/www/indonesia-luxe/vendor/livewire/livewire/src/Mechanisms/HandleComponents/Checksum.php(22): Livewire\\trigger()
#6 /var/www/indonesia-luxe/vendor/livewire/livewire/src/Mechanisms/HandleComponents/HandleComponents.php(244): Livewire\\Mechanisms\\HandleComponents\\Checksum::verify()
#7 /var/www/indonesia-luxe/vendor/livewire/livewire/src/Mechanisms/HandleComponents/HandleComponents.php(210): Livewire\\Mechanisms\\HandleComponents\\HandleComponents->fromSnapshot()
#8 /var/www/indonesia-luxe/vendor/livewire/livewire/src/LivewireManager.php(131): Livewire\\Mechanisms\\HandleComponents\\HandleComponents->update()
#9 /var/www/indonesia-luxe/vendor/livewire/livewire/src/Mechanisms/HandleRequests/HandleRequests.php(156): Livewire\\LivewireManager->update()
#10 /var/www/indonesia-luxe/vendor/laravel/framework/src/Illuminate/Routing/ControllerDispatcher.php(46): Livewire\\Mechanisms\\HandleRequests\\HandleRequests->handleUpdate()
#11 /var/www/indonesia-luxe/vendor/laravel/framework/src/Illuminate/Routing/Route.php(265): Illuminate\\Routing\\ControllerDispatcher->dispatch()
#12 /var/www/indonesia-luxe/vendor/laravel/framework/src/Illuminate/Routing/Route.php(211): Illuminate\\Routing\\Route->runController()
#13 /var/www/indonesia-luxe/vendor/laravel/framework/src/Illuminate/Routing/Router.php(822): Illuminate\\Routing\\Route->run()
#14 /var/www/indonesia-luxe/vendor/laravel/framework/src/Illuminate/Pipeline/Pipeline.php(180): Illuminate\\Routing\\Router->{closure:Illuminate\\Routing\\Router::runRouteWithinStack():821}()
#15 /var/www/indonesia-luxe/vendor/laravel/boost/src/Middleware/InjectBoost.php(22): Illuminate\\Pipeline\\Pipeline->{closure:Illuminate\\Pipeline\\Pipeline::prepareDestination():178}()
#16 /var/www/indonesia-luxe/vendor/laravel/framework/src/Illuminate/Pipeline/Pipeline.php(219): Laravel\\Boost\\Middleware\\InjectBoost->handle()
#17 /var/www/indonesia-luxe/app/Http/Middleware/SetLocale.php(28): Illuminate\\Pipeline\\Pipeline->{closure:{closure:Illuminate\\Pipeline\\Pipeline::carry():194}:195}()
#18 /var/www/indonesia-luxe/vendor/laravel/framework/src/Illuminate/Pipeline/Pipeline.php(219): App\\Http\\Middleware\\SetLocale->handle()
#19 /var/www/indonesia-luxe/vendor/laravel/framework/src/Illuminate/Routing/Middleware/SubstituteBindings.php(50): Illuminate\\Pipeline\\Pipeline->{closure:{closure:Illuminate\\Pipeline\\Pipeline::carry():194}:195}()
#20 /var/www/indonesia-luxe/vendor/laravel/framework/src/Illuminate/Pipeline/Pipeline.php(219): Illuminate\\Routing\\Middleware\\SubstituteBindings->handle()
#21 /var/www/indonesia-luxe/vendor/laravel/framework/src/Illuminate/Foundation/Http/Middleware/VerifyCsrfToken.php(87): Illuminate\\Pipeline\\Pipeline->{closure:{closure:Illuminate\\Pipeline\\Pipeline::carry():194}:195}()
#22 /var/www/indonesia-luxe/vendor/laravel/framework/src/Illuminate/Pipeline/Pipeline.php(219): Illuminate\\Foundation\\Http\\Middleware\\VerifyCsrfToken->handle()
#23 /var/www/indonesia-luxe/vendor/laravel/framework/src/Illuminate/View/Middleware/ShareErrorsFromSession.php(48): Illuminate\\Pipeline\\Pipeline->{closure:{closure:Illuminate\\Pipeline\\Pipeline::carry():194}:195}()
#24 /var/www/indonesia-luxe/vendor/laravel/framework/src/Illuminate/Pipeline/Pipeline.php(219): Illuminate\\View\\Middleware\\ShareErrorsFromSession->handle()
#25 /var/www/indonesia-luxe/vendor/laravel/framework/src/Illuminate/Session/Middleware/StartSession.php(120): Illuminate\\Pipeline\\Pipeline->{closure:{closure:Illuminate\\Pipeline\\Pipeline::carry():194}:195}()
#26 /var/www/indonesia-luxe/vendor/laravel/framework/src/Illuminate/Session/Middleware/StartSession.php(63): Illuminate\\Session\\Middleware\\StartSession->handleStatefulRequest()
#27 /var/www/indonesia-luxe/vendor/laravel/framework/src/Illuminate/Pipeline/Pipeline.php(219): Illuminate\\Session\\Middleware\\StartSession->handle()
#28 /var/www/indonesia-luxe/vendor/laravel/framework/src/Illuminate/Cookie/Middleware/AddQueuedCookiesToResponse.php(36): Illuminate\\Pipeline\\Pipeline->{closure:{closure:Illuminate\\Pipeline\\Pipeline::carry():194}:195}()
#29 /var/www/indonesia-luxe/vendor/laravel/framework/src/Illuminate/Pipeline/Pipeline.php(219): Illuminate\\Cookie\\Middleware\\AddQueuedCookiesToResponse->handle()
#30 /var/www/indonesia-luxe/vendor/laravel/framework/src/Illuminate/Cookie/Middleware/EncryptCookies.php(74): Illuminate\\Pipeline\\Pipeline->{closure:{closure:Illuminate\\Pipeline\\Pipeline::carry():194}:195}()
#31 /var/www/indonesia-luxe/vendor/laravel/framework/src/Illuminate/Pipeline/Pipeline.php(219): Illuminate\\Cookie\\Middleware\\EncryptCookies->handle()
#32 /var/www/indonesia-luxe/vendor/laravel/framework/src/Illuminate/Pipeline/Pipeline.php(137): Illuminate\\Pipeline\\Pipeline->{closure:{closure:Illuminate\\Pipeline\\Pipeline::carry():194}:195}()
#33 /var/www/indonesia-luxe/vendor/laravel/framework/src/Illuminate/Routing/Router.php(821): Illuminate\\Pipeline\\Pipeline->then()
#34 /var/www/indonesia-luxe/vendor/laravel/framework/src/Illuminate/Routing/Router.php(800): Illuminate\\Routing\\Router->runRouteWithinStack()
#35 /var/www/indonesia-luxe/vendor/laravel/framework/src/Illuminate/Routing/Router.php(764): Illuminate\\Routing\\Router->runRoute()
#36 /var/www/indonesia-luxe/vendor/laravel/framework/src/Illuminate/Routing/Router.php(753): Illuminate\\Routing\\Router->dispatchToRoute()
#37 /var/www/indonesia-luxe/vendor/laravel/framework/src/Illuminate/Foundation/Http/Kernel.php(200): Illuminate\\Routing\\Router->dispatch()
#38 /var/www/indonesia-luxe/vendor/laravel/framework/src/Illuminate/Pipeline/Pipeline.php(180): Illuminate\\Foundation\\Http\\Kernel->{closure:Illuminate\\Foundation\\Http\\Kernel::dispatchToRouter():197}()
#39 /var/www/indonesia-luxe/vendor/livewire/livewire/src/Features/SupportDisablingBackButtonCache/DisableBackButtonCacheMiddleware.php(19): Illuminate\\Pipeline\\Pipeline->{closure:Illuminate\\Pipeline\\Pipeline::prepareDestination():178}()
#40 /var/www/indonesia-luxe/vendor/laravel/framework/src/Illuminate/Pipeline/Pipeline.php(219): Livewire\\Features\\SupportDisablingBackButtonCache\\DisableBackButtonCacheMiddleware->handle()
#41 /var/www/indonesia-luxe/vendor/laravel/framework/src/Illuminate/Foundation/Http/Middleware/ConvertEmptyStringsToNull.php(27): Illuminate\\Pipeline\\Pipeline->{closure:{closure:Illuminate\\Pipeline\\Pipeline::carry():194}:195}()
#42 /var/www/indonesia-luxe/vendor/laravel/framework/src/Illuminate/Pipeline/Pipeline.php(219): Illuminate\\Foundation\\Http\\Middleware\\ConvertEmptyStringsToNull->handle()
#43 /var/www/indonesia-luxe/vendor/laravel/framework/src/Illuminate/Foundation/Http/Middleware/TrimStrings.php(47): Illuminate\\Pipeline\\Pipeline->{closure:{closure:Illuminate\\Pipeline\\Pipeline::carry():194}:195}()
#44 /var/www/indonesia-luxe/vendor/laravel/framework/src/Illuminate/Pipeline/Pipeline.php(219): Illuminate\\Foundation\\Http\\Middleware\\TrimStrings->handle()
#45 /var/www/indonesia-luxe/vendor/laravel/framework/src/Illuminate/Http/Middleware/ValidatePostSize.php(27): Illuminate\\Pipeline\\Pipeline->{closure:{closure:Illuminate\\Pipeline\\Pipeline::carry():194}:195}()
#46 /var/www/indonesia-luxe/vendor/laravel/framework/src/Illuminate/Pipeline/Pipeline.php(219): Illuminate\\Http\\Middleware\\ValidatePostSize->handle()
#47 /var/www/indonesia-luxe/vendor/laravel/framework/src/Illuminate/Foundation/Http/Middleware/PreventRequestsDuringMaintenance.php(109): Illuminate\\Pipeline\\Pipeline->{closure:{closure:Illuminate\\Pipeline\\Pipeline::carry():194}:195}()
#48 /var/www/indonesia-luxe/vendor/laravel/framework/src/Illuminate/Pipeline/Pipeline.php(219): Illuminate\\Foundation\\Http\\Middleware\\PreventRequestsDuringMaintenance->handle()
#49 /var/www/indonesia-luxe/vendor/laravel/framework/src/Illuminate/Http/Middleware/HandleCors.php(61): Illuminate\\Pipeline\\Pipeline->{closure:{closure:Illuminate\\Pipeline\\Pipeline::carry():194}:195}()
#50 /var/www/indonesia-luxe/vendor/laravel/framework/src/Illuminate/Pipeline/Pipeline.php(219): Illuminate\\Http\\Middleware\\HandleCors->handle()
#51 /var/www/indonesia-luxe/vendor/laravel/framework/src/Illuminate/Http/Middleware/TrustProxies.php(58): Illuminate\\Pipeline\\Pipeline->{closure:{closure:Illuminate\\Pipeline\\Pipeline::carry():194}:195}()
#52 /var/www/indonesia-luxe/vendor/laravel/framework/src/Illuminate/Pipeline/Pipeline.php(219): Illuminate\\Http\\Middleware\\TrustProxies->handle()
#53 /var/www/indonesia-luxe/vendor/laravel/framework/src/Illuminate/Foundation/Http/Middleware/InvokeDeferredCallbacks.php(22): Illuminate\\Pipeline\\Pipeline->{closure:{closure:Illuminate\\Pipeline\\Pipeline::carry():194}:195}()
#54 /var/www/indonesia-luxe/vendor/laravel/framework/src/Illuminate/Pipeline/Pipeline.php(219): Illuminate\\Foundation\\Http\\Middleware\\InvokeDeferredCallbacks->handle()
#55 /var/www/indonesia-luxe/vendor/laravel/framework/src/Illuminate/Http/Middleware/ValidatePathEncoding.php(26): Illuminate\\Pipeline\\Pipeline->{closure:{closure:Illuminate\\Pipeline\\Pipeline::carry():194}:195}()
#56 /var/www/indonesia-luxe/vendor/laravel/framework/src/Illuminate/Pipeline/Pipeline.php(219): Illuminate\\Http\\Middleware\\ValidatePathEncoding->handle()
#57 /var/www/indonesia-luxe/vendor/laravel/framework/src/Illuminate/Pipeline/Pipeline.php(137): Illuminate\\Pipeline\\Pipeline->{closure:{closure:Illuminate\\Pipeline\\Pipeline::carry():194}:195}()
#58 /var/www/indonesia-luxe/vendor/laravel/framework/src/Illuminate/Foundation/Http/Kernel.php(175): Illuminate\\Pipeline\\Pipeline->then()
#59 /var/www/indonesia-luxe/vendor/laravel/framework/src/Illuminate/Foundation/Http/Kernel.php(144): Illuminate\\Foundation\\Http\\Kernel->sendRequestThroughRouter()
#60 /var/www/indonesia-luxe/vendor/laravel/framework/src/Illuminate/Foundation/Application.php(1220): Illuminate\\Foundation\\Http\\Kernel->handle()
#61 /var/www/indonesia-luxe/public/index.php(20): Illuminate\\Foundation\\Application->handleRequest()
#62 {main}
"} 
[2026-06-11 05:31:28] local.ERROR: Unable to find component: [profile.delete-user-form] {"exception":"[object] (Livewire\\Exceptions\\ComponentNotFoundException(code: 0): Unable to find component: [profile.delete-user-form] at /var/www/indonesia-luxe/vendor/livewire/livewire/src/Factory/Factory.php:76)
[stacktrace]
#0 /var/www/indonesia-luxe/vendor/livewire/livewire/src/Factory/Factory.php(88): Livewire\\Factory\\Factory->resolveComponentNameAndClass()
#1 /var/www/indonesia-luxe/vendor/livewire/livewire/src/Features/SupportReleaseTokens/ReleaseToken.php(15): Livewire\\Factory\\Factory->resolveComponentClass()
#2 /var/www/indonesia-luxe/vendor/livewire/livewire/src/Features/SupportReleaseTokens/SupportReleaseTokens.php(20): Livewire\\Features\\SupportReleaseTokens\\ReleaseToken::verify()
#3 /var/www/indonesia-luxe/vendor/livewire/livewire/src/EventBus.php(87): Livewire\\Features\\SupportReleaseTokens\\SupportReleaseTokens::{closure:Livewire\\Features\\SupportReleaseTokens\\SupportReleaseTokens::provide():19}()
#4 /var/www/indonesia-luxe/vendor/livewire/livewire/src/helpers.php(98): Livewire\\EventBus->trigger()
#5 /var/www/indonesia-luxe/vendor/livewire/livewire/src/Mechanisms/HandleComponents/Checksum.php(22): Livewire\\trigger()
#6 /var/www/indonesia-luxe/vendor/livewire/livewire/src/Mechanisms/HandleComponents/HandleComponents.php(244): Livewire\\Mechanisms\\HandleComponents\\Checksum::verify()
#7 /var/www/indonesia-luxe/vendor/livewire/livewire/src/Mechanisms/HandleComponents/HandleComponents.php(210): Livewire\\Mechanisms\\HandleComponents\\HandleComponents->fromSnapshot()
#8 /var/www/indonesia-luxe/vendor/livewire/livewire/src/LivewireManager.php(131): Livewire\\Mechanisms\\HandleComponents\\HandleComponents->update()
#9 /var/www/indonesia-luxe/vendor/livewire/livewire/src/Mechanisms/HandleRequests/HandleRequests.php(156): Livewire\\LivewireManager->update()
#10 /var/www/indonesia-luxe/vendor/laravel/framework/src/Illuminate/Routing/ControllerDispatcher.php(46): Livewire\\Mechanisms\\HandleRequests\\HandleRequests->handleUpdate()
#11 /var/www/indonesia-luxe/vendor/laravel/framework/src/Illuminate/Routing/Route.php(265): Illuminate\\Routing\\ControllerDispatcher->dispatch()
#12 /var/www/indonesia-luxe/vendor/laravel/framework/src/Illuminate/Routing/Route.php(211): Illuminate\\Routing\\Route->runController()
#13 /var/www/indonesia-luxe/vendor/laravel/framework/src/Illuminate/Routing/Router.php(822): Illuminate\\Routing\\Route->run()
#14 /var/www/indonesia-luxe/vendor/laravel/framework/src/Illuminate/Pipeline/Pipeline.php(180): Illuminate\\Routing\\Router->{closure:Illuminate\\Routing\\Router::runRouteWithinStack():821}()
#15 /var/www/indonesia-luxe/vendor/laravel/boost/src/Middleware/InjectBoost.php(22): Illuminate\\Pipeline\\Pipeline->{closure:Illuminate\\Pipeline\\Pipeline::prepareDestination():178}()
#16 /var/www/indonesia-luxe/vendor/laravel/framework/src/Illuminate/Pipeline/Pipeline.php(219): Laravel\\Boost\\Middleware\\InjectBoost->handle()
#17 /var/www/indonesia-luxe/app/Http/Middleware/SetLocale.php(28): Illuminate\\Pipeline\\Pipeline->{closure:{closure:Illuminate\\Pipeline\\Pipeline::carry():194}:195}()
#18 /var/www/indonesia-luxe/vendor/laravel/framework/src/Illuminate/Pipeline/Pipeline.php(219): App\\Http\\Middleware\\SetLocale->handle()
#19 /var/www/indonesia-luxe/vendor/laravel/framework/src/Illuminate/Routing/Middleware/SubstituteBindings.php(50): Illuminate\\Pipeline\\Pipeline->{closure:{closure:Illuminate\\Pipeline\\Pipeline::carry():194}:195}()
#20 /var/www/indonesia-luxe/vendor/laravel/framework/src/Illuminate/Pipeline/Pipeline.php(219): Illuminate\\Routing\\Middleware\\SubstituteBindings->handle()
#21 /var/www/indonesia-luxe/vendor/laravel/framework/src/Illuminate/Foundation/Http/Middleware/VerifyCsrfToken.php(87): Illuminate\\Pipeline\\Pipeline->{closure:{closure:Illuminate\\Pipeline\\Pipeline::carry():194}:195}()
#22 /var/www/indonesia-luxe/vendor/laravel/framework/src/Illuminate/Pipeline/Pipeline.php(219): Illuminate\\Foundation\\Http\\Middleware\\VerifyCsrfToken->handle()
#23 /var/www/indonesia-luxe/vendor/laravel/framework/src/Illuminate/View/Middleware/ShareErrorsFromSession.php(48): Illuminate\\Pipeline\\Pipeline->{closure:{closure:Illuminate\\Pipeline\\Pipeline::carry():194}:195}()
#24 /var/www/indonesia-luxe/vendor/laravel/framework/src/Illuminate/Pipeline/Pipeline.php(219): Illuminate\\View\\Middleware\\ShareErrorsFromSession->handle()
#25 /var/www/indonesia-luxe/vendor/laravel/framework/src/Illuminate/Session/Middleware/StartSession.php(120): Illuminate\\Pipeline\\Pipeline->{closure:{closure:Illuminate\\Pipeline\\Pipeline::carry():194}:195}()
#26 /var/www/indonesia-luxe/vendor/laravel/framework/src/Illuminate/Session/Middleware/StartSession.php(63): Illuminate\\Session\\Middleware\\StartSession->handleStatefulRequest()
#27 /var/www/indonesia-luxe/vendor/laravel/framework/src/Illuminate/Pipeline/Pipeline.php(219): Illuminate\\Session\\Middleware\\StartSession->handle()
#28 /var/www/indonesia-luxe/vendor/laravel/framework/src/Illuminate/Cookie/Middleware/AddQueuedCookiesToResponse.php(36): Illuminate\\Pipeline\\Pipeline->{closure:{closure:Illuminate\\Pipeline\\Pipeline::carry():194}:195}()
#29 /var/www/indonesia-luxe/vendor/laravel/framework/src/Illuminate/Pipeline/Pipeline.php(219): Illuminate\\Cookie\\Middleware\\AddQueuedCookiesToResponse->handle()
#30 /var/www/indonesia-luxe/vendor/laravel/framework/src/Illuminate/Cookie/Middleware/EncryptCookies.php(74): Illuminate\\Pipeline\\Pipeline->{closure:{closure:Illuminate\\Pipeline\\Pipeline::carry():194}:195}()
#31 /var/www/indonesia-luxe/vendor/laravel/framework/src/Illuminate/Pipeline/Pipeline.php(219): Illuminate\\Cookie\\Middleware\\EncryptCookies->handle()
#32 /var/www/indonesia-luxe/vendor/laravel/framework/src/Illuminate/Pipeline/Pipeline.php(137): Illuminate\\Pipeline\\Pipeline->{closure:{closure:Illuminate\\Pipeline\\Pipeline::carry():194}:195}()
#33 /var/www/indonesia-luxe/vendor/laravel/framework/src/Illuminate/Routing/Router.php(821): Illuminate\\Pipeline\\Pipeline->then()
#34 /var/www/indonesia-luxe/vendor/laravel/framework/src/Illuminate/Routing/Router.php(800): Illuminate\\Routing\\Router->runRouteWithinStack()
#35 /var/www/indonesia-luxe/vendor/laravel/framework/src/Illuminate/Routing/Router.php(764): Illuminate\\Routing\\Router->runRoute()
#36 /var/www/indonesia-luxe/vendor/laravel/framework/src/Illuminate/Routing/Router.php(753): Illuminate\\Routing\\Router->dispatchToRoute()
#37 /var/www/indonesia-luxe/vendor/laravel/framework/src/Illuminate/Foundation/Http/Kernel.php(200): Illuminate\\Routing\\Router->dispatch()
#38 /var/www/indonesia-luxe/vendor/laravel/framework/src/Illuminate/Pipeline/Pipeline.php(180): Illuminate\\Foundation\\Http\\Kernel->{closure:Illuminate\\Foundation\\Http\\Kernel::dispatchToRouter():197}()
#39 /var/www/indonesia-luxe/vendor/livewire/livewire/src/Features/SupportDisablingBackButtonCache/DisableBackButtonCacheMiddleware.php(19): Illuminate\\Pipeline\\Pipeline->{closure:Illuminate\\Pipeline\\Pipeline::prepareDestination():178}()
#40 /var/www/indonesia-luxe/vendor/laravel/framework/src/Illuminate/Pipeline/Pipeline.php(219): Livewire\\Features\\SupportDisablingBackButtonCache\\DisableBackButtonCacheMiddleware->handle()
#41 /var/www/indonesia-luxe/vendor/laravel/framework/src/Illuminate/Foundation/Http/Middleware/ConvertEmptyStringsToNull.php(27): Illuminate\\Pipeline\\Pipeline->{closure:{closure:Illuminate\\Pipeline\\Pipeline::carry():194}:195}()
#42 /var/www/indonesia-luxe/vendor/laravel/framework/src/Illuminate/Pipeline/Pipeline.php(219): Illuminate\\Foundation\\Http\\Middleware\\ConvertEmptyStringsToNull->handle()
#43 /var/www/indonesia-luxe/vendor/laravel/framework/src/Illuminate/Foundation/Http/Middleware/TrimStrings.php(47): Illuminate\\Pipeline\\Pipeline->{closure:{closure:Illuminate\\Pipeline\\Pipeline::carry():194}:195}()
#44 /var/www/indonesia-luxe/vendor/laravel/framework/src/Illuminate/Pipeline/Pipeline.php(219): Illuminate\\Foundation\\Http\\Middleware\\TrimStrings->handle()
#45 /var/www/indonesia-luxe/vendor/laravel/framework/src/Illuminate/Http/Middleware/ValidatePostSize.php(27): Illuminate\\Pipeline\\Pipeline->{closure:{closure:Illuminate\\Pipeline\\Pipeline::carry():194}:195}()
#46 /var/www/indonesia-luxe/vendor/laravel/framework/src/Illuminate/Pipeline/Pipeline.php(219): Illuminate\\Http\\Middleware\\ValidatePostSize->handle()
#47 /var/www/indonesia-luxe/vendor/laravel/framework/src/Illuminate/Foundation/Http/Middleware/PreventRequestsDuringMaintenance.php(109): Illuminate\\Pipeline\\Pipeline->{closure:{closure:Illuminate\\Pipeline\\Pipeline::carry():194}:195}()
#48 /var/www/indonesia-luxe/vendor/laravel/framework/src/Illuminate/Pipeline/Pipeline.php(219): Illuminate\\Foundation\\Http\\Middleware\\PreventRequestsDuringMaintenance->handle()
#49 /var/www/indonesia-luxe/vendor/laravel/framework/src/Illuminate/Http/Middleware/HandleCors.php(61): Illuminate\\Pipeline\\Pipeline->{closure:{closure:Illuminate\\Pipeline\\Pipeline::carry():194}:195}()
#50 /var/www/indonesia-luxe/vendor/laravel/framework/src/Illuminate/Pipeline/Pipeline.php(219): Illuminate\\Http\\Middleware\\HandleCors->handle()
#51 /var/www/indonesia-luxe/vendor/laravel/framework/src/Illuminate/Http/Middleware/TrustProxies.php(58): Illuminate\\Pipeline\\Pipeline->{closure:{closure:Illuminate\\Pipeline\\Pipeline::carry():194}:195}()
#52 /var/www/indonesia-luxe/vendor/laravel/framework/src/Illuminate/Pipeline/Pipeline.php(219): Illuminate\\Http\\Middleware\\TrustProxies->handle()
#53 /var/www/indonesia-luxe/vendor/laravel/framework/src/Illuminate/Foundation/Http/Middleware/InvokeDeferredCallbacks.php(22): Illuminate\\Pipeline\\Pipeline->{closure:{closure:Illuminate\\Pipeline\\Pipeline::carry():194}:195}()
#54 /var/www/indonesia-luxe/vendor/laravel/framework/src/Illuminate/Pipeline/Pipeline.php(219): Illuminate\\Foundation\\Http\\Middleware\\InvokeDeferredCallbacks->handle()
#55 /var/www/indonesia-luxe/vendor/laravel/framework/src/Illuminate/Http/Middleware/ValidatePathEncoding.php(26): Illuminate\\Pipeline\\Pipeline->{closure:{closure:Illuminate\\Pipeline\\Pipeline::carry():194}:195}()
#56 /var/www/indonesia-luxe/vendor/laravel/framework/src/Illuminate/Pipeline/Pipeline.php(219): Illuminate\\Http\\Middleware\\ValidatePathEncoding->handle()
#57 /var/www/indonesia-luxe/vendor/laravel/framework/src/Illuminate/Pipeline/Pipeline.php(137): Illuminate\\Pipeline\\Pipeline->{closure:{closure:Illuminate\\Pipeline\\Pipeline::carry():194}:195}()
#58 /var/www/indonesia-luxe/vendor/laravel/framework/src/Illuminate/Foundation/Http/Kernel.php(175): Illuminate\\Pipeline\\Pipeline->then()
#59 /var/www/indonesia-luxe/vendor/laravel/framework/src/Illuminate/Foundation/Http/Kernel.php(144): Illuminate\\Foundation\\Http\\Kernel->sendRequestThroughRouter()
#60 /var/www/indonesia-luxe/vendor/laravel/framework/src/Illuminate/Foundation/Application.php(1220): Illuminate\\Foundation\\Http\\Kernel->handle()
#61 /var/www/indonesia-luxe/public/index.php(20): Illuminate\\Foundation\\Application->handleRequest()
#62 {main}
"} 
[2026-06-11 05:31:28] local.ERROR: Unable to find component: [pages.auth.login] {"exception":"[object] (Livewire\\Exceptions\\ComponentNotFoundException(code: 0): Unable to find component: [pages.auth.login] at /var/www/indonesia-luxe/vendor/livewire/livewire/src/Factory/Factory.php:76)
[stacktrace]
#0 /var/www/indonesia-luxe/vendor/livewire/livewire/src/Factory/Factory.php(88): Livewire\\Factory\\Factory->resolveComponentNameAndClass()
#1 /var/www/indonesia-luxe/vendor/livewire/livewire/src/Features/SupportReleaseTokens/ReleaseToken.php(15): Livewire\\Factory\\Factory->resolveComponentClass()
#2 /var/www/indonesia-luxe/vendor/livewire/livewire/src/Features/SupportReleaseTokens/SupportReleaseTokens.php(20): Livewire\\Features\\SupportReleaseTokens\\ReleaseToken::verify()
#3 /var/www/indonesia-luxe/vendor/livewire/livewire/src/EventBus.php(87): Livewire\\Features\\SupportReleaseTokens\\SupportReleaseTokens::{closure:Livewire\\Features\\SupportReleaseTokens\\SupportReleaseTokens::provide():19}()
#4 /var/www/indonesia-luxe/vendor/livewire/livewire/src/helpers.php(98): Livewire\\EventBus->trigger()
#5 /var/www/indonesia-luxe/vendor/livewire/livewire/src/Mechanisms/HandleComponents/Checksum.php(22): Livewire\\trigger()
#6 /var/www/indonesia-luxe/vendor/livewire/livewire/src/Mechanisms/HandleComponents/HandleComponents.php(244): Livewire\\Mechanisms\\HandleComponents\\Checksum::verify()
#7 /var/www/indonesia-luxe/vendor/livewire/livewire/src/Mechanisms/HandleComponents/HandleComponents.php(210): Livewire\\Mechanisms\\HandleComponents\\HandleComponents->fromSnapshot()
#8 /var/www/indonesia-luxe/vendor/livewire/livewire/src/LivewireManager.php(131): Livewire\\Mechanisms\\HandleComponents\\HandleComponents->update()
#9 /var/www/indonesia-luxe/vendor/livewire/livewire/src/Mechanisms/HandleRequests/HandleRequests.php(156): Livewire\\LivewireManager->update()
#10 /var/www/indonesia-luxe/vendor/laravel/framework/src/Illuminate/Routing/ControllerDispatcher.php(46): Livewire\\Mechanisms\\HandleRequests\\HandleRequests->handleUpdate()
#11 /var/www/indonesia-luxe/vendor/laravel/framework/src/Illuminate/Routing/Route.php(265): Illuminate\\Routing\\ControllerDispatcher->dispatch()
#12 /var/www/indonesia-luxe/vendor/laravel/framework/src/Illuminate/Routing/Route.php(211): Illuminate\\Routing\\Route->runController()
#13 /var/www/indonesia-luxe/vendor/laravel/framework/src/Illuminate/Routing/Router.php(822): Illuminate\\Routing\\Route->run()
#14 /var/www/indonesia-luxe/vendor/laravel/framework/src/Illuminate/Pipeline/Pipeline.php(180): Illuminate\\Routing\\Router->{closure:Illuminate\\Routing\\Router::runRouteWithinStack():821}()
#15 /var/www/indonesia-luxe/vendor/laravel/boost/src/Middleware/InjectBoost.php(22): Illuminate\\Pipeline\\Pipeline->{closure:Illuminate\\Pipeline\\Pipeline::prepareDestination():178}()
#16 /var/www/indonesia-luxe/vendor/laravel/framework/src/Illuminate/Pipeline/Pipeline.php(219): Laravel\\Boost\\Middleware\\InjectBoost->handle()
#17 /var/www/indonesia-luxe/app/Http/Middleware/SetLocale.php(28): Illuminate\\Pipeline\\Pipeline->{closure:{closure:Illuminate\\Pipeline\\Pipeline::carry():194}:195}()
#18 /var/www/indonesia-luxe/vendor/laravel/framework/src/Illuminate/Pipeline/Pipeline.php(219): App\\Http\\Middleware\\SetLocale->handle()
#19 /var/www/indonesia-luxe/vendor/laravel/framework/src/Illuminate/Routing/Middleware/SubstituteBindings.php(50): Illuminate\\Pipeline\\Pipeline->{closure:{closure:Illuminate\\Pipeline\\Pipeline::carry():194}:195}()
#20 /var/www/indonesia-luxe/vendor/laravel/framework/src/Illuminate/Pipeline/Pipeline.php(219): Illuminate\\Routing\\Middleware\\SubstituteBindings->handle()
#21 /var/www/indonesia-luxe/vendor/laravel/framework/src/Illuminate/Foundation/Http/Middleware/VerifyCsrfToken.php(87): Illuminate\\Pipeline\\Pipeline->{closure:{closure:Illuminate\\Pipeline\\Pipeline::carry():194}:195}()
#22 /var/www/indonesia-luxe/vendor/laravel/framework/src/Illuminate/Pipeline/Pipeline.php(219): Illuminate\\Foundation\\Http\\Middleware\\VerifyCsrfToken->handle()
#23 /var/www/indonesia-luxe/vendor/laravel/framework/src/Illuminate/View/Middleware/ShareErrorsFromSession.php(48): Illuminate\\Pipeline\\Pipeline->{closure:{closure:Illuminate\\Pipeline\\Pipeline::carry():194}:195}()
#24 /var/www/indonesia-luxe/vendor/laravel/framework/src/Illuminate/Pipeline/Pipeline.php(219): Illuminate\\View\\Middleware\\ShareErrorsFromSession->handle()
#25 /var/www/indonesia-luxe/vendor/laravel/framework/src/Illuminate/Session/Middleware/StartSession.php(120): Illuminate\\Pipeline\\Pipeline->{closure:{closure:Illuminate\\Pipeline\\Pipeline::carry():194}:195}()
#26 /var/www/indonesia-luxe/vendor/laravel/framework/src/Illuminate/Session/Middleware/StartSession.php(63): Illuminate\\Session\\Middleware\\StartSession->handleStatefulRequest()
#27 /var/www/indonesia-luxe/vendor/laravel/framework/src/Illuminate/Pipeline/Pipeline.php(219): Illuminate\\Session\\Middleware\\StartSession->handle()
#28 /var/www/indonesia-luxe/vendor/laravel/framework/src/Illuminate/Cookie/Middleware/AddQueuedCookiesToResponse.php(36): Illuminate\\Pipeline\\Pipeline->{closure:{closure:Illuminate\\Pipeline\\Pipeline::carry():194}:195}()
#29 /var/www/indonesia-luxe/vendor/laravel/framework/src/Illuminate/Pipeline/Pipeline.php(219): Illuminate\\Cookie\\Middleware\\AddQueuedCookiesToResponse->handle()
#30 /var/www/indonesia-luxe/vendor/laravel/framework/src/Illuminate/Cookie/Middleware/EncryptCookies.php(74): Illuminate\\Pipeline\\Pipeline->{closure:{closure:Illuminate\\Pipeline\\Pipeline::carry():194}:195}()
#31 /var/www/indonesia-luxe/vendor/laravel/framework/src/Illuminate/Pipeline/Pipeline.php(219): Illuminate\\Cookie\\Middleware\\EncryptCookies->handle()
#32 /var/www/indonesia-luxe/vendor/laravel/framework/src/Illuminate/Pipeline/Pipeline.php(137): Illuminate\\Pipeline\\Pipeline->{closure:{closure:Illuminate\\Pipeline\\Pipeline::carry():194}:195}()
#33 /var/www/indonesia-luxe/vendor/laravel/framework/src/Illuminate/Routing/Router.php(821): Illuminate\\Pipeline\\Pipeline->then()
#34 /var/www/indonesia-luxe/vendor/laravel/framework/src/Illuminate/Routing/Router.php(800): Illuminate\\Routing\\Router->runRouteWithinStack()
#35 /var/www/indonesia-luxe/vendor/laravel/framework/src/Illuminate/Routing/Router.php(764): Illuminate\\Routing\\Router->runRoute()
#36 /var/www/indonesia-luxe/vendor/laravel/framework/src/Illuminate/Routing/Router.php(753): Illuminate\\Routing\\Router->dispatchToRoute()
#37 /var/www/indonesia-luxe/vendor/laravel/framework/src/Illuminate/Foundation/Http/Kernel.php(200): Illuminate\\Routing\\Router->dispatch()
#38 /var/www/indonesia-luxe/vendor/laravel/framework/src/Illuminate/Pipeline/Pipeline.php(180): Illuminate\\Foundation\\Http\\Kernel->{closure:Illuminate\\Foundation\\Http\\Kernel::dispatchToRouter():197}()
#39 /var/www/indonesia-luxe/vendor/livewire/livewire/src/Features/SupportDisablingBackButtonCache/DisableBackButtonCacheMiddleware.php(19): Illuminate\\Pipeline\\Pipeline->{closure:Illuminate\\Pipeline\\Pipeline::prepareDestination():178}()
#40 /var/www/indonesia-luxe/vendor/laravel/framework/src/Illuminate/Pipeline/Pipeline.php(219): Livewire\\Features\\SupportDisablingBackButtonCache\\DisableBackButtonCacheMiddleware->handle()
#41 /var/www/indonesia-luxe/vendor/laravel/framework/src/Illuminate/Foundation/Http/Middleware/ConvertEmptyStringsToNull.php(27): Illuminate\\Pipeline\\Pipeline->{closure:{closure:Illuminate\\Pipeline\\Pipeline::carry():194}:195}()
#42 /var/www/indonesia-luxe/vendor/laravel/framework/src/Illuminate/Pipeline/Pipeline.php(219): Illuminate\\Foundation\\Http\\Middleware\\ConvertEmptyStringsToNull->handle()
#43 /var/www/indonesia-luxe/vendor/laravel/framework/src/Illuminate/Foundation/Http/Middleware/TrimStrings.php(47): Illuminate\\Pipeline\\Pipeline->{closure:{closure:Illuminate\\Pipeline\\Pipeline::carry():194}:195}()
#44 /var/www/indonesia-luxe/vendor/laravel/framework/src/Illuminate/Pipeline/Pipeline.php(219): Illuminate\\Foundation\\Http\\Middleware\\TrimStrings->handle()
#45 /var/www/indonesia-luxe/vendor/laravel/framework/src/Illuminate/Http/Middleware/ValidatePostSize.php(27): Illuminate\\Pipeline\\Pipeline->{closure:{closure:Illuminate\\Pipeline\\Pipeline::carry():194}:195}()
#46 /var/www/indonesia-luxe/vendor/laravel/framework/src/Illuminate/Pipeline/Pipeline.php(219): Illuminate\\Http\\Middleware\\ValidatePostSize->handle()
#47 /var/www/indonesia-luxe/vendor/laravel/framework/src/Illuminate/Foundation/Http/Middleware/PreventRequestsDuringMaintenance.php(109): Illuminate\\Pipeline\\Pipeline->{closure:{closure:Illuminate\\Pipeline\\Pipeline::carry():194}:195}()
#48 /var/www/indonesia-luxe/vendor/laravel/framework/src/Illuminate/Pipeline/Pipeline.php(219): Illuminate\\Foundation\\Http\\Middleware\\PreventRequestsDuringMaintenance->handle()
#49 /var/www/indonesia-luxe/vendor/laravel/framework/src/Illuminate/Http/Middleware/HandleCors.php(61): Illuminate\\Pipeline\\Pipeline->{closure:{closure:Illuminate\\Pipeline\\Pipeline::carry():194}:195}()
#50 /var/www/indonesia-luxe/vendor/laravel/framework/src/Illuminate/Pipeline/Pipeline.php(219): Illuminate\\Http\\Middleware\\HandleCors->handle()
#51 /var/www/indonesia-luxe/vendor/laravel/framework/src/Illuminate/Http/Middleware/TrustProxies.php(58): Illuminate\\Pipeline\\Pipeline->{closure:{closure:Illuminate\\Pipeline\\Pipeline::carry():194}:195}()
#52 /var/www/indonesia-luxe/vendor/laravel/framework/src/Illuminate/Pipeline/Pipeline.php(219): Illuminate\\Http\\Middleware\\TrustProxies->handle()
#53 /var/www/indonesia-luxe/vendor/laravel/framework/src/Illuminate/Foundation/Http/Middleware/InvokeDeferredCallbacks.php(22): Illuminate\\Pipeline\\Pipeline->{closure:{closure:Illuminate\\Pipeline\\Pipeline::carry():194}:195}()
#54 /var/www/indonesia-luxe/vendor/laravel/framework/src/Illuminate/Pipeline/Pipeline.php(219): Illuminate\\Foundation\\Http\\Middleware\\InvokeDeferredCallbacks->handle()
#55 /var/www/indonesia-luxe/vendor/laravel/framework/src/Illuminate/Http/Middleware/ValidatePathEncoding.php(26): Illuminate\\Pipeline\\Pipeline->{closure:{closure:Illuminate\\Pipeline\\Pipeline::carry():194}:195}()
#56 /var/www/indonesia-luxe/vendor/laravel/framework/src/Illuminate/Pipeline/Pipeline.php(219): Illuminate\\Http\\Middleware\\ValidatePathEncoding->handle()
#57 /var/www/indonesia-luxe/vendor/laravel/framework/src/Illuminate/Pipeline/Pipeline.php(137): Illuminate\\Pipeline\\Pipeline->{closure:{closure:Illuminate\\Pipeline\\Pipeline::carry():194}:195}()
#58 /var/www/indonesia-luxe/vendor/laravel/framework/src/Illuminate/Foundation/Http/Kernel.php(175): Illuminate\\Pipeline\\Pipeline->then()
#59 /var/www/indonesia-luxe/vendor/laravel/framework/src/Illuminate/Foundation/Http/Kernel.php(144): Illuminate\\Foundation\\Http\\Kernel->sendRequestThroughRouter()
#60 /var/www/indonesia-luxe/vendor/laravel/framework/src/Illuminate/Foundation/Application.php(1220): Illuminate\\Foundation\\Http\\Kernel->handle()
#61 /var/www/indonesia-luxe/public/index.php(20): Illuminate\\Foundation\\Application->handleRequest()
#62 {main}
"} 
[2026-06-11 05:31:28] local.ERROR: Unable to find component: [pages.auth.login] {"exception":"[object] (Livewire\\Exceptions\\ComponentNotFoundException(code: 0): Unable to find component: [pages.auth.login] at /var/www/indonesia-luxe/vendor/livewire/livewire/src/Factory/Factory.php:76)
[stacktrace]
#0 /var/www/indonesia-luxe/vendor/livewire/livewire/src/Factory/Factory.php(88): Livewire\\Factory\\Factory->resolveComponentNameAndClass()
#1 /var/www/indonesia-luxe/vendor/livewire/livewire/src/Features/SupportReleaseTokens/ReleaseToken.php(15): Livewire\\Factory\\Factory->resolveComponentClass()
#2 /var/www/indonesia-luxe/vendor/livewire/livewire/src/Features/SupportReleaseTokens/SupportReleaseTokens.php(20): Livewire\\Features\\SupportReleaseTokens\\ReleaseToken::verify()
#3 /var/www/indonesia-luxe/vendor/livewire/livewire/src/EventBus.php(87): Livewire\\Features\\SupportReleaseTokens\\SupportReleaseTokens::{closure:Livewire\\Features\\SupportReleaseTokens\\SupportReleaseTokens::provide():19}()
#4 /var/www/indonesia-luxe/vendor/livewire/livewire/src/helpers.php(98): Livewire\\EventBus->trigger()
#5 /var/www/indonesia-luxe/vendor/livewire/livewire/src/Mechanisms/HandleComponents/Checksum.php(22): Livewire\\trigger()
#6 /var/www/indonesia-luxe/vendor/livewire/livewire/src/Mechanisms/HandleComponents/HandleComponents.php(244): Livewire\\Mechanisms\\HandleComponents\\Checksum::verify()
#7 /var/www/indonesia-luxe/vendor/livewire/livewire/src/Mechanisms/HandleComponents/HandleComponents.php(210): Livewire\\Mechanisms\\HandleComponents\\HandleComponents->fromSnapshot()
#8 /var/www/indonesia-luxe/vendor/livewire/livewire/src/LivewireManager.php(131): Livewire\\Mechanisms\\HandleComponents\\HandleComponents->update()
#9 /var/www/indonesia-luxe/vendor/livewire/livewire/src/Mechanisms/HandleRequests/HandleRequests.php(156): Livewire\\LivewireManager->update()
#10 /var/www/indonesia-luxe/vendor/laravel/framework/src/Illuminate/Routing/ControllerDispatcher.php(46): Livewire\\Mechanisms\\HandleRequests\\HandleRequests->handleUpdate()
#11 /var/www/indonesia-luxe/vendor/laravel/framework/src/Illuminate/Routing/Route.php(265): Illuminate\\Routing\\ControllerDispatcher->dispatch()
#12 /var/www/indonesia-luxe/vendor/laravel/framework/src/Illuminate/Routing/Route.php(211): Illuminate\\Routing\\Route->runController()
#13 /var/www/indonesia-luxe/vendor/laravel/framework/src/Illuminate/Routing/Router.php(822): Illuminate\\Routing\\Route->run()
#14 /var/www/indonesia-luxe/vendor/laravel/framework/src/Illuminate/Pipeline/Pipeline.php(180): Illuminate\\Routing\\Router->{closure:Illuminate\\Routing\\Router::runRouteWithinStack():821}()
#15 /var/www/indonesia-luxe/vendor/laravel/boost/src/Middleware/InjectBoost.php(22): Illuminate\\Pipeline\\Pipeline->{closure:Illuminate\\Pipeline\\Pipeline::prepareDestination():178}()
#16 /var/www/indonesia-luxe/vendor/laravel/framework/src/Illuminate/Pipeline/Pipeline.php(219): Laravel\\Boost\\Middleware\\InjectBoost->handle()
#17 /var/www/indonesia-luxe/app/Http/Middleware/SetLocale.php(28): Illuminate\\Pipeline\\Pipeline->{closure:{closure:Illuminate\\Pipeline\\Pipeline::carry():194}:195}()
#18 /var/www/indonesia-luxe/vendor/laravel/framework/src/Illuminate/Pipeline/Pipeline.php(219): App\\Http\\Middleware\\SetLocale->handle()
#19 /var/www/indonesia-luxe/vendor/laravel/framework/src/Illuminate/Routing/Middleware/SubstituteBindings.php(50): Illuminate\\Pipeline\\Pipeline->{closure:{closure:Illuminate\\Pipeline\\Pipeline::carry():194}:195}()
#20 /var/www/indonesia-luxe/vendor/laravel/framework/src/Illuminate/Pipeline/Pipeline.php(219): Illuminate\\Routing\\Middleware\\SubstituteBindings->handle()
#21 /var/www/indonesia-luxe/vendor/laravel/framework/src/Illuminate/Foundation/Http/Middleware/VerifyCsrfToken.php(87): Illuminate\\Pipeline\\Pipeline->{closure:{closure:Illuminate\\Pipeline\\Pipeline::carry():194}:195}()
#22 /var/www/indonesia-luxe/vendor/laravel/framework/src/Illuminate/Pipeline/Pipeline.php(219): Illuminate\\Foundation\\Http\\Middleware\\VerifyCsrfToken->handle()
#23 /var/www/indonesia-luxe/vendor/laravel/framework/src/Illuminate/View/Middleware/ShareErrorsFromSession.php(48): Illuminate\\Pipeline\\Pipeline->{closure:{closure:Illuminate\\Pipeline\\Pipeline::carry():194}:195}()
#24 /var/www/indonesia-luxe/vendor/laravel/framework/src/Illuminate/Pipeline/Pipeline.php(219): Illuminate\\View\\Middleware\\ShareErrorsFromSession->handle()
#25 /var/www/indonesia-luxe/vendor/laravel/framework/src/Illuminate/Session/Middleware/StartSession.php(120): Illuminate\\Pipeline\\Pipeline->{closure:{closure:Illuminate\\Pipeline\\Pipeline::carry():194}:195}()
#26 /var/www/indonesia-luxe/vendor/laravel/framework/src/Illuminate/Session/Middleware/StartSession.php(63): Illuminate\\Session\\Middleware\\StartSession->handleStatefulRequest()
#27 /var/www/indonesia-luxe/vendor/laravel/framework/src/Illuminate/Pipeline/Pipeline.php(219): Illuminate\\Session\\Middleware\\StartSession->handle()
#28 /var/www/indonesia-luxe/vendor/laravel/framework/src/Illuminate/Cookie/Middleware/AddQueuedCookiesToResponse.php(36): Illuminate\\Pipeline\\Pipeline->{closure:{closure:Illuminate\\Pipeline\\Pipeline::carry():194}:195}()
#29 /var/www/indonesia-luxe/vendor/laravel/framework/src/Illuminate/Pipeline/Pipeline.php(219): Illuminate\\Cookie\\Middleware\\AddQueuedCookiesToResponse->handle()
#30 /var/www/indonesia-luxe/vendor/laravel/framework/src/Illuminate/Cookie/Middleware/EncryptCookies.php(74): Illuminate\\Pipeline\\Pipeline->{closure:{closure:Illuminate\\Pipeline\\Pipeline::carry():194}:195}()
#31 /var/www/indonesia-luxe/vendor/laravel/framework/src/Illuminate/Pipeline/Pipeline.php(219): Illuminate\\Cookie\\Middleware\\EncryptCookies->handle()
#32 /var/www/indonesia-luxe/vendor/laravel/framework/src/Illuminate/Pipeline/Pipeline.php(137): Illuminate\\Pipeline\\Pipeline->{closure:{closure:Illuminate\\Pipeline\\Pipeline::carry():194}:195}()
#33 /var/www/indonesia-luxe/vendor/laravel/framework/src/Illuminate/Routing/Router.php(821): Illuminate\\Pipeline\\Pipeline->then()
#34 /var/www/indonesia-luxe/vendor/laravel/framework/src/Illuminate/Routing/Router.php(800): Illuminate\\Routing\\Router->runRouteWithinStack()
#35 /var/www/indonesia-luxe/vendor/laravel/framework/src/Illuminate/Routing/Router.php(764): Illuminate\\Routing\\Router->runRoute()
#36 /var/www/indonesia-luxe/vendor/laravel/framework/src/Illuminate/Routing/Router.php(753): Illuminate\\Routing\\Router->dispatchToRoute()
#37 /var/www/indonesia-luxe/vendor/laravel/framework/src/Illuminate/Foundation/Http/Kernel.php(200): Illuminate\\Routing\\Router->dispatch()
#38 /var/www/indonesia-luxe/vendor/laravel/framework/src/Illuminate/Pipeline/Pipeline.php(180): Illuminate\\Foundation\\Http\\Kernel->{closure:Illuminate\\Foundation\\Http\\Kernel::dispatchToRouter():197}()
#39 /var/www/indonesia-luxe/vendor/livewire/livewire/src/Features/SupportDisablingBackButtonCache/DisableBackButtonCacheMiddleware.php(19): Illuminate\\Pipeline\\Pipeline->{closure:Illuminate\\Pipeline\\Pipeline::prepareDestination():178}()
#40 /var/www/indonesia-luxe/vendor/laravel/framework/src/Illuminate/Pipeline/Pipeline.php(219): Livewire\\Features\\SupportDisablingBackButtonCache\\DisableBackButtonCacheMiddleware->handle()
#41 /var/www/indonesia-luxe/vendor/laravel/framework/src/Illuminate/Foundation/Http/Middleware/ConvertEmptyStringsToNull.php(27): Illuminate\\Pipeline\\Pipeline->{closure:{closure:Illuminate\\Pipeline\\Pipeline::carry():194}:195}()
#42 /var/www/indonesia-luxe/vendor/laravel/framework/src/Illuminate/Pipeline/Pipeline.php(219): Illuminate\\Foundation\\Http\\Middleware\\ConvertEmptyStringsToNull->handle()
#43 /var/www/indonesia-luxe/vendor/laravel/framework/src/Illuminate/Foundation/Http/Middleware/TrimStrings.php(47): Illuminate\\Pipeline\\Pipeline->{closure:{closure:Illuminate\\Pipeline\\Pipeline::carry():194}:195}()
#44 /var/www/indonesia-luxe/vendor/laravel/framework/src/Illuminate/Pipeline/Pipeline.php(219): Illuminate\\Foundation\\Http\\Middleware\\TrimStrings->handle()
#45 /var/www/indonesia-luxe/vendor/laravel/framework/src/Illuminate/Http/Middleware/ValidatePostSize.php(27): Illuminate\\Pipeline\\Pipeline->{closure:{closure:Illuminate\\Pipeline\\Pipeline::carry():194}:195}()
#46 /var/www/indonesia-luxe/vendor/laravel/framework/src/Illuminate/Pipeline/Pipeline.php(219): Illuminate\\Http\\Middleware\\ValidatePostSize->handle()
#47 /var/www/indonesia-luxe/vendor/laravel/framework/src/Illuminate/Foundation/Http/Middleware/PreventRequestsDuringMaintenance.php(109): Illuminate\\Pipeline\\Pipeline->{closure:{closure:Illuminate\\Pipeline\\Pipeline::carry():194}:195}()
#48 /var/www/indonesia-luxe/vendor/laravel/framework/src/Illuminate/Pipeline/Pipeline.php(219): Illuminate\\Foundation\\Http\\Middleware\\PreventRequestsDuringMaintenance->handle()
#49 /var/www/indonesia-luxe/vendor/laravel/framework/src/Illuminate/Http/Middleware/HandleCors.php(61): Illuminate\\Pipeline\\Pipeline->{closure:{closure:Illuminate\\Pipeline\\Pipeline::carry():194}:195}()
#50 /var/www/indonesia-luxe/vendor/laravel/framework/src/Illuminate/Pipeline/Pipeline.php(219): Illuminate\\Http\\Middleware\\HandleCors->handle()
#51 /var/www/indonesia-luxe/vendor/laravel/framework/src/Illuminate/Http/Middleware/TrustProxies.php(58): Illuminate\\Pipeline\\Pipeline->{closure:{closure:Illuminate\\Pipeline\\Pipeline::carry():194}:195}()
#52 /var/www/indonesia-luxe/vendor/laravel/framework/src/Illuminate/Pipeline/Pipeline.php(219): Illuminate\\Http\\Middleware\\TrustProxies->handle()
#53 /var/www/indonesia-luxe/vendor/laravel/framework/src/Illuminate/Foundation/Http/Middleware/InvokeDeferredCallbacks.php(22): Illuminate\\Pipeline\\Pipeline->{closure:{closure:Illuminate\\Pipeline\\Pipeline::carry():194}:195}()
#54 /var/www/indonesia-luxe/vendor/laravel/framework/src/Illuminate/Pipeline/Pipeline.php(219): Illuminate\\Foundation\\Http\\Middleware\\InvokeDeferredCallbacks->handle()
#55 /var/www/indonesia-luxe/vendor/laravel/framework/src/Illuminate/Http/Middleware/ValidatePathEncoding.php(26): Illuminate\\Pipeline\\Pipeline->{closure:{closure:Illuminate\\Pipeline\\Pipeline::carry():194}:195}()
#56 /var/www/indonesia-luxe/vendor/laravel/framework/src/Illuminate/Pipeline/Pipeline.php(219): Illuminate\\Http\\Middleware\\ValidatePathEncoding->handle()
#57 /var/www/indonesia-luxe/vendor/laravel/framework/src/Illuminate/Pipeline/Pipeline.php(137): Illuminate\\Pipeline\\Pipeline->{closure:{closure:Illuminate\\Pipeline\\Pipeline::carry():194}:195}()
#58 /var/www/indonesia-luxe/vendor/laravel/framework/src/Illuminate/Foundation/Http/Kernel.php(175): Illuminate\\Pipeline\\Pipeline->then()
#59 /var/www/indonesia-luxe/vendor/laravel/framework/src/Illuminate/Foundation/Http/Kernel.php(144): Illuminate\\Foundation\\Http\\Kernel->sendRequestThroughRouter()
#60 /var/www/indonesia-luxe/vendor/laravel/framework/src/Illuminate/Foundation/Application.php(1220): Illuminate\\Foundation\\Http\\Kernel->handle()
#61 /var/www/indonesia-luxe/public/index.php(20): Illuminate\\Foundation\\Application->handleRequest()
#62 {main}
"} 
[2026-06-11 05:31:28] local.ERROR: Unable to find component: [pages.auth.register] {"exception":"[object] (Livewire\\Exceptions\\ComponentNotFoundException(code: 0): Unable to find component: [pages.auth.register] at /var/www/indonesia-luxe/vendor/livewire/livewire/src/Factory/Factory.php:76)
[stacktrace]
#0 /var/www/indonesia-luxe/vendor/livewire/livewire/src/Factory/Factory.php(88): Livewire\\Factory\\Factory->resolveComponentNameAndClass()
#1 /var/www/indonesia-luxe/vendor/livewire/livewire/src/Features/SupportReleaseTokens/ReleaseToken.php(15): Livewire\\Factory\\Factory->resolveComponentClass()
#2 /var/www/indonesia-luxe/vendor/livewire/livewire/src/Features/SupportReleaseTokens/SupportReleaseTokens.php(20): Livewire\\Features\\SupportReleaseTokens\\ReleaseToken::verify()
#3 /var/www/indonesia-luxe/vendor/livewire/livewire/src/EventBus.php(87): Livewire\\Features\\SupportReleaseTokens\\SupportReleaseTokens::{closure:Livewire\\Features\\SupportReleaseTokens\\SupportReleaseTokens::provide():19}()
#4 /var/www/indonesia-luxe/vendor/livewire/livewire/src/helpers.php(98): Livewire\\EventBus->trigger()
#5 /var/www/indonesia-luxe/vendor/livewire/livewire/src/Mechanisms/HandleComponents/Checksum.php(22): Livewire\\trigger()
#6 /var/www/indonesia-luxe/vendor/livewire/livewire/src/Mechanisms/HandleComponents/HandleComponents.php(244): Livewire\\Mechanisms\\HandleComponents\\Checksum::verify()
#7 /var/www/indonesia-luxe/vendor/livewire/livewire/src/Mechanisms/HandleComponents/HandleComponents.php(210): Livewire\\Mechanisms\\HandleComponents\\HandleComponents->fromSnapshot()
#8 /var/www/indonesia-luxe/vendor/livewire/livewire/src/LivewireManager.php(131): Livewire\\Mechanisms\\HandleComponents\\HandleComponents->update()
#9 /var/www/indonesia-luxe/vendor/livewire/livewire/src/Mechanisms/HandleRequests/HandleRequests.php(156): Livewire\\LivewireManager->update()
#10 /var/www/indonesia-luxe/vendor/laravel/framework/src/Illuminate/Routing/ControllerDispatcher.php(46): Livewire\\Mechanisms\\HandleRequests\\HandleRequests->handleUpdate()
#11 /var/www/indonesia-luxe/vendor/laravel/framework/src/Illuminate/Routing/Route.php(265): Illuminate\\Routing\\ControllerDispatcher->dispatch()
#12 /var/www/indonesia-luxe/vendor/laravel/framework/src/Illuminate/Routing/Route.php(211): Illuminate\\Routing\\Route->runController()
#13 /var/www/indonesia-luxe/vendor/laravel/framework/src/Illuminate/Routing/Router.php(822): Illuminate\\Routing\\Route->run()
#14 /var/www/indonesia-luxe/vendor/laravel/framework/src/Illuminate/Pipeline/Pipeline.php(180): Illuminate\\Routing\\Router->{closure:Illuminate\\Routing\\Router::runRouteWithinStack():821}()
#15 /var/www/indonesia-luxe/vendor/laravel/boost/src/Middleware/InjectBoost.php(22): Illuminate\\Pipeline\\Pipeline->{closure:Illuminate\\Pipeline\\Pipeline::prepareDestination():178}()
#16 /var/www/indonesia-luxe/vendor/laravel/framework/src/Illuminate/Pipeline/Pipeline.php(219): Laravel\\Boost\\Middleware\\InjectBoost->handle()
#17 /var/www/indonesia-luxe/app/Http/Middleware/SetLocale.php(28): Illuminate\\Pipeline\\Pipeline->{closure:{closure:Illuminate\\Pipeline\\Pipeline::carry():194}:195}()
#18 /var/www/indonesia-luxe/vendor/laravel/framework/src/Illuminate/Pipeline/Pipeline.php(219): App\\Http\\Middleware\\SetLocale->handle()
#19 /var/www/indonesia-luxe/vendor/laravel/framework/src/Illuminate/Routing/Middleware/SubstituteBindings.php(50): Illuminate\\Pipeline\\Pipeline->{closure:{closure:Illuminate\\Pipeline\\Pipeline::carry():194}:195}()
#20 /var/www/indonesia-luxe/vendor/laravel/framework/src/Illuminate/Pipeline/Pipeline.php(219): Illuminate\\Routing\\Middleware\\SubstituteBindings->handle()
#21 /var/www/indonesia-luxe/vendor/laravel/framework/src/Illuminate/Foundation/Http/Middleware/VerifyCsrfToken.php(87): Illuminate\\Pipeline\\Pipeline->{closure:{closure:Illuminate\\Pipeline\\Pipeline::carry():194}:195}()
#22 /var/www/indonesia-luxe/vendor/laravel/framework/src/Illuminate/Pipeline/Pipeline.php(219): Illuminate\\Foundation\\Http\\Middleware\\VerifyCsrfToken->handle()
#23 /var/www/indonesia-luxe/vendor/laravel/framework/src/Illuminate/View/Middleware/ShareErrorsFromSession.php(48): Illuminate\\Pipeline\\Pipeline->{closure:{closure:Illuminate\\Pipeline\\Pipeline::carry():194}:195}()
#24 /var/www/indonesia-luxe/vendor/laravel/framework/src/Illuminate/Pipeline/Pipeline.php(219): Illuminate\\View\\Middleware\\ShareErrorsFromSession->handle()
#25 /var/www/indonesia-luxe/vendor/laravel/framework/src/Illuminate/Session/Middleware/StartSession.php(120): Illuminate\\Pipeline\\Pipeline->{closure:{closure:Illuminate\\Pipeline\\Pipeline::carry():194}:195}()
#26 /var/www/indonesia-luxe/vendor/laravel/framework/src/Illuminate/Session/Middleware/StartSession.php(63): Illuminate\\Session\\Middleware\\StartSession->handleStatefulRequest()
#27 /var/www/indonesia-luxe/vendor/laravel/framework/src/Illuminate/Pipeline/Pipeline.php(219): Illuminate\\Session\\Middleware\\StartSession->handle()
#28 /var/www/indonesia-luxe/vendor/laravel/framework/src/Illuminate/Cookie/Middleware/AddQueuedCookiesToResponse.php(36): Illuminate\\Pipeline\\Pipeline->{closure:{closure:Illuminate\\Pipeline\\Pipeline::carry():194}:195}()
#29 /var/www/indonesia-luxe/vendor/laravel/framework/src/Illuminate/Pipeline/Pipeline.php(219): Illuminate\\Cookie\\Middleware\\AddQueuedCookiesToResponse->handle()
#30 /var/www/indonesia-luxe/vendor/laravel/framework/src/Illuminate/Cookie/Middleware/EncryptCookies.php(74): Illuminate\\Pipeline\\Pipeline->{closure:{closure:Illuminate\\Pipeline\\Pipeline::carry():194}:195}()
#31 /var/www/indonesia-luxe/vendor/laravel/framework/src/Illuminate/Pipeline/Pipeline.php(219): Illuminate\\Cookie\\Middleware\\EncryptCookies->handle()
#32 /var/www/indonesia-luxe/vendor/laravel/framework/src/Illuminate/Pipeline/Pipeline.php(137): Illuminate\\Pipeline\\Pipeline->{closure:{closure:Illuminate\\Pipeline\\Pipeline::carry():194}:195}()
#33 /var/www/indonesia-luxe/vendor/laravel/framework/src/Illuminate/Routing/Router.php(821): Illuminate\\Pipeline\\Pipeline->then()
#34 /var/www/indonesia-luxe/vendor/laravel/framework/src/Illuminate/Routing/Router.php(800): Illuminate\\Routing\\Router->runRouteWithinStack()
#35 /var/www/indonesia-luxe/vendor/laravel/framework/src/Illuminate/Routing/Router.php(764): Illuminate\\Routing\\Router->runRoute()
#36 /var/www/indonesia-luxe/vendor/laravel/framework/src/Illuminate/Routing/Router.php(753): Illuminate\\Routing\\Router->dispatchToRoute()
#37 /var/www/indonesia-luxe/vendor/laravel/framework/src/Illuminate/Foundation/Http/Kernel.php(200): Illuminate\\Routing\\Router->dispatch()
#38 /var/www/indonesia-luxe/vendor/laravel/framework/src/Illuminate/Pipeline/Pipeline.php(180): Illuminate\\Foundation\\Http\\Kernel->{closure:Illuminate\\Foundation\\Http\\Kernel::dispatchToRouter():197}()
#39 /var/www/indonesia-luxe/vendor/livewire/livewire/src/Features/SupportDisablingBackButtonCache/DisableBackButtonCacheMiddleware.php(19): Illuminate\\Pipeline\\Pipeline->{closure:Illuminate\\Pipeline\\Pipeline::prepareDestination():178}()
#40 /var/www/indonesia-luxe/vendor/laravel/framework/src/Illuminate/Pipeline/Pipeline.php(219): Livewire\\Features\\SupportDisablingBackButtonCache\\DisableBackButtonCacheMiddleware->handle()
#41 /var/www/indonesia-luxe/vendor/laravel/framework/src/Illuminate/Foundation/Http/Middleware/ConvertEmptyStringsToNull.php(27): Illuminate\\Pipeline\\Pipeline->{closure:{closure:Illuminate\\Pipeline\\Pipeline::carry():194}:195}()
#42 /var/www/indonesia-luxe/vendor/laravel/framework/src/Illuminate/Pipeline/Pipeline.php(219): Illuminate\\Foundation\\Http\\Middleware\\ConvertEmptyStringsToNull->handle()
#43 /var/www/indonesia-luxe/vendor/laravel/framework/src/Illuminate/Foundation/Http/Middleware/TrimStrings.php(47): Illuminate\\Pipeline\\Pipeline->{closure:{closure:Illuminate\\Pipeline\\Pipeline::carry():194}:195}()
#44 /var/www/indonesia-luxe/vendor/laravel/framework/src/Illuminate/Pipeline/Pipeline.php(219): Illuminate\\Foundation\\Http\\Middleware\\TrimStrings->handle()
#45 /var/www/indonesia-luxe/vendor/laravel/framework/src/Illuminate/Http/Middleware/ValidatePostSize.php(27): Illuminate\\Pipeline\\Pipeline->{closure:{closure:Illuminate\\Pipeline\\Pipeline::carry():194}:195}()
#46 /var/www/indonesia-luxe/vendor/laravel/framework/src/Illuminate/Pipeline/Pipeline.php(219): Illuminate\\Http\\Middleware\\ValidatePostSize->handle()
#47 /var/www/indonesia-luxe/vendor/laravel/framework/src/Illuminate/Foundation/Http/Middleware/PreventRequestsDuringMaintenance.php(109): Illuminate\\Pipeline\\Pipeline->{closure:{closure:Illuminate\\Pipeline\\Pipeline::carry():194}:195}()
#48 /var/www/indonesia-luxe/vendor/laravel/framework/src/Illuminate/Pipeline/Pipeline.php(219): Illuminate\\Foundation\\Http\\Middleware\\PreventRequestsDuringMaintenance->handle()
#49 /var/www/indonesia-luxe/vendor/laravel/framework/src/Illuminate/Http/Middleware/HandleCors.php(61): Illuminate\\Pipeline\\Pipeline->{closure:{closure:Illuminate\\Pipeline\\Pipeline::carry():194}:195}()
#50 /var/www/indonesia-luxe/vendor/laravel/framework/src/Illuminate/Pipeline/Pipeline.php(219): Illuminate\\Http\\Middleware\\HandleCors->handle()
#51 /var/www/indonesia-luxe/vendor/laravel/framework/src/Illuminate/Http/Middleware/TrustProxies.php(58): Illuminate\\Pipeline\\Pipeline->{closure:{closure:Illuminate\\Pipeline\\Pipeline::carry():194}:195}()
#52 /var/www/indonesia-luxe/vendor/laravel/framework/src/Illuminate/Pipeline/Pipeline.php(219): Illuminate\\Http\\Middleware\\TrustProxies->handle()
#53 /var/www/indonesia-luxe/vendor/laravel/framework/src/Illuminate/Foundation/Http/Middleware/InvokeDeferredCallbacks.php(22): Illuminate\\Pipeline\\Pipeline->{closure:{closure:Illuminate\\Pipeline\\Pipeline::carry():194}:195}()
#54 /var/www/indonesia-luxe/vendor/laravel/framework/src/Illuminate/Pipeline/Pipeline.php(219): Illuminate\\Foundation\\Http\\Middleware\\InvokeDeferredCallbacks->handle()
#55 /var/www/indonesia-luxe/vendor/laravel/framework/src/Illuminate/Http/Middleware/ValidatePathEncoding.php(26): Illuminate\\Pipeline\\Pipeline->{closure:{closure:Illuminate\\Pipeline\\Pipeline::carry():194}:195}()
#56 /var/www/indonesia-luxe/vendor/laravel/framework/src/Illuminate/Pipeline/Pipeline.php(219): Illuminate\\Http\\Middleware\\ValidatePathEncoding->handle()
#57 /var/www/indonesia-luxe/vendor/laravel/framework/src/Illuminate/Pipeline/Pipeline.php(137): Illuminate\\Pipeline\\Pipeline->{closure:{closure:Illuminate\\Pipeline\\Pipeline::carry():194}:195}()
#58 /var/www/indonesia-luxe/vendor/laravel/framework/src/Illuminate/Foundation/Http/Kernel.php(175): Illuminate\\Pipeline\\Pipeline->then()
#59 /var/www/indonesia-luxe/vendor/laravel/framework/src/Illuminate/Foundation/Http/Kernel.php(144): Illuminate\\Foundation\\Http\\Kernel->sendRequestThroughRouter()
#60 /var/www/indonesia-luxe/vendor/laravel/framework/src/Illuminate/Foundation/Application.php(1220): Illuminate\\Foundation\\Http\\Kernel->handle()
#61 /var/www/indonesia-luxe/public/index.php(20): Illuminate\\Foundation\\Application->handleRequest()
#62 {main}
"} 
[2026-06-11 05:31:29] local.ERROR: Unable to find component: [pages.auth.register] {"exception":"[object] (Livewire\\Exceptions\\ComponentNotFoundException(code: 0): Unable to find component: [pages.auth.register] at /var/www/indonesia-luxe/vendor/livewire/livewire/src/Factory/Factory.php:76)
[stacktrace]
#0 /var/www/indonesia-luxe/vendor/livewire/livewire/src/Factory/Factory.php(88): Livewire\\Factory\\Factory->resolveComponentNameAndClass()
#1 /var/www/indonesia-luxe/vendor/livewire/livewire/src/Features/SupportReleaseTokens/ReleaseToken.php(15): Livewire\\Factory\\Factory->resolveComponentClass()
#2 /var/www/indonesia-luxe/vendor/livewire/livewire/src/Features/SupportReleaseTokens/SupportReleaseTokens.php(20): Livewire\\Features\\SupportReleaseTokens\\ReleaseToken::verify()
#3 /var/www/indonesia-luxe/vendor/livewire/livewire/src/EventBus.php(87): Livewire\\Features\\SupportReleaseTokens\\SupportReleaseTokens::{closure:Livewire\\Features\\SupportReleaseTokens\\SupportReleaseTokens::provide():19}()
#4 /var/www/indonesia-luxe/vendor/livewire/livewire/src/helpers.php(98): Livewire\\EventBus->trigger()
#5 /var/www/indonesia-luxe/vendor/livewire/livewire/src/Mechanisms/HandleComponents/Checksum.php(22): Livewire\\trigger()
#6 /var/www/indonesia-luxe/vendor/livewire/livewire/src/Mechanisms/HandleComponents/HandleComponents.php(244): Livewire\\Mechanisms\\HandleComponents\\Checksum::verify()
#7 /var/www/indonesia-luxe/vendor/livewire/livewire/src/Mechanisms/HandleComponents/HandleComponents.php(210): Livewire\\Mechanisms\\HandleComponents\\HandleComponents->fromSnapshot()
#8 /var/www/indonesia-luxe/vendor/livewire/livewire/src/LivewireManager.php(131): Livewire\\Mechanisms\\HandleComponents\\HandleComponents->update()
#9 /var/www/indonesia-luxe/vendor/livewire/livewire/src/Mechanisms/HandleRequests/HandleRequests.php(156): Livewire\\LivewireManager->update()
#10 /var/www/indonesia-luxe/vendor/laravel/framework/src/Illuminate/Routing/ControllerDispatcher.php(46): Livewire\\Mechanisms\\HandleRequests\\HandleRequests->handleUpdate()
#11 /var/www/indonesia-luxe/vendor/laravel/framework/src/Illuminate/Routing/Route.php(265): Illuminate\\Routing\\ControllerDispatcher->dispatch()
#12 /var/www/indonesia-luxe/vendor/laravel/framework/src/Illuminate/Routing/Route.php(211): Illuminate\\Routing\\Route->runController()
#13 /var/www/indonesia-luxe/vendor/laravel/framework/src/Illuminate/Routing/Router.php(822): Illuminate\\Routing\\Route->run()
#14 /var/www/indonesia-luxe/vendor/laravel/framework/src/Illuminate/Pipeline/Pipeline.php(180): Illuminate\\Routing\\Router->{closure:Illuminate\\Routing\\Router::runRouteWithinStack():821}()
#15 /var/www/indonesia-luxe/vendor/laravel/boost/src/Middleware/InjectBoost.php(22): Illuminate\\Pipeline\\Pipeline->{closure:Illuminate\\Pipeline\\Pipeline::prepareDestination():178}()
#16 /var/www/indonesia-luxe/vendor/laravel/framework/src/Illuminate/Pipeline/Pipeline.php(219): Laravel\\Boost\\Middleware\\InjectBoost->handle()
#17 /var/www/indonesia-luxe/app/Http/Middleware/SetLocale.php(28): Illuminate\\Pipeline\\Pipeline->{closure:{closure:Illuminate\\Pipeline\\Pipeline::carry():194}:195}()
#18 /var/www/indonesia-luxe/vendor/laravel/framework/src/Illuminate/Pipeline/Pipeline.php(219): App\\Http\\Middleware\\SetLocale->handle()
#19 /var/www/indonesia-luxe/vendor/laravel/framework/src/Illuminate/Routing/Middleware/SubstituteBindings.php(50): Illuminate\\Pipeline\\Pipeline->{closure:{closure:Illuminate\\Pipeline\\Pipeline::carry():194}:195}()
#20 /var/www/indonesia-luxe/vendor/laravel/framework/src/Illuminate/Pipeline/Pipeline.php(219): Illuminate\\Routing\\Middleware\\SubstituteBindings->handle()
#21 /var/www/indonesia-luxe/vendor/laravel/framework/src/Illuminate/Foundation/Http/Middleware/VerifyCsrfToken.php(87): Illuminate\\Pipeline\\Pipeline->{closure:{closure:Illuminate\\Pipeline\\Pipeline::carry():194}:195}()
#22 /var/www/indonesia-luxe/vendor/laravel/framework/src/Illuminate/Pipeline/Pipeline.php(219): Illuminate\\Foundation\\Http\\Middleware\\VerifyCsrfToken->handle()
#23 /var/www/indonesia-luxe/vendor/laravel/framework/src/Illuminate/View/Middleware/ShareErrorsFromSession.php(48): Illuminate\\Pipeline\\Pipeline->{closure:{closure:Illuminate\\Pipeline\\Pipeline::carry():194}:195}()
#24 /var/www/indonesia-luxe/vendor/laravel/framework/src/Illuminate/Pipeline/Pipeline.php(219): Illuminate\\View\\Middleware\\ShareErrorsFromSession->handle()
#25 /var/www/indonesia-luxe/vendor/laravel/framework/src/Illuminate/Session/Middleware/StartSession.php(120): Illuminate\\Pipeline\\Pipeline->{closure:{closure:Illuminate\\Pipeline\\Pipeline::carry():194}:195}()
#26 /var/www/indonesia-luxe/vendor/laravel/framework/src/Illuminate/Session/Middleware/StartSession.php(63): Illuminate\\Session\\Middleware\\StartSession->handleStatefulRequest()
#27 /var/www/indonesia-luxe/vendor/laravel/framework/src/Illuminate/Pipeline/Pipeline.php(219): Illuminate\\Session\\Middleware\\StartSession->handle()
#28 /var/www/indonesia-luxe/vendor/laravel/framework/src/Illuminate/Cookie/Middleware/AddQueuedCookiesToResponse.php(36): Illuminate\\Pipeline\\Pipeline->{closure:{closure:Illuminate\\Pipeline\\Pipeline::carry():194}:195}()
#29 /var/www/indonesia-luxe/vendor/laravel/framework/src/Illuminate/Pipeline/Pipeline.php(219): Illuminate\\Cookie\\Middleware\\AddQueuedCookiesToResponse->handle()
#30 /var/www/indonesia-luxe/vendor/laravel/framework/src/Illuminate/Cookie/Middleware/EncryptCookies.php(74): Illuminate\\Pipeline\\Pipeline->{closure:{closure:Illuminate\\Pipeline\\Pipeline::carry():194}:195}()
#31 /var/www/indonesia-luxe/vendor/laravel/framework/src/Illuminate/Pipeline/Pipeline.php(219): Illuminate\\Cookie\\Middleware\\EncryptCookies->handle()
#32 /var/www/indonesia-luxe/vendor/laravel/framework/src/Illuminate/Pipeline/Pipeline.php(137): Illuminate\\Pipeline\\Pipeline->{closure:{closure:Illuminate\\Pipeline\\Pipeline::carry():194}:195}()
#33 /var/www/indonesia-luxe/vendor/laravel/framework/src/Illuminate/Routing/Router.php(821): Illuminate\\Pipeline\\Pipeline->then()
#34 /var/www/indonesia-luxe/vendor/laravel/framework/src/Illuminate/Routing/Router.php(800): Illuminate\\Routing\\Router->runRouteWithinStack()
#35 /var/www/indonesia-luxe/vendor/laravel/framework/src/Illuminate/Routing/Router.php(764): Illuminate\\Routing\\Router->runRoute()
#36 /var/www/indonesia-luxe/vendor/laravel/framework/src/Illuminate/Routing/Router.php(753): Illuminate\\Routing\\Router->dispatchToRoute()
#37 /var/www/indonesia-luxe/vendor/laravel/framework/src/Illuminate/Foundation/Http/Kernel.php(200): Illuminate\\Routing\\Router->dispatch()
#38 /var/www/indonesia-luxe/vendor/laravel/framework/src/Illuminate/Pipeline/Pipeline.php(180): Illuminate\\Foundation\\Http\\Kernel->{closure:Illuminate\\Foundation\\Http\\Kernel::dispatchToRouter():197}()
#39 /var/www/indonesia-luxe/vendor/livewire/livewire/src/Features/SupportDisablingBackButtonCache/DisableBackButtonCacheMiddleware.php(19): Illuminate\\Pipeline\\Pipeline->{closure:Illuminate\\Pipeline\\Pipeline::prepareDestination():178}()
#40 /var/www/indonesia-luxe/vendor/laravel/framework/src/Illuminate/Pipeline/Pipeline.php(219): Livewire\\Features\\SupportDisablingBackButtonCache\\DisableBackButtonCacheMiddleware->handle()
#41 /var/www/indonesia-luxe/vendor/laravel/framework/src/Illuminate/Foundation/Http/Middleware/ConvertEmptyStringsToNull.php(27): Illuminate\\Pipeline\\Pipeline->{closure:{closure:Illuminate\\Pipeline\\Pipeline::carry():194}:195}()
#42 /var/www/indonesia-luxe/vendor/laravel/framework/src/Illuminate/Pipeline/Pipeline.php(219): Illuminate\\Foundation\\Http\\Middleware\\ConvertEmptyStringsToNull->handle()
#43 /var/www/indonesia-luxe/vendor/laravel/framework/src/Illuminate/Foundation/Http/Middleware/TrimStrings.php(47): Illuminate\\Pipeline\\Pipeline->{closure:{closure:Illuminate\\Pipeline\\Pipeline::carry():194}:195}()
#44 /var/www/indonesia-luxe/vendor/laravel/framework/src/Illuminate/Pipeline/Pipeline.php(219): Illuminate\\Foundation\\Http\\Middleware\\TrimStrings->handle()
#45 /var/www/indonesia-luxe/vendor/laravel/framework/src/Illuminate/Http/Middleware/ValidatePostSize.php(27): Illuminate\\Pipeline\\Pipeline->{closure:{closure:Illuminate\\Pipeline\\Pipeline::carry():194}:195}()
#46 /var/www/indonesia-luxe/vendor/laravel/framework/src/Illuminate/Pipeline/Pipeline.php(219): Illuminate\\Http\\Middleware\\ValidatePostSize->handle()
#47 /var/www/indonesia-luxe/vendor/laravel/framework/src/Illuminate/Foundation/Http/Middleware/PreventRequestsDuringMaintenance.php(109): Illuminate\\Pipeline\\Pipeline->{closure:{closure:Illuminate\\Pipeline\\Pipeline::carry():194}:195}()
#48 /var/www/indonesia-luxe/vendor/laravel/framework/src/Illuminate/Pipeline/Pipeline.php(219): Illuminate\\Foundation\\Http\\Middleware\\PreventRequestsDuringMaintenance->handle()
#49 /var/www/indonesia-luxe/vendor/laravel/framework/src/Illuminate/Http/Middleware/HandleCors.php(61): Illuminate\\Pipeline\\Pipeline->{closure:{closure:Illuminate\\Pipeline\\Pipeline::carry():194}:195}()
#50 /var/www/indonesia-luxe/vendor/laravel/framework/src/Illuminate/Pipeline/Pipeline.php(219): Illuminate\\Http\\Middleware\\HandleCors->handle()
#51 /var/www/indonesia-luxe/vendor/laravel/framework/src/Illuminate/Http/Middleware/TrustProxies.php(58): Illuminate\\Pipeline\\Pipeline->{closure:{closure:Illuminate\\Pipeline\\Pipeline::carry():194}:195}()
#52 /var/www/indonesia-luxe/vendor/laravel/framework/src/Illuminate/Pipeline/Pipeline.php(219): Illuminate\\Http\\Middleware\\TrustProxies->handle()
#53 /var/www/indonesia-luxe/vendor/laravel/framework/src/Illuminate/Foundation/Http/Middleware/InvokeDeferredCallbacks.php(22): Illuminate\\Pipeline\\Pipeline->{closure:{closure:Illuminate\\Pipeline\\Pipeline::carry():194}:195}()
#54 /var/www/indonesia-luxe/vendor/laravel/framework/src/Illuminate/Pipeline/Pipeline.php(219): Illuminate\\Foundation\\Http\\Middleware\\InvokeDeferredCallbacks->handle()
#55 /var/www/indonesia-luxe/vendor/laravel/framework/src/Illuminate/Http/Middleware/ValidatePathEncoding.php(26): Illuminate\\Pipeline\\Pipeline->{closure:{closure:Illuminate\\Pipeline\\Pipeline::carry():194}:195}()
#56 /var/www/indonesia-luxe/vendor/laravel/framework/src/Illuminate/Pipeline/Pipeline.php(219): Illuminate\\Http\\Middleware\\ValidatePathEncoding->handle()
#57 /var/www/indonesia-luxe/vendor/laravel/framework/src/Illuminate/Pipeline/Pipeline.php(137): Illuminate\\Pipeline\\Pipeline->{closure:{closure:Illuminate\\Pipeline\\Pipeline::carry():194}:195}()
#58 /var/www/indonesia-luxe/vendor/laravel/framework/src/Illuminate/Foundation/Http/Kernel.php(175): Illuminate\\Pipeline\\Pipeline->then()
#59 /var/www/indonesia-luxe/vendor/laravel/framework/src/Illuminate/Foundation/Http/Kernel.php(144): Illuminate\\Foundation\\Http\\Kernel->sendRequestThroughRouter()
#60 /var/www/indonesia-luxe/vendor/laravel/framework/src/Illuminate/Foundation/Application.php(1220): Illuminate\\Foundation\\Http\\Kernel->handle()
#61 /var/www/indonesia-luxe/public/index.php(20): Illuminate\\Foundation\\Application->handleRequest()
#62 {main}
"} 
[2026-06-11 05:32:36] local.ERROR: Livewire encountered corrupt data when trying to hydrate a component. 
Ensure that the [name, id, data] of the Livewire component wasn't tampered with between requests. {"exception":"[object] (Livewire\\Mechanisms\\HandleComponents\\CorruptComponentPayloadException(code: 0): Livewire encountered corrupt data when trying to hydrate a component. 
Ensure that the [name, id, data] of the Livewire component wasn't tampered with between requests. at /var/www/indonesia-luxe/vendor/livewire/livewire/src/Mechanisms/HandleComponents/Checksum.php:29)
[stacktrace]
#0 /var/www/indonesia-luxe/vendor/livewire/livewire/src/Mechanisms/HandleComponents/HandleComponents.php(244): Livewire\\Mechanisms\\HandleComponents\\Checksum::verify()
#1 /var/www/indonesia-luxe/vendor/livewire/livewire/src/Mechanisms/HandleComponents/HandleComponents.php(210): Livewire\\Mechanisms\\HandleComponents\\HandleComponents->fromSnapshot()
#2 /var/www/indonesia-luxe/vendor/livewire/livewire/src/LivewireManager.php(131): Livewire\\Mechanisms\\HandleComponents\\HandleComponents->update()
#3 /var/www/indonesia-luxe/vendor/livewire/livewire/src/Mechanisms/HandleRequests/HandleRequests.php(156): Livewire\\LivewireManager->update()
#4 /var/www/indonesia-luxe/vendor/laravel/framework/src/Illuminate/Routing/ControllerDispatcher.php(46): Livewire\\Mechanisms\\HandleRequests\\HandleRequests->handleUpdate()
#5 /var/www/indonesia-luxe/vendor/laravel/framework/src/Illuminate/Routing/Route.php(265): Illuminate\\Routing\\ControllerDispatcher->dispatch()
#6 /var/www/indonesia-luxe/vendor/laravel/framework/src/Illuminate/Routing/Route.php(211): Illuminate\\Routing\\Route->runController()
#7 /var/www/indonesia-luxe/vendor/laravel/framework/src/Illuminate/Routing/Router.php(822): Illuminate\\Routing\\Route->run()
#8 /var/www/indonesia-luxe/vendor/laravel/framework/src/Illuminate/Pipeline/Pipeline.php(180): Illuminate\\Routing\\Router->{closure:Illuminate\\Routing\\Router::runRouteWithinStack():821}()
#9 /var/www/indonesia-luxe/vendor/laravel/boost/src/Middleware/InjectBoost.php(22): Illuminate\\Pipeline\\Pipeline->{closure:Illuminate\\Pipeline\\Pipeline::prepareDestination():178}()
#10 /var/www/indonesia-luxe/vendor/laravel/framework/src/Illuminate/Pipeline/Pipeline.php(219): Laravel\\Boost\\Middleware\\InjectBoost->handle()
#11 /var/www/indonesia-luxe/app/Http/Middleware/SetLocale.php(28): Illuminate\\Pipeline\\Pipeline->{closure:{closure:Illuminate\\Pipeline\\Pipeline::carry():194}:195}()
#12 /var/www/indonesia-luxe/vendor/laravel/framework/src/Illuminate/Pipeline/Pipeline.php(219): App\\Http\\Middleware\\SetLocale->handle()
#13 /var/www/indonesia-luxe/vendor/laravel/framework/src/Illuminate/Routing/Middleware/SubstituteBindings.php(50): Illuminate\\Pipeline\\Pipeline->{closure:{closure:Illuminate\\Pipeline\\Pipeline::carry():194}:195}()
#14 /var/www/indonesia-luxe/vendor/laravel/framework/src/Illuminate/Pipeline/Pipeline.php(219): Illuminate\\Routing\\Middleware\\SubstituteBindings->handle()
#15 /var/www/indonesia-luxe/vendor/laravel/framework/src/Illuminate/Foundation/Http/Middleware/VerifyCsrfToken.php(87): Illuminate\\Pipeline\\Pipeline->{closure:{closure:Illuminate\\Pipeline\\Pipeline::carry():194}:195}()
#16 /var/www/indonesia-luxe/vendor/laravel/framework/src/Illuminate/Pipeline/Pipeline.php(219): Illuminate\\Foundation\\Http\\Middleware\\VerifyCsrfToken->handle()
#17 /var/www/indonesia-luxe/vendor/laravel/framework/src/Illuminate/View/Middleware/ShareErrorsFromSession.php(48): Illuminate\\Pipeline\\Pipeline->{closure:{closure:Illuminate\\Pipeline\\Pipeline::carry():194}:195}()
#18 /var/www/indonesia-luxe/vendor/laravel/framework/src/Illuminate/Pipeline/Pipeline.php(219): Illuminate\\View\\Middleware\\ShareErrorsFromSession->handle()
#19 /var/www/indonesia-luxe/vendor/laravel/framework/src/Illuminate/Session/Middleware/StartSession.php(120): Illuminate\\Pipeline\\Pipeline->{closure:{closure:Illuminate\\Pipeline\\Pipeline::carry():194}:195}()
#20 /var/www/indonesia-luxe/vendor/laravel/framework/src/Illuminate/Session/Middleware/StartSession.php(63): Illuminate\\Session\\Middleware\\StartSession->handleStatefulRequest()
#21 /var/www/indonesia-luxe/vendor/laravel/framework/src/Illuminate/Pipeline/Pipeline.php(219): Illuminate\\Session\\Middleware\\StartSession->handle()
#22 /var/www/indonesia-luxe/vendor/laravel/framework/src/Illuminate/Cookie/Middleware/AddQueuedCookiesToResponse.php(36): Illuminate\\Pipeline\\Pipeline->{closure:{closure:Illuminate\\Pipeline\\Pipeline::carry():194}:195}()
#23 /var/www/indonesia-luxe/vendor/laravel/framework/src/Illuminate/Pipeline/Pipeline.php(219): Illuminate\\Cookie\\Middleware\\AddQueuedCookiesToResponse->handle()
#24 /var/www/indonesia-luxe/vendor/laravel/framework/src/Illuminate/Cookie/Middleware/EncryptCookies.php(74): Illuminate\\Pipeline\\Pipeline->{closure:{closure:Illuminate\\Pipeline\\Pipeline::carry():194}:195}()
#25 /var/www/indonesia-luxe/vendor/laravel/framework/src/Illuminate/Pipeline/Pipeline.php(219): Illuminate\\Cookie\\Middleware\\EncryptCookies->handle()
#26 /var/www/indonesia-luxe/vendor/laravel/framework/src/Illuminate/Pipeline/Pipeline.php(137): Illuminate\\Pipeline\\Pipeline->{closure:{closure:Illuminate\\Pipeline\\Pipeline::carry():194}:195}()
#27 /var/www/indonesia-luxe/vendor/laravel/framework/src/Illuminate/Routing/Router.php(821): Illuminate\\Pipeline\\Pipeline->then()
#28 /var/www/indonesia-luxe/vendor/laravel/framework/src/Illuminate/Routing/Router.php(800): Illuminate\\Routing\\Router->runRouteWithinStack()
#29 /var/www/indonesia-luxe/vendor/laravel/framework/src/Illuminate/Routing/Router.php(764): Illuminate\\Routing\\Router->runRoute()
#30 /var/www/indonesia-luxe/vendor/laravel/framework/src/Illuminate/Routing/Router.php(753): Illuminate\\Routing\\Router->dispatchToRoute()
#31 /var/www/indonesia-luxe/vendor/laravel/framework/src/Illuminate/Foundation/Http/Kernel.php(200): Illuminate\\Routing\\Router->dispatch()
#32 /var/www/indonesia-luxe/vendor/laravel/framework/src/Illuminate/Pipeline/Pipeline.php(180): Illuminate\\Foundation\\Http\\Kernel->{closure:Illuminate\\Foundation\\Http\\Kernel::dispatchToRouter():197}()
#33 /var/www/indonesia-luxe/vendor/livewire/livewire/src/Features/SupportDisablingBackButtonCache/DisableBackButtonCacheMiddleware.php(19): Illuminate\\Pipeline\\Pipeline->{closure:Illuminate\\Pipeline\\Pipeline::prepareDestination():178}()
#34 /var/www/indonesia-luxe/vendor/laravel/framework/src/Illuminate/Pipeline/Pipeline.php(219): Livewire\\Features\\SupportDisablingBackButtonCache\\DisableBackButtonCacheMiddleware->handle()
#35 /var/www/indonesia-luxe/vendor/laravel/framework/src/Illuminate/Foundation/Http/Middleware/ConvertEmptyStringsToNull.php(27): Illuminate\\Pipeline\\Pipeline->{closure:{closure:Illuminate\\Pipeline\\Pipeline::carry():194}:195}()
#36 /var/www/indonesia-luxe/vendor/laravel/framework/src/Illuminate/Pipeline/Pipeline.php(219): Illuminate\\Foundation\\Http\\Middleware\\ConvertEmptyStringsToNull->handle()
#37 /var/www/indonesia-luxe/vendor/laravel/framework/src/Illuminate/Foundation/Http/Middleware/TrimStrings.php(47): Illuminate\\Pipeline\\Pipeline->{closure:{closure:Illuminate\\Pipeline\\Pipeline::carry():194}:195}()
#38 /var/www/indonesia-luxe/vendor/laravel/framework/src/Illuminate/Pipeline/Pipeline.php(219): Illuminate\\Foundation\\Http\\Middleware\\TrimStrings->handle()
#39 /var/www/indonesia-luxe/vendor/laravel/framework/src/Illuminate/Http/Middleware/ValidatePostSize.php(27): Illuminate\\Pipeline\\Pipeline->{closure:{closure:Illuminate\\Pipeline\\Pipeline::carry():194}:195}()
#40 /var/www/indonesia-luxe/vendor/laravel/framework/src/Illuminate/Pipeline/Pipeline.php(219): Illuminate\\Http\\Middleware\\ValidatePostSize->handle()
#41 /var/www/indonesia-luxe/vendor/laravel/framework/src/Illuminate/Foundation/Http/Middleware/PreventRequestsDuringMaintenance.php(109): Illuminate\\Pipeline\\Pipeline->{closure:{closure:Illuminate\\Pipeline\\Pipeline::carry():194}:195}()
#42 /var/www/indonesia-luxe/vendor/laravel/framework/src/Illuminate/Pipeline/Pipeline.php(219): Illuminate\\Foundation\\Http\\Middleware\\PreventRequestsDuringMaintenance->handle()
#43 /var/www/indonesia-luxe/vendor/laravel/framework/src/Illuminate/Http/Middleware/HandleCors.php(61): Illuminate\\Pipeline\\Pipeline->{closure:{closure:Illuminate\\Pipeline\\Pipeline::carry():194}:195}()
#44 /var/www/indonesia-luxe/vendor/laravel/framework/src/Illuminate/Pipeline/Pipeline.php(219): Illuminate\\Http\\Middleware\\HandleCors->handle()
#45 /var/www/indonesia-luxe/vendor/laravel/framework/src/Illuminate/Http/Middleware/TrustProxies.php(58): Illuminate\\Pipeline\\Pipeline->{closure:{closure:Illuminate\\Pipeline\\Pipeline::carry():194}:195}()
#46 /var/www/indonesia-luxe/vendor/laravel/framework/src/Illuminate/Pipeline/Pipeline.php(219): Illuminate\\Http\\Middleware\\TrustProxies->handle()
#47 /var/www/indonesia-luxe/vendor/laravel/framework/src/Illuminate/Foundation/Http/Middleware/InvokeDeferredCallbacks.php(22): Illuminate\\Pipeline\\Pipeline->{closure:{closure:Illuminate\\Pipeline\\Pipeline::carry():194}:195}()
#48 /var/www/indonesia-luxe/vendor/laravel/framework/src/Illuminate/Pipeline/Pipeline.php(219): Illuminate\\Foundation\\Http\\Middleware\\InvokeDeferredCallbacks->handle()
#49 /var/www/indonesia-luxe/vendor/laravel/framework/src/Illuminate/Http/Middleware/ValidatePathEncoding.php(26): Illuminate\\Pipeline\\Pipeline->{closure:{closure:Illuminate\\Pipeline\\Pipeline::carry():194}:195}()
#50 /var/www/indonesia-luxe/vendor/laravel/framework/src/Illuminate/Pipeline/Pipeline.php(219): Illuminate\\Http\\Middleware\\ValidatePathEncoding->handle()
#51 /var/www/indonesia-luxe/vendor/laravel/framework/src/Illuminate/Pipeline/Pipeline.php(137): Illuminate\\Pipeline\\Pipeline->{closure:{closure:Illuminate\\Pipeline\\Pipeline::carry():194}:195}()
#52 /var/www/indonesia-luxe/vendor/laravel/framework/src/Illuminate/Foundation/Http/Kernel.php(175): Illuminate\\Pipeline\\Pipeline->then()
#53 /var/www/indonesia-luxe/vendor/laravel/framework/src/Illuminate/Foundation/Http/Kernel.php(144): Illuminate\\Foundation\\Http\\Kernel->sendRequestThroughRouter()
#54 /var/www/indonesia-luxe/vendor/laravel/framework/src/Illuminate/Foundation/Application.php(1220): Illuminate\\Foundation\\Http\\Kernel->handle()
#55 /var/www/indonesia-luxe/public/index.php(20): Illuminate\\Foundation\\Application->handleRequest()
#56 {main}
"} 
[2026-06-11 05:32:39] local.ERROR: Livewire encountered corrupt data when trying to hydrate a component. 
Ensure that the [name, id, data] of the Livewire component wasn't tampered with between requests. {"exception":"[object] (Livewire\\Mechanisms\\HandleComponents\\CorruptComponentPayloadException(code: 0): Livewire encountered corrupt data when trying to hydrate a component. 
Ensure that the [name, id, data] of the Livewire component wasn't tampered with between requests. at /var/www/indonesia-luxe/vendor/livewire/livewire/src/Mechanisms/HandleComponents/Checksum.php:29)
[stacktrace]
#0 /var/www/indonesia-luxe/vendor/livewire/livewire/src/Mechanisms/HandleComponents/HandleComponents.php(244): Livewire\\Mechanisms\\HandleComponents\\Checksum::verify()
#1 /var/www/indonesia-luxe/vendor/livewire/livewire/src/Mechanisms/HandleComponents/HandleComponents.php(210): Livewire\\Mechanisms\\HandleComponents\\HandleComponents->fromSnapshot()
#2 /var/www/indonesia-luxe/vendor/livewire/livewire/src/LivewireManager.php(131): Livewire\\Mechanisms\\HandleComponents\\HandleComponents->update()
#3 /var/www/indonesia-luxe/vendor/livewire/livewire/src/Mechanisms/HandleRequests/HandleRequests.php(156): Livewire\\LivewireManager->update()
#4 /var/www/indonesia-luxe/vendor/laravel/framework/src/Illuminate/Routing/ControllerDispatcher.php(46): Livewire\\Mechanisms\\HandleRequests\\HandleRequests->handleUpdate()
#5 /var/www/indonesia-luxe/vendor/laravel/framework/src/Illuminate/Routing/Route.php(265): Illuminate\\Routing\\ControllerDispatcher->dispatch()
#6 /var/www/indonesia-luxe/vendor/laravel/framework/src/Illuminate/Routing/Route.php(211): Illuminate\\Routing\\Route->runController()
#7 /var/www/indonesia-luxe/vendor/laravel/framework/src/Illuminate/Routing/Router.php(822): Illuminate\\Routing\\Route->run()
#8 /var/www/indonesia-luxe/vendor/laravel/framework/src/Illuminate/Pipeline/Pipeline.php(180): Illuminate\\Routing\\Router->{closure:Illuminate\\Routing\\Router::runRouteWithinStack():821}()
#9 /var/www/indonesia-luxe/vendor/laravel/boost/src/Middleware/InjectBoost.php(22): Illuminate\\Pipeline\\Pipeline->{closure:Illuminate\\Pipeline\\Pipeline::prepareDestination():178}()
#10 /var/www/indonesia-luxe/vendor/laravel/framework/src/Illuminate/Pipeline/Pipeline.php(219): Laravel\\Boost\\Middleware\\InjectBoost->handle()
#11 /var/www/indonesia-luxe/app/Http/Middleware/SetLocale.php(28): Illuminate\\Pipeline\\Pipeline->{closure:{closure:Illuminate\\Pipeline\\Pipeline::carry():194}:195}()
#12 /var/www/indonesia-luxe/vendor/laravel/framework/src/Illuminate/Pipeline/Pipeline.php(219): App\\Http\\Middleware\\SetLocale->handle()
#13 /var/www/indonesia-luxe/vendor/laravel/framework/src/Illuminate/Routing/Middleware/SubstituteBindings.php(50): Illuminate\\Pipeline\\Pipeline->{closure:{closure:Illuminate\\Pipeline\\Pipeline::carry():194}:195}()
#14 /var/www/indonesia-luxe/vendor/laravel/framework/src/Illuminate/Pipeline/Pipeline.php(219): Illuminate\\Routing\\Middleware\\SubstituteBindings->handle()
#15 /var/www/indonesia-luxe/vendor/laravel/framework/src/Illuminate/Foundation/Http/Middleware/VerifyCsrfToken.php(87): Illuminate\\Pipeline\\Pipeline->{closure:{closure:Illuminate\\Pipeline\\Pipeline::carry():194}:195}()
#16 /var/www/indonesia-luxe/vendor/laravel/framework/src/Illuminate/Pipeline/Pipeline.php(219): Illuminate\\Foundation\\Http\\Middleware\\VerifyCsrfToken->handle()
#17 /var/www/indonesia-luxe/vendor/laravel/framework/src/Illuminate/View/Middleware/ShareErrorsFromSession.php(48): Illuminate\\Pipeline\\Pipeline->{closure:{closure:Illuminate\\Pipeline\\Pipeline::carry():194}:195}()
#18 /var/www/indonesia-luxe/vendor/laravel/framework/src/Illuminate/Pipeline/Pipeline.php(219): Illuminate\\View\\Middleware\\ShareErrorsFromSession->handle()
#19 /var/www/indonesia-luxe/vendor/laravel/framework/src/Illuminate/Session/Middleware/StartSession.php(120): Illuminate\\Pipeline\\Pipeline->{closure:{closure:Illuminate\\Pipeline\\Pipeline::carry():194}:195}()
#20 /var/www/indonesia-luxe/vendor/laravel/framework/src/Illuminate/Session/Middleware/StartSession.php(63): Illuminate\\Session\\Middleware\\StartSession->handleStatefulRequest()
#21 /var/www/indonesia-luxe/vendor/laravel/framework/src/Illuminate/Pipeline/Pipeline.php(219): Illuminate\\Session\\Middleware\\StartSession->handle()
#22 /var/www/indonesia-luxe/vendor/laravel/framework/src/Illuminate/Cookie/Middleware/AddQueuedCookiesToResponse.php(36): Illuminate\\Pipeline\\Pipeline->{closure:{closure:Illuminate\\Pipeline\\Pipeline::carry():194}:195}()
#23 /var/www/indonesia-luxe/vendor/laravel/framework/src/Illuminate/Pipeline/Pipeline.php(219): Illuminate\\Cookie\\Middleware\\AddQueuedCookiesToResponse->handle()
#24 /var/www/indonesia-luxe/vendor/laravel/framework/src/Illuminate/Cookie/Middleware/EncryptCookies.php(74): Illuminate\\Pipeline\\Pipeline->{closure:{closure:Illuminate\\Pipeline\\Pipeline::carry():194}:195}()
#25 /var/www/indonesia-luxe/vendor/laravel/framework/src/Illuminate/Pipeline/Pipeline.php(219): Illuminate\\Cookie\\Middleware\\EncryptCookies->handle()
#26 /var/www/indonesia-luxe/vendor/laravel/framework/src/Illuminate/Pipeline/Pipeline.php(137): Illuminate\\Pipeline\\Pipeline->{closure:{closure:Illuminate\\Pipeline\\Pipeline::carry():194}:195}()
#27 /var/www/indonesia-luxe/vendor/laravel/framework/src/Illuminate/Routing/Router.php(821): Illuminate\\Pipeline\\Pipeline->then()
#28 /var/www/indonesia-luxe/vendor/laravel/framework/src/Illuminate/Routing/Router.php(800): Illuminate\\Routing\\Router->runRouteWithinStack()
#29 /var/www/indonesia-luxe/vendor/laravel/framework/src/Illuminate/Routing/Router.php(764): Illuminate\\Routing\\Router->runRoute()
#30 /var/www/indonesia-luxe/vendor/laravel/framework/src/Illuminate/Routing/Router.php(753): Illuminate\\Routing\\Router->dispatchToRoute()
#31 /var/www/indonesia-luxe/vendor/laravel/framework/src/Illuminate/Foundation/Http/Kernel.php(200): Illuminate\\Routing\\Router->dispatch()
#32 /var/www/indonesia-luxe/vendor/laravel/framework/src/Illuminate/Pipeline/Pipeline.php(180): Illuminate\\Foundation\\Http\\Kernel->{closure:Illuminate\\Foundation\\Http\\Kernel::dispatchToRouter():197}()
#33 /var/www/indonesia-luxe/vendor/livewire/livewire/src/Features/SupportDisablingBackButtonCache/DisableBackButtonCacheMiddleware.php(19): Illuminate\\Pipeline\\Pipeline->{closure:Illuminate\\Pipeline\\Pipeline::prepareDestination():178}()
#34 /var/www/indonesia-luxe/vendor/laravel/framework/src/Illuminate/Pipeline/Pipeline.php(219): Livewire\\Features\\SupportDisablingBackButtonCache\\DisableBackButtonCacheMiddleware->handle()
#35 /var/www/indonesia-luxe/vendor/laravel/framework/src/Illuminate/Foundation/Http/Middleware/ConvertEmptyStringsToNull.php(27): Illuminate\\Pipeline\\Pipeline->{closure:{closure:Illuminate\\Pipeline\\Pipeline::carry():194}:195}()
#36 /var/www/indonesia-luxe/vendor/laravel/framework/src/Illuminate/Pipeline/Pipeline.php(219): Illuminate\\Foundation\\Http\\Middleware\\ConvertEmptyStringsToNull->handle()
#37 /var/www/indonesia-luxe/vendor/laravel/framework/src/Illuminate/Foundation/Http/Middleware/TrimStrings.php(47): Illuminate\\Pipeline\\Pipeline->{closure:{closure:Illuminate\\Pipeline\\Pipeline::carry():194}:195}()
#38 /var/www/indonesia-luxe/vendor/laravel/framework/src/Illuminate/Pipeline/Pipeline.php(219): Illuminate\\Foundation\\Http\\Middleware\\TrimStrings->handle()
#39 /var/www/indonesia-luxe/vendor/laravel/framework/src/Illuminate/Http/Middleware/ValidatePostSize.php(27): Illuminate\\Pipeline\\Pipeline->{closure:{closure:Illuminate\\Pipeline\\Pipeline::carry():194}:195}()
#40 /var/www/indonesia-luxe/vendor/laravel/framework/src/Illuminate/Pipeline/Pipeline.php(219): Illuminate\\Http\\Middleware\\ValidatePostSize->handle()
#41 /var/www/indonesia-luxe/vendor/laravel/framework/src/Illuminate/Foundation/Http/Middleware/PreventRequestsDuringMaintenance.php(109): Illuminate\\Pipeline\\Pipeline->{closure:{closure:Illuminate\\Pipeline\\Pipeline::carry():194}:195}()
#42 /var/www/indonesia-luxe/vendor/laravel/framework/src/Illuminate/Pipeline/Pipeline.php(219): Illuminate\\Foundation\\Http\\Middleware\\PreventRequestsDuringMaintenance->handle()
#43 /var/www/indonesia-luxe/vendor/laravel/framework/src/Illuminate/Http/Middleware/HandleCors.php(61): Illuminate\\Pipeline\\Pipeline->{closure:{closure:Illuminate\\Pipeline\\Pipeline::carry():194}:195}()
#44 /var/www/indonesia-luxe/vendor/laravel/framework/src/Illuminate/Pipeline/Pipeline.php(219): Illuminate\\Http\\Middleware\\HandleCors->handle()
#45 /var/www/indonesia-luxe/vendor/laravel/framework/src/Illuminate/Http/Middleware/TrustProxies.php(58): Illuminate\\Pipeline\\Pipeline->{closure:{closure:Illuminate\\Pipeline\\Pipeline::carry():194}:195}()
#46 /var/www/indonesia-luxe/vendor/laravel/framework/src/Illuminate/Pipeline/Pipeline.php(219): Illuminate\\Http\\Middleware\\TrustProxies->handle()
#47 /var/www/indonesia-luxe/vendor/laravel/framework/src/Illuminate/Foundation/Http/Middleware/InvokeDeferredCallbacks.php(22): Illuminate\\Pipeline\\Pipeline->{closure:{closure:Illuminate\\Pipeline\\Pipeline::carry():194}:195}()
#48 /var/www/indonesia-luxe/vendor/laravel/framework/src/Illuminate/Pipeline/Pipeline.php(219): Illuminate\\Foundation\\Http\\Middleware\\InvokeDeferredCallbacks->handle()
#49 /var/www/indonesia-luxe/vendor/laravel/framework/src/Illuminate/Http/Middleware/ValidatePathEncoding.php(26): Illuminate\\Pipeline\\Pipeline->{closure:{closure:Illuminate\\Pipeline\\Pipeline::carry():194}:195}()
#50 /var/www/indonesia-luxe/vendor/laravel/framework/src/Illuminate/Pipeline/Pipeline.php(219): Illuminate\\Http\\Middleware\\ValidatePathEncoding->handle()
#51 /var/www/indonesia-luxe/vendor/laravel/framework/src/Illuminate/Pipeline/Pipeline.php(137): Illuminate\\Pipeline\\Pipeline->{closure:{closure:Illuminate\\Pipeline\\Pipeline::carry():194}:195}()
#52 /var/www/indonesia-luxe/vendor/laravel/framework/src/Illuminate/Foundation/Http/Kernel.php(175): Illuminate\\Pipeline\\Pipeline->then()
#53 /var/www/indonesia-luxe/vendor/laravel/framework/src/Illuminate/Foundation/Http/Kernel.php(144): Illuminate\\Foundation\\Http\\Kernel->sendRequestThroughRouter()
#54 /var/www/indonesia-luxe/vendor/laravel/framework/src/Illuminate/Foundation/Application.php(1220): Illuminate\\Foundation\\Http\\Kernel->handle()
#55 /var/www/indonesia-luxe/public/index.php(20): Illuminate\\Foundation\\Application->handleRequest()
#56 {main}
"} 
[2026-06-11 05:32:45] local.ERROR: Livewire encountered corrupt data when trying to hydrate a component. 
Ensure that the [name, id, data] of the Livewire component wasn't tampered with between requests. {"exception":"[object] (Livewire\\Mechanisms\\HandleComponents\\CorruptComponentPayloadException(code: 0): Livewire encountered corrupt data when trying to hydrate a component. 
Ensure that the [name, id, data] of the Livewire component wasn't tampered with between requests. at /var/www/indonesia-luxe/vendor/livewire/livewire/src/Mechanisms/HandleComponents/Checksum.php:29)
[stacktrace]
#0 /var/www/indonesia-luxe/vendor/livewire/livewire/src/Mechanisms/HandleComponents/HandleComponents.php(244): Livewire\\Mechanisms\\HandleComponents\\Checksum::verify()
#1 /var/www/indonesia-luxe/vendor/livewire/livewire/src/Mechanisms/HandleComponents/HandleComponents.php(210): Livewire\\Mechanisms\\HandleComponents\\HandleComponents->fromSnapshot()
#2 /var/www/indonesia-luxe/vendor/livewire/livewire/src/LivewireManager.php(131): Livewire\\Mechanisms\\HandleComponents\\HandleComponents->update()
#3 /var/www/indonesia-luxe/vendor/livewire/livewire/src/Mechanisms/HandleRequests/HandleRequests.php(156): Livewire\\LivewireManager->update()
#4 /var/www/indonesia-luxe/vendor/laravel/framework/src/Illuminate/Routing/ControllerDispatcher.php(46): Livewire\\Mechanisms\\HandleRequests\\HandleRequests->handleUpdate()
#5 /var/www/indonesia-luxe/vendor/laravel/framework/src/Illuminate/Routing/Route.php(265): Illuminate\\Routing\\ControllerDispatcher->dispatch()
#6 /var/www/indonesia-luxe/vendor/laravel/framework/src/Illuminate/Routing/Route.php(211): Illuminate\\Routing\\Route->runController()
#7 /var/www/indonesia-luxe/vendor/laravel/framework/src/Illuminate/Routing/Router.php(822): Illuminate\\Routing\\Route->run()
#8 /var/www/indonesia-luxe/vendor/laravel/framework/src/Illuminate/Pipeline/Pipeline.php(180): Illuminate\\Routing\\Router->{closure:Illuminate\\Routing\\Router::runRouteWithinStack():821}()
#9 /var/www/indonesia-luxe/vendor/laravel/boost/src/Middleware/InjectBoost.php(22): Illuminate\\Pipeline\\Pipeline->{closure:Illuminate\\Pipeline\\Pipeline::prepareDestination():178}()
#10 /var/www/indonesia-luxe/vendor/laravel/framework/src/Illuminate/Pipeline/Pipeline.php(219): Laravel\\Boost\\Middleware\\InjectBoost->handle()
#11 /var/www/indonesia-luxe/app/Http/Middleware/SetLocale.php(28): Illuminate\\Pipeline\\Pipeline->{closure:{closure:Illuminate\\Pipeline\\Pipeline::carry():194}:195}()
#12 /var/www/indonesia-luxe/vendor/laravel/framework/src/Illuminate/Pipeline/Pipeline.php(219): App\\Http\\Middleware\\SetLocale->handle()
#13 /var/www/indonesia-luxe/vendor/laravel/framework/src/Illuminate/Routing/Middleware/SubstituteBindings.php(50): Illuminate\\Pipeline\\Pipeline->{closure:{closure:Illuminate\\Pipeline\\Pipeline::carry():194}:195}()
#14 /var/www/indonesia-luxe/vendor/laravel/framework/src/Illuminate/Pipeline/Pipeline.php(219): Illuminate\\Routing\\Middleware\\SubstituteBindings->handle()
#15 /var/www/indonesia-luxe/vendor/laravel/framework/src/Illuminate/Foundation/Http/Middleware/VerifyCsrfToken.php(87): Illuminate\\Pipeline\\Pipeline->{closure:{closure:Illuminate\\Pipeline\\Pipeline::carry():194}:195}()
#16 /var/www/indonesia-luxe/vendor/laravel/framework/src/Illuminate/Pipeline/Pipeline.php(219): Illuminate\\Foundation\\Http\\Middleware\\VerifyCsrfToken->handle()
#17 /var/www/indonesia-luxe/vendor/laravel/framework/src/Illuminate/View/Middleware/ShareErrorsFromSession.php(48): Illuminate\\Pipeline\\Pipeline->{closure:{closure:Illuminate\\Pipeline\\Pipeline::carry():194}:195}()
#18 /var/www/indonesia-luxe/vendor/laravel/framework/src/Illuminate/Pipeline/Pipeline.php(219): Illuminate\\View\\Middleware\\ShareErrorsFromSession->handle()
#19 /var/www/indonesia-luxe/vendor/laravel/framework/src/Illuminate/Session/Middleware/StartSession.php(120): Illuminate\\Pipeline\\Pipeline->{closure:{closure:Illuminate\\Pipeline\\Pipeline::carry():194}:195}()
#20 /var/www/indonesia-luxe/vendor/laravel/framework/src/Illuminate/Session/Middleware/StartSession.php(63): Illuminate\\Session\\Middleware\\StartSession->handleStatefulRequest()
#21 /var/www/indonesia-luxe/vendor/laravel/framework/src/Illuminate/Pipeline/Pipeline.php(219): Illuminate\\Session\\Middleware\\StartSession->handle()
#22 /var/www/indonesia-luxe/vendor/laravel/framework/src/Illuminate/Cookie/Middleware/AddQueuedCookiesToResponse.php(36): Illuminate\\Pipeline\\Pipeline->{closure:{closure:Illuminate\\Pipeline\\Pipeline::carry():194}:195}()
#23 /var/www/indonesia-luxe/vendor/laravel/framework/src/Illuminate/Pipeline/Pipeline.php(219): Illuminate\\Cookie\\Middleware\\AddQueuedCookiesToResponse->handle()
#24 /var/www/indonesia-luxe/vendor/laravel/framework/src/Illuminate/Cookie/Middleware/EncryptCookies.php(74): Illuminate\\Pipeline\\Pipeline->{closure:{closure:Illuminate\\Pipeline\\Pipeline::carry():194}:195}()
#25 /var/www/indonesia-luxe/vendor/laravel/framework/src/Illuminate/Pipeline/Pipeline.php(219): Illuminate\\Cookie\\Middleware\\EncryptCookies->handle()
#26 /var/www/indonesia-luxe/vendor/laravel/framework/src/Illuminate/Pipeline/Pipeline.php(137): Illuminate\\Pipeline\\Pipeline->{closure:{closure:Illuminate\\Pipeline\\Pipeline::carry():194}:195}()
#27 /var/www/indonesia-luxe/vendor/laravel/framework/src/Illuminate/Routing/Router.php(821): Illuminate\\Pipeline\\Pipeline->then()
#28 /var/www/indonesia-luxe/vendor/laravel/framework/src/Illuminate/Routing/Router.php(800): Illuminate\\Routing\\Router->runRouteWithinStack()
#29 /var/www/indonesia-luxe/vendor/laravel/framework/src/Illuminate/Routing/Router.php(764): Illuminate\\Routing\\Router->runRoute()
#30 /var/www/indonesia-luxe/vendor/laravel/framework/src/Illuminate/Routing/Router.php(753): Illuminate\\Routing\\Router->dispatchToRoute()
#31 /var/www/indonesia-luxe/vendor/laravel/framework/src/Illuminate/Foundation/Http/Kernel.php(200): Illuminate\\Routing\\Router->dispatch()
#32 /var/www/indonesia-luxe/vendor/laravel/framework/src/Illuminate/Pipeline/Pipeline.php(180): Illuminate\\Foundation\\Http\\Kernel->{closure:Illuminate\\Foundation\\Http\\Kernel::dispatchToRouter():197}()
#33 /var/www/indonesia-luxe/vendor/livewire/livewire/src/Features/SupportDisablingBackButtonCache/DisableBackButtonCacheMiddleware.php(19): Illuminate\\Pipeline\\Pipeline->{closure:Illuminate\\Pipeline\\Pipeline::prepareDestination():178}()
#34 /var/www/indonesia-luxe/vendor/laravel/framework/src/Illuminate/Pipeline/Pipeline.php(219): Livewire\\Features\\SupportDisablingBackButtonCache\\DisableBackButtonCacheMiddleware->handle()
#35 /var/www/indonesia-luxe/vendor/laravel/framework/src/Illuminate/Foundation/Http/Middleware/ConvertEmptyStringsToNull.php(27): Illuminate\\Pipeline\\Pipeline->{closure:{closure:Illuminate\\Pipeline\\Pipeline::carry():194}:195}()
#36 /var/www/indonesia-luxe/vendor/laravel/framework/src/Illuminate/Pipeline/Pipeline.php(219): Illuminate\\Foundation\\Http\\Middleware\\ConvertEmptyStringsToNull->handle()
#37 /var/www/indonesia-luxe/vendor/laravel/framework/src/Illuminate/Foundation/Http/Middleware/TrimStrings.php(47): Illuminate\\Pipeline\\Pipeline->{closure:{closure:Illuminate\\Pipeline\\Pipeline::carry():194}:195}()
#38 /var/www/indonesia-luxe/vendor/laravel/framework/src/Illuminate/Pipeline/Pipeline.php(219): Illuminate\\Foundation\\Http\\Middleware\\TrimStrings->handle()
#39 /var/www/indonesia-luxe/vendor/laravel/framework/src/Illuminate/Http/Middleware/ValidatePostSize.php(27): Illuminate\\Pipeline\\Pipeline->{closure:{closure:Illuminate\\Pipeline\\Pipeline::carry():194}:195}()
#40 /var/www/indonesia-luxe/vendor/laravel/framework/src/Illuminate/Pipeline/Pipeline.php(219): Illuminate\\Http\\Middleware\\ValidatePostSize->handle()
#41 /var/www/indonesia-luxe/vendor/laravel/framework/src/Illuminate/Foundation/Http/Middleware/PreventRequestsDuringMaintenance.php(109): Illuminate\\Pipeline\\Pipeline->{closure:{closure:Illuminate\\Pipeline\\Pipeline::carry():194}:195}()
#42 /var/www/indonesia-luxe/vendor/laravel/framework/src/Illuminate/Pipeline/Pipeline.php(219): Illuminate\\Foundation\\Http\\Middleware\\PreventRequestsDuringMaintenance->handle()
#43 /var/www/indonesia-luxe/vendor/laravel/framework/src/Illuminate/Http/Middleware/HandleCors.php(61): Illuminate\\Pipeline\\Pipeline->{closure:{closure:Illuminate\\Pipeline\\Pipeline::carry():194}:195}()
#44 /var/www/indonesia-luxe/vendor/laravel/framework/src/Illuminate/Pipeline/Pipeline.php(219): Illuminate\\Http\\Middleware\\HandleCors->handle()
#45 /var/www/indonesia-luxe/vendor/laravel/framework/src/Illuminate/Http/Middleware/TrustProxies.php(58): Illuminate\\Pipeline\\Pipeline->{closure:{closure:Illuminate\\Pipeline\\Pipeline::carry():194}:195}()
#46 /var/www/indonesia-luxe/vendor/laravel/framework/src/Illuminate/Pipeline/Pipeline.php(219): Illuminate\\Http\\Middleware\\TrustProxies->handle()
#47 /var/www/indonesia-luxe/vendor/laravel/framework/src/Illuminate/Foundation/Http/Middleware/InvokeDeferredCallbacks.php(22): Illuminate\\Pipeline\\Pipeline->{closure:{closure:Illuminate\\Pipeline\\Pipeline::carry():194}:195}()
#48 /var/www/indonesia-luxe/vendor/laravel/framework/src/Illuminate/Pipeline/Pipeline.php(219): Illuminate\\Foundation\\Http\\Middleware\\InvokeDeferredCallbacks->handle()
#49 /var/www/indonesia-luxe/vendor/laravel/framework/src/Illuminate/Http/Middleware/ValidatePathEncoding.php(26): Illuminate\\Pipeline\\Pipeline->{closure:{closure:Illuminate\\Pipeline\\Pipeline::carry():194}:195}()
#50 /var/www/indonesia-luxe/vendor/laravel/framework/src/Illuminate/Pipeline/Pipeline.php(219): Illuminate\\Http\\Middleware\\ValidatePathEncoding->handle()
#51 /var/www/indonesia-luxe/vendor/laravel/framework/src/Illuminate/Pipeline/Pipeline.php(137): Illuminate\\Pipeline\\Pipeline->{closure:{closure:Illuminate\\Pipeline\\Pipeline::carry():194}:195}()
#52 /var/www/indonesia-luxe/vendor/laravel/framework/src/Illuminate/Foundation/Http/Kernel.php(175): Illuminate\\Pipeline\\Pipeline->then()
#53 /var/www/indonesia-luxe/vendor/laravel/framework/src/Illuminate/Foundation/Http/Kernel.php(144): Illuminate\\Foundation\\Http\\Kernel->sendRequestThroughRouter()
#54 /var/www/indonesia-luxe/vendor/laravel/framework/src/Illuminate/Foundation/Application.php(1220): Illuminate\\Foundation\\Http\\Kernel->handle()
#55 /var/www/indonesia-luxe/public/index.php(20): Illuminate\\Foundation\\Application->handleRequest()
#56 {main}
"} 
[2026-06-11 05:32:46] local.ERROR: Livewire encountered corrupt data when trying to hydrate a component. 
Ensure that the [name, id, data] of the Livewire component wasn't tampered with between requests. {"exception":"[object] (Livewire\\Mechanisms\\HandleComponents\\CorruptComponentPayloadException(code: 0): Livewire encountered corrupt data when trying to hydrate a component. 
Ensure that the [name, id, data] of the Livewire component wasn't tampered with between requests. at /var/www/indonesia-luxe/vendor/livewire/livewire/src/Mechanisms/HandleComponents/Checksum.php:29)
[stacktrace]
#0 /var/www/indonesia-luxe/vendor/livewire/livewire/src/Mechanisms/HandleComponents/HandleComponents.php(244): Livewire\\Mechanisms\\HandleComponents\\Checksum::verify()
#1 /var/www/indonesia-luxe/vendor/livewire/livewire/src/Mechanisms/HandleComponents/HandleComponents.php(210): Livewire\\Mechanisms\\HandleComponents\\HandleComponents->fromSnapshot()
#2 /var/www/indonesia-luxe/vendor/livewire/livewire/src/LivewireManager.php(131): Livewire\\Mechanisms\\HandleComponents\\HandleComponents->update()
#3 /var/www/indonesia-luxe/vendor/livewire/livewire/src/Mechanisms/HandleRequests/HandleRequests.php(156): Livewire\\LivewireManager->update()
#4 /var/www/indonesia-luxe/vendor/laravel/framework/src/Illuminate/Routing/ControllerDispatcher.php(46): Livewire\\Mechanisms\\HandleRequests\\HandleRequests->handleUpdate()
#5 /var/www/indonesia-luxe/vendor/laravel/framework/src/Illuminate/Routing/Route.php(265): Illuminate\\Routing\\ControllerDispatcher->dispatch()
#6 /var/www/indonesia-luxe/vendor/laravel/framework/src/Illuminate/Routing/Route.php(211): Illuminate\\Routing\\Route->runController()
#7 /var/www/indonesia-luxe/vendor/laravel/framework/src/Illuminate/Routing/Router.php(822): Illuminate\\Routing\\Route->run()
#8 /var/www/indonesia-luxe/vendor/laravel/framework/src/Illuminate/Pipeline/Pipeline.php(180): Illuminate\\Routing\\Router->{closure:Illuminate\\Routing\\Router::runRouteWithinStack():821}()
#9 /var/www/indonesia-luxe/vendor/laravel/boost/src/Middleware/InjectBoost.php(22): Illuminate\\Pipeline\\Pipeline->{closure:Illuminate\\Pipeline\\Pipeline::prepareDestination():178}()
#10 /var/www/indonesia-luxe/vendor/laravel/framework/src/Illuminate/Pipeline/Pipeline.php(219): Laravel\\Boost\\Middleware\\InjectBoost->handle()
#11 /var/www/indonesia-luxe/app/Http/Middleware/SetLocale.php(28): Illuminate\\Pipeline\\Pipeline->{closure:{closure:Illuminate\\Pipeline\\Pipeline::carry():194}:195}()
#12 /var/www/indonesia-luxe/vendor/laravel/framework/src/Illuminate/Pipeline/Pipeline.php(219): App\\Http\\Middleware\\SetLocale->handle()
#13 /var/www/indonesia-luxe/vendor/laravel/framework/src/Illuminate/Routing/Middleware/SubstituteBindings.php(50): Illuminate\\Pipeline\\Pipeline->{closure:{closure:Illuminate\\Pipeline\\Pipeline::carry():194}:195}()
#14 /var/www/indonesia-luxe/vendor/laravel/framework/src/Illuminate/Pipeline/Pipeline.php(219): Illuminate\\Routing\\Middleware\\SubstituteBindings->handle()
#15 /var/www/indonesia-luxe/vendor/laravel/framework/src/Illuminate/Foundation/Http/Middleware/VerifyCsrfToken.php(87): Illuminate\\Pipeline\\Pipeline->{closure:{closure:Illuminate\\Pipeline\\Pipeline::carry():194}:195}()
#16 /var/www/indonesia-luxe/vendor/laravel/framework/src/Illuminate/Pipeline/Pipeline.php(219): Illuminate\\Foundation\\Http\\Middleware\\VerifyCsrfToken->handle()
#17 /var/www/indonesia-luxe/vendor/laravel/framework/src/Illuminate/View/Middleware/ShareErrorsFromSession.php(48): Illuminate\\Pipeline\\Pipeline->{closure:{closure:Illuminate\\Pipeline\\Pipeline::carry():194}:195}()
#18 /var/www/indonesia-luxe/vendor/laravel/framework/src/Illuminate/Pipeline/Pipeline.php(219): Illuminate\\View\\Middleware\\ShareErrorsFromSession->handle()
#19 /var/www/indonesia-luxe/vendor/laravel/framework/src/Illuminate/Session/Middleware/StartSession.php(120): Illuminate\\Pipeline\\Pipeline->{closure:{closure:Illuminate\\Pipeline\\Pipeline::carry():194}:195}()
#20 /var/www/indonesia-luxe/vendor/laravel/framework/src/Illuminate/Session/Middleware/StartSession.php(63): Illuminate\\Session\\Middleware\\StartSession->handleStatefulRequest()
#21 /var/www/indonesia-luxe/vendor/laravel/framework/src/Illuminate/Pipeline/Pipeline.php(219): Illuminate\\Session\\Middleware\\StartSession->handle()
#22 /var/www/indonesia-luxe/vendor/laravel/framework/src/Illuminate/Cookie/Middleware/AddQueuedCookiesToResponse.php(36): Illuminate\\Pipeline\\Pipeline->{closure:{closure:Illuminate\\Pipeline\\Pipeline::carry():194}:195}()
#23 /var/www/indonesia-luxe/vendor/laravel/framework/src/Illuminate/Pipeline/Pipeline.php(219): Illuminate\\Cookie\\Middleware\\AddQueuedCookiesToResponse->handle()
#24 /var/www/indonesia-luxe/vendor/laravel/framework/src/Illuminate/Cookie/Middleware/EncryptCookies.php(74): Illuminate\\Pipeline\\Pipeline->{closure:{closure:Illuminate\\Pipeline\\Pipeline::carry():194}:195}()
#25 /var/www/indonesia-luxe/vendor/laravel/framework/src/Illuminate/Pipeline/Pipeline.php(219): Illuminate\\Cookie\\Middleware\\EncryptCookies->handle()
#26 /var/www/indonesia-luxe/vendor/laravel/framework/src/Illuminate/Pipeline/Pipeline.php(137): Illuminate\\Pipeline\\Pipeline->{closure:{closure:Illuminate\\Pipeline\\Pipeline::carry():194}:195}()
#27 /var/www/indonesia-luxe/vendor/laravel/framework/src/Illuminate/Routing/Router.php(821): Illuminate\\Pipeline\\Pipeline->then()
#28 /var/www/indonesia-luxe/vendor/laravel/framework/src/Illuminate/Routing/Router.php(800): Illuminate\\Routing\\Router->runRouteWithinStack()
#29 /var/www/indonesia-luxe/vendor/laravel/framework/src/Illuminate/Routing/Router.php(764): Illuminate\\Routing\\Router->runRoute()
#30 /var/www/indonesia-luxe/vendor/laravel/framework/src/Illuminate/Routing/Router.php(753): Illuminate\\Routing\\Router->dispatchToRoute()
#31 /var/www/indonesia-luxe/vendor/laravel/framework/src/Illuminate/Foundation/Http/Kernel.php(200): Illuminate\\Routing\\Router->dispatch()
#32 /var/www/indonesia-luxe/vendor/laravel/framework/src/Illuminate/Pipeline/Pipeline.php(180): Illuminate\\Foundation\\Http\\Kernel->{closure:Illuminate\\Foundation\\Http\\Kernel::dispatchToRouter():197}()
#33 /var/www/indonesia-luxe/vendor/livewire/livewire/src/Features/SupportDisablingBackButtonCache/DisableBackButtonCacheMiddleware.php(19): Illuminate\\Pipeline\\Pipeline->{closure:Illuminate\\Pipeline\\Pipeline::prepareDestination():178}()
#34 /var/www/indonesia-luxe/vendor/laravel/framework/src/Illuminate/Pipeline/Pipeline.php(219): Livewire\\Features\\SupportDisablingBackButtonCache\\DisableBackButtonCacheMiddleware->handle()
#35 /var/www/indonesia-luxe/vendor/laravel/framework/src/Illuminate/Foundation/Http/Middleware/ConvertEmptyStringsToNull.php(27): Illuminate\\Pipeline\\Pipeline->{closure:{closure:Illuminate\\Pipeline\\Pipeline::carry():194}:195}()
#36 /var/www/indonesia-luxe/vendor/laravel/framework/src/Illuminate/Pipeline/Pipeline.php(219): Illuminate\\Foundation\\Http\\Middleware\\ConvertEmptyStringsToNull->handle()
#37 /var/www/indonesia-luxe/vendor/laravel/framework/src/Illuminate/Foundation/Http/Middleware/TrimStrings.php(47): Illuminate\\Pipeline\\Pipeline->{closure:{closure:Illuminate\\Pipeline\\Pipeline::carry():194}:195}()
#38 /var/www/indonesia-luxe/vendor/laravel/framework/src/Illuminate/Pipeline/Pipeline.php(219): Illuminate\\Foundation\\Http\\Middleware\\TrimStrings->handle()
#39 /var/www/indonesia-luxe/vendor/laravel/framework/src/Illuminate/Http/Middleware/ValidatePostSize.php(27): Illuminate\\Pipeline\\Pipeline->{closure:{closure:Illuminate\\Pipeline\\Pipeline::carry():194}:195}()
#40 /var/www/indonesia-luxe/vendor/laravel/framework/src/Illuminate/Pipeline/Pipeline.php(219): Illuminate\\Http\\Middleware\\ValidatePostSize->handle()
#41 /var/www/indonesia-luxe/vendor/laravel/framework/src/Illuminate/Foundation/Http/Middleware/PreventRequestsDuringMaintenance.php(109): Illuminate\\Pipeline\\Pipeline->{closure:{closure:Illuminate\\Pipeline\\Pipeline::carry():194}:195}()
#42 /var/www/indonesia-luxe/vendor/laravel/framework/src/Illuminate/Pipeline/Pipeline.php(219): Illuminate\\Foundation\\Http\\Middleware\\PreventRequestsDuringMaintenance->handle()
#43 /var/www/indonesia-luxe/vendor/laravel/framework/src/Illuminate/Http/Middleware/HandleCors.php(61): Illuminate\\Pipeline\\Pipeline->{closure:{closure:Illuminate\\Pipeline\\Pipeline::carry():194}:195}()
#44 /var/www/indonesia-luxe/vendor/laravel/framework/src/Illuminate/Pipeline/Pipeline.php(219): Illuminate\\Http\\Middleware\\HandleCors->handle()
#45 /var/www/indonesia-luxe/vendor/laravel/framework/src/Illuminate/Http/Middleware/TrustProxies.php(58): Illuminate\\Pipeline\\Pipeline->{closure:{closure:Illuminate\\Pipeline\\Pipeline::carry():194}:195}()
#46 /var/www/indonesia-luxe/vendor/laravel/framework/src/Illuminate/Pipeline/Pipeline.php(219): Illuminate\\Http\\Middleware\\TrustProxies->handle()
#47 /var/www/indonesia-luxe/vendor/laravel/framework/src/Illuminate/Foundation/Http/Middleware/InvokeDeferredCallbacks.php(22): Illuminate\\Pipeline\\Pipeline->{closure:{closure:Illuminate\\Pipeline\\Pipeline::carry():194}:195}()
#48 /var/www/indonesia-luxe/vendor/laravel/framework/src/Illuminate/Pipeline/Pipeline.php(219): Illuminate\\Foundation\\Http\\Middleware\\InvokeDeferredCallbacks->handle()
#49 /var/www/indonesia-luxe/vendor/laravel/framework/src/Illuminate/Http/Middleware/ValidatePathEncoding.php(26): Illuminate\\Pipeline\\Pipeline->{closure:{closure:Illuminate\\Pipeline\\Pipeline::carry():194}:195}()
#50 /var/www/indonesia-luxe/vendor/laravel/framework/src/Illuminate/Pipeline/Pipeline.php(219): Illuminate\\Http\\Middleware\\ValidatePathEncoding->handle()
#51 /var/www/indonesia-luxe/vendor/laravel/framework/src/Illuminate/Pipeline/Pipeline.php(137): Illuminate\\Pipeline\\Pipeline->{closure:{closure:Illuminate\\Pipeline\\Pipeline::carry():194}:195}()
#52 /var/www/indonesia-luxe/vendor/laravel/framework/src/Illuminate/Foundation/Http/Kernel.php(175): Illuminate\\Pipeline\\Pipeline->then()
#53 /var/www/indonesia-luxe/vendor/laravel/framework/src/Illuminate/Foundation/Http/Kernel.php(144): Illuminate\\Foundation\\Http\\Kernel->sendRequestThroughRouter()
#54 /var/www/indonesia-luxe/vendor/laravel/framework/src/Illuminate/Foundation/Application.php(1220): Illuminate\\Foundation\\Http\\Kernel->handle()
#55 /var/www/indonesia-luxe/public/index.php(20): Illuminate\\Foundation\\Application->handleRequest()
#56 {main}
"} 
[2026-06-11 05:32:47] local.ERROR: Livewire encountered corrupt data when trying to hydrate a component. 
Ensure that the [name, id, data] of the Livewire component wasn't tampered with between requests. {"exception":"[object] (Livewire\\Mechanisms\\HandleComponents\\CorruptComponentPayloadException(code: 0): Livewire encountered corrupt data when trying to hydrate a component. 
Ensure that the [name, id, data] of the Livewire component wasn't tampered with between requests. at /var/www/indonesia-luxe/vendor/livewire/livewire/src/Mechanisms/HandleComponents/Checksum.php:29)
[stacktrace]
#0 /var/www/indonesia-luxe/vendor/livewire/livewire/src/Mechanisms/HandleComponents/HandleComponents.php(244): Livewire\\Mechanisms\\HandleComponents\\Checksum::verify()
#1 /var/www/indonesia-luxe/vendor/livewire/livewire/src/Mechanisms/HandleComponents/HandleComponents.php(210): Livewire\\Mechanisms\\HandleComponents\\HandleComponents->fromSnapshot()
#2 /var/www/indonesia-luxe/vendor/livewire/livewire/src/LivewireManager.php(131): Livewire\\Mechanisms\\HandleComponents\\HandleComponents->update()
#3 /var/www/indonesia-luxe/vendor/livewire/livewire/src/Mechanisms/HandleRequests/HandleRequests.php(156): Livewire\\LivewireManager->update()
#4 /var/www/indonesia-luxe/vendor/laravel/framework/src/Illuminate/Routing/ControllerDispatcher.php(46): Livewire\\Mechanisms\\HandleRequests\\HandleRequests->handleUpdate()
#5 /var/www/indonesia-luxe/vendor/laravel/framework/src/Illuminate/Routing/Route.php(265): Illuminate\\Routing\\ControllerDispatcher->dispatch()
#6 /var/www/indonesia-luxe/vendor/laravel/framework/src/Illuminate/Routing/Route.php(211): Illuminate\\Routing\\Route->runController()
#7 /var/www/indonesia-luxe/vendor/laravel/framework/src/Illuminate/Routing/Router.php(822): Illuminate\\Routing\\Route->run()
#8 /var/www/indonesia-luxe/vendor/laravel/framework/src/Illuminate/Pipeline/Pipeline.php(180): Illuminate\\Routing\\Router->{closure:Illuminate\\Routing\\Router::runRouteWithinStack():821}()
#9 /var/www/indonesia-luxe/vendor/laravel/boost/src/Middleware/InjectBoost.php(22): Illuminate\\Pipeline\\Pipeline->{closure:Illuminate\\Pipeline\\Pipeline::prepareDestination():178}()
#10 /var/www/indonesia-luxe/vendor/laravel/framework/src/Illuminate/Pipeline/Pipeline.php(219): Laravel\\Boost\\Middleware\\InjectBoost->handle()
#11 /var/www/indonesia-luxe/app/Http/Middleware/SetLocale.php(28): Illuminate\\Pipeline\\Pipeline->{closure:{closure:Illuminate\\Pipeline\\Pipeline::carry():194}:195}()
#12 /var/www/indonesia-luxe/vendor/laravel/framework/src/Illuminate/Pipeline/Pipeline.php(219): App\\Http\\Middleware\\SetLocale->handle()
#13 /var/www/indonesia-luxe/vendor/laravel/framework/src/Illuminate/Routing/Middleware/SubstituteBindings.php(50): Illuminate\\Pipeline\\Pipeline->{closure:{closure:Illuminate\\Pipeline\\Pipeline::carry():194}:195}()
#14 /var/www/indonesia-luxe/vendor/laravel/framework/src/Illuminate/Pipeline/Pipeline.php(219): Illuminate\\Routing\\Middleware\\SubstituteBindings->handle()
#15 /var/www/indonesia-luxe/vendor/laravel/framework/src/Illuminate/Foundation/Http/Middleware/VerifyCsrfToken.php(87): Illuminate\\Pipeline\\Pipeline->{closure:{closure:Illuminate\\Pipeline\\Pipeline::carry():194}:195}()
#16 /var/www/indonesia-luxe/vendor/laravel/framework/src/Illuminate/Pipeline/Pipeline.php(219): Illuminate\\Foundation\\Http\\Middleware\\VerifyCsrfToken->handle()
#17 /var/www/indonesia-luxe/vendor/laravel/framework/src/Illuminate/View/Middleware/ShareErrorsFromSession.php(48): Illuminate\\Pipeline\\Pipeline->{closure:{closure:Illuminate\\Pipeline\\Pipeline::carry():194}:195}()
#18 /var/www/indonesia-luxe/vendor/laravel/framework/src/Illuminate/Pipeline/Pipeline.php(219): Illuminate\\View\\Middleware\\ShareErrorsFromSession->handle()
#19 /var/www/indonesia-luxe/vendor/laravel/framework/src/Illuminate/Session/Middleware/StartSession.php(120): Illuminate\\Pipeline\\Pipeline->{closure:{closure:Illuminate\\Pipeline\\Pipeline::carry():194}:195}()
#20 /var/www/indonesia-luxe/vendor/laravel/framework/src/Illuminate/Session/Middleware/StartSession.php(63): Illuminate\\Session\\Middleware\\StartSession->handleStatefulRequest()
#21 /var/www/indonesia-luxe/vendor/laravel/framework/src/Illuminate/Pipeline/Pipeline.php(219): Illuminate\\Session\\Middleware\\StartSession->handle()
#22 /var/www/indonesia-luxe/vendor/laravel/framework/src/Illuminate/Cookie/Middleware/AddQueuedCookiesToResponse.php(36): Illuminate\\Pipeline\\Pipeline->{closure:{closure:Illuminate\\Pipeline\\Pipeline::carry():194}:195}()
#23 /var/www/indonesia-luxe/vendor/laravel/framework/src/Illuminate/Pipeline/Pipeline.php(219): Illuminate\\Cookie\\Middleware\\AddQueuedCookiesToResponse->handle()
#24 /var/www/indonesia-luxe/vendor/laravel/framework/src/Illuminate/Cookie/Middleware/EncryptCookies.php(74): Illuminate\\Pipeline\\Pipeline->{closure:{closure:Illuminate\\Pipeline\\Pipeline::carry():194}:195}()
#25 /var/www/indonesia-luxe/vendor/laravel/framework/src/Illuminate/Pipeline/Pipeline.php(219): Illuminate\\Cookie\\Middleware\\EncryptCookies->handle()
#26 /var/www/indonesia-luxe/vendor/laravel/framework/src/Illuminate/Pipeline/Pipeline.php(137): Illuminate\\Pipeline\\Pipeline->{closure:{closure:Illuminate\\Pipeline\\Pipeline::carry():194}:195}()
#27 /var/www/indonesia-luxe/vendor/laravel/framework/src/Illuminate/Routing/Router.php(821): Illuminate\\Pipeline\\Pipeline->then()
#28 /var/www/indonesia-luxe/vendor/laravel/framework/src/Illuminate/Routing/Router.php(800): Illuminate\\Routing\\Router->runRouteWithinStack()
#29 /var/www/indonesia-luxe/vendor/laravel/framework/src/Illuminate/Routing/Router.php(764): Illuminate\\Routing\\Router->runRoute()
#30 /var/www/indonesia-luxe/vendor/laravel/framework/src/Illuminate/Routing/Router.php(753): Illuminate\\Routing\\Router->dispatchToRoute()
#31 /var/www/indonesia-luxe/vendor/laravel/framework/src/Illuminate/Foundation/Http/Kernel.php(200): Illuminate\\Routing\\Router->dispatch()
#32 /var/www/indonesia-luxe/vendor/laravel/framework/src/Illuminate/Pipeline/Pipeline.php(180): Illuminate\\Foundation\\Http\\Kernel->{closure:Illuminate\\Foundation\\Http\\Kernel::dispatchToRouter():197}()
#33 /var/www/indonesia-luxe/vendor/livewire/livewire/src/Features/SupportDisablingBackButtonCache/DisableBackButtonCacheMiddleware.php(19): Illuminate\\Pipeline\\Pipeline->{closure:Illuminate\\Pipeline\\Pipeline::prepareDestination():178}()
#34 /var/www/indonesia-luxe/vendor/laravel/framework/src/Illuminate/Pipeline/Pipeline.php(219): Livewire\\Features\\SupportDisablingBackButtonCache\\DisableBackButtonCacheMiddleware->handle()
#35 /var/www/indonesia-luxe/vendor/laravel/framework/src/Illuminate/Foundation/Http/Middleware/ConvertEmptyStringsToNull.php(27): Illuminate\\Pipeline\\Pipeline->{closure:{closure:Illuminate\\Pipeline\\Pipeline::carry():194}:195}()
#36 /var/www/indonesia-luxe/vendor/laravel/framework/src/Illuminate/Pipeline/Pipeline.php(219): Illuminate\\Foundation\\Http\\Middleware\\ConvertEmptyStringsToNull->handle()
#37 /var/www/indonesia-luxe/vendor/laravel/framework/src/Illuminate/Foundation/Http/Middleware/TrimStrings.php(47): Illuminate\\Pipeline\\Pipeline->{closure:{closure:Illuminate\\Pipeline\\Pipeline::carry():194}:195}()
#38 /var/www/indonesia-luxe/vendor/laravel/framework/src/Illuminate/Pipeline/Pipeline.php(219): Illuminate\\Foundation\\Http\\Middleware\\TrimStrings->handle()
#39 /var/www/indonesia-luxe/vendor/laravel/framework/src/Illuminate/Http/Middleware/ValidatePostSize.php(27): Illuminate\\Pipeline\\Pipeline->{closure:{closure:Illuminate\\Pipeline\\Pipeline::carry():194}:195}()
#40 /var/www/indonesia-luxe/vendor/laravel/framework/src/Illuminate/Pipeline/Pipeline.php(219): Illuminate\\Http\\Middleware\\ValidatePostSize->handle()
#41 /var/www/indonesia-luxe/vendor/laravel/framework/src/Illuminate/Foundation/Http/Middleware/PreventRequestsDuringMaintenance.php(109): Illuminate\\Pipeline\\Pipeline->{closure:{closure:Illuminate\\Pipeline\\Pipeline::carry():194}:195}()
#42 /var/www/indonesia-luxe/vendor/laravel/framework/src/Illuminate/Pipeline/Pipeline.php(219): Illuminate\\Foundation\\Http\\Middleware\\PreventRequestsDuringMaintenance->handle()
#43 /var/www/indonesia-luxe/vendor/laravel/framework/src/Illuminate/Http/Middleware/HandleCors.php(61): Illuminate\\Pipeline\\Pipeline->{closure:{closure:Illuminate\\Pipeline\\Pipeline::carry():194}:195}()
#44 /var/www/indonesia-luxe/vendor/laravel/framework/src/Illuminate/Pipeline/Pipeline.php(219): Illuminate\\Http\\Middleware\\HandleCors->handle()
#45 /var/www/indonesia-luxe/vendor/laravel/framework/src/Illuminate/Http/Middleware/TrustProxies.php(58): Illuminate\\Pipeline\\Pipeline->{closure:{closure:Illuminate\\Pipeline\\Pipeline::carry():194}:195}()
#46 /var/www/indonesia-luxe/vendor/laravel/framework/src/Illuminate/Pipeline/Pipeline.php(219): Illuminate\\Http\\Middleware\\TrustProxies->handle()
#47 /var/www/indonesia-luxe/vendor/laravel/framework/src/Illuminate/Foundation/Http/Middleware/InvokeDeferredCallbacks.php(22): Illuminate\\Pipeline\\Pipeline->{closure:{closure:Illuminate\\Pipeline\\Pipeline::carry():194}:195}()
#48 /var/www/indonesia-luxe/vendor/laravel/framework/src/Illuminate/Pipeline/Pipeline.php(219): Illuminate\\Foundation\\Http\\Middleware\\InvokeDeferredCallbacks->handle()
#49 /var/www/indonesia-luxe/vendor/laravel/framework/src/Illuminate/Http/Middleware/ValidatePathEncoding.php(26): Illuminate\\Pipeline\\Pipeline->{closure:{closure:Illuminate\\Pipeline\\Pipeline::carry():194}:195}()
#50 /var/www/indonesia-luxe/vendor/laravel/framework/src/Illuminate/Pipeline/Pipeline.php(219): Illuminate\\Http\\Middleware\\ValidatePathEncoding->handle()
#51 /var/www/indonesia-luxe/vendor/laravel/framework/src/Illuminate/Pipeline/Pipeline.php(137): Illuminate\\Pipeline\\Pipeline->{closure:{closure:Illuminate\\Pipeline\\Pipeline::carry():194}:195}()
#52 /var/www/indonesia-luxe/vendor/laravel/framework/src/Illuminate/Foundation/Http/Kernel.php(175): Illuminate\\Pipeline\\Pipeline->then()
#53 /var/www/indonesia-luxe/vendor/laravel/framework/src/Illuminate/Foundation/Http/Kernel.php(144): Illuminate\\Foundation\\Http\\Kernel->sendRequestThroughRouter()
#54 /var/www/indonesia-luxe/vendor/laravel/framework/src/Illuminate/Foundation/Application.php(1220): Illuminate\\Foundation\\Http\\Kernel->handle()
#55 /var/www/indonesia-luxe/public/index.php(20): Illuminate\\Foundation\\Application->handleRequest()
#56 {main}
"} 
[2026-06-11 05:32:48] local.ERROR: Livewire encountered corrupt data when trying to hydrate a component. 
Ensure that the [name, id, data] of the Livewire component wasn't tampered with between requests. {"exception":"[object] (Livewire\\Mechanisms\\HandleComponents\\CorruptComponentPayloadException(code: 0): Livewire encountered corrupt data when trying to hydrate a component. 
Ensure that the [name, id, data] of the Livewire component wasn't tampered with between requests. at /var/www/indonesia-luxe/vendor/livewire/livewire/src/Mechanisms/HandleComponents/Checksum.php:29)
[stacktrace]
#0 /var/www/indonesia-luxe/vendor/livewire/livewire/src/Mechanisms/HandleComponents/HandleComponents.php(244): Livewire\\Mechanisms\\HandleComponents\\Checksum::verify()
#1 /var/www/indonesia-luxe/vendor/livewire/livewire/src/Mechanisms/HandleComponents/HandleComponents.php(210): Livewire\\Mechanisms\\HandleComponents\\HandleComponents->fromSnapshot()
#2 /var/www/indonesia-luxe/vendor/livewire/livewire/src/LivewireManager.php(131): Livewire\\Mechanisms\\HandleComponents\\HandleComponents->update()
#3 /var/www/indonesia-luxe/vendor/livewire/livewire/src/Mechanisms/HandleRequests/HandleRequests.php(156): Livewire\\LivewireManager->update()
#4 /var/www/indonesia-luxe/vendor/laravel/framework/src/Illuminate/Routing/ControllerDispatcher.php(46): Livewire\\Mechanisms\\HandleRequests\\HandleRequests->handleUpdate()
#5 /var/www/indonesia-luxe/vendor/laravel/framework/src/Illuminate/Routing/Route.php(265): Illuminate\\Routing\\ControllerDispatcher->dispatch()
#6 /var/www/indonesia-luxe/vendor/laravel/framework/src/Illuminate/Routing/Route.php(211): Illuminate\\Routing\\Route->runController()
#7 /var/www/indonesia-luxe/vendor/laravel/framework/src/Illuminate/Routing/Router.php(822): Illuminate\\Routing\\Route->run()
#8 /var/www/indonesia-luxe/vendor/laravel/framework/src/Illuminate/Pipeline/Pipeline.php(180): Illuminate\\Routing\\Router->{closure:Illuminate\\Routing\\Router::runRouteWithinStack():821}()
#9 /var/www/indonesia-luxe/vendor/laravel/boost/src/Middleware/InjectBoost.php(22): Illuminate\\Pipeline\\Pipeline->{closure:Illuminate\\Pipeline\\Pipeline::prepareDestination():178}()
#10 /var/www/indonesia-luxe/vendor/laravel/framework/src/Illuminate/Pipeline/Pipeline.php(219): Laravel\\Boost\\Middleware\\InjectBoost->handle()
#11 /var/www/indonesia-luxe/app/Http/Middleware/SetLocale.php(28): Illuminate\\Pipeline\\Pipeline->{closure:{closure:Illuminate\\Pipeline\\Pipeline::carry():194}:195}()
#12 /var/www/indonesia-luxe/vendor/laravel/framework/src/Illuminate/Pipeline/Pipeline.php(219): App\\Http\\Middleware\\SetLocale->handle()
#13 /var/www/indonesia-luxe/vendor/laravel/framework/src/Illuminate/Routing/Middleware/SubstituteBindings.php(50): Illuminate\\Pipeline\\Pipeline->{closure:{closure:Illuminate\\Pipeline\\Pipeline::carry():194}:195}()
#14 /var/www/indonesia-luxe/vendor/laravel/framework/src/Illuminate/Pipeline/Pipeline.php(219): Illuminate\\Routing\\Middleware\\SubstituteBindings->handle()
#15 /var/www/indonesia-luxe/vendor/laravel/framework/src/Illuminate/Foundation/Http/Middleware/VerifyCsrfToken.php(87): Illuminate\\Pipeline\\Pipeline->{closure:{closure:Illuminate\\Pipeline\\Pipeline::carry():194}:195}()
#16 /var/www/indonesia-luxe/vendor/laravel/framework/src/Illuminate/Pipeline/Pipeline.php(219): Illuminate\\Foundation\\Http\\Middleware\\VerifyCsrfToken->handle()
#17 /var/www/indonesia-luxe/vendor/laravel/framework/src/Illuminate/View/Middleware/ShareErrorsFromSession.php(48): Illuminate\\Pipeline\\Pipeline->{closure:{closure:Illuminate\\Pipeline\\Pipeline::carry():194}:195}()
#18 /var/www/indonesia-luxe/vendor/laravel/framework/src/Illuminate/Pipeline/Pipeline.php(219): Illuminate\\View\\Middleware\\ShareErrorsFromSession->handle()
#19 /var/www/indonesia-luxe/vendor/laravel/framework/src/Illuminate/Session/Middleware/StartSession.php(120): Illuminate\\Pipeline\\Pipeline->{closure:{closure:Illuminate\\Pipeline\\Pipeline::carry():194}:195}()
#20 /var/www/indonesia-luxe/vendor/laravel/framework/src/Illuminate/Session/Middleware/StartSession.php(63): Illuminate\\Session\\Middleware\\StartSession->handleStatefulRequest()
#21 /var/www/indonesia-luxe/vendor/laravel/framework/src/Illuminate/Pipeline/Pipeline.php(219): Illuminate\\Session\\Middleware\\StartSession->handle()
#22 /var/www/indonesia-luxe/vendor/laravel/framework/src/Illuminate/Cookie/Middleware/AddQueuedCookiesToResponse.php(36): Illuminate\\Pipeline\\Pipeline->{closure:{closure:Illuminate\\Pipeline\\Pipeline::carry():194}:195}()
#23 /var/www/indonesia-luxe/vendor/laravel/framework/src/Illuminate/Pipeline/Pipeline.php(219): Illuminate\\Cookie\\Middleware\\AddQueuedCookiesToResponse->handle()
#24 /var/www/indonesia-luxe/vendor/laravel/framework/src/Illuminate/Cookie/Middleware/EncryptCookies.php(74): Illuminate\\Pipeline\\Pipeline->{closure:{closure:Illuminate\\Pipeline\\Pipeline::carry():194}:195}()
#25 /var/www/indonesia-luxe/vendor/laravel/framework/src/Illuminate/Pipeline/Pipeline.php(219): Illuminate\\Cookie\\Middleware\\EncryptCookies->handle()
#26 /var/www/indonesia-luxe/vendor/laravel/framework/src/Illuminate/Pipeline/Pipeline.php(137): Illuminate\\Pipeline\\Pipeline->{closure:{closure:Illuminate\\Pipeline\\Pipeline::carry():194}:195}()
#27 /var/www/indonesia-luxe/vendor/laravel/framework/src/Illuminate/Routing/Router.php(821): Illuminate\\Pipeline\\Pipeline->then()
#28 /var/www/indonesia-luxe/vendor/laravel/framework/src/Illuminate/Routing/Router.php(800): Illuminate\\Routing\\Router->runRouteWithinStack()
#29 /var/www/indonesia-luxe/vendor/laravel/framework/src/Illuminate/Routing/Router.php(764): Illuminate\\Routing\\Router->runRoute()
#30 /var/www/indonesia-luxe/vendor/laravel/framework/src/Illuminate/Routing/Router.php(753): Illuminate\\Routing\\Router->dispatchToRoute()
#31 /var/www/indonesia-luxe/vendor/laravel/framework/src/Illuminate/Foundation/Http/Kernel.php(200): Illuminate\\Routing\\Router->dispatch()
#32 /var/www/indonesia-luxe/vendor/laravel/framework/src/Illuminate/Pipeline/Pipeline.php(180): Illuminate\\Foundation\\Http\\Kernel->{closure:Illuminate\\Foundation\\Http\\Kernel::dispatchToRouter():197}()
#33 /var/www/indonesia-luxe/vendor/livewire/livewire/src/Features/SupportDisablingBackButtonCache/DisableBackButtonCacheMiddleware.php(19): Illuminate\\Pipeline\\Pipeline->{closure:Illuminate\\Pipeline\\Pipeline::prepareDestination():178}()
#34 /var/www/indonesia-luxe/vendor/laravel/framework/src/Illuminate/Pipeline/Pipeline.php(219): Livewire\\Features\\SupportDisablingBackButtonCache\\DisableBackButtonCacheMiddleware->handle()
#35 /var/www/indonesia-luxe/vendor/laravel/framework/src/Illuminate/Foundation/Http/Middleware/ConvertEmptyStringsToNull.php(27): Illuminate\\Pipeline\\Pipeline->{closure:{closure:Illuminate\\Pipeline\\Pipeline::carry():194}:195}()
#36 /var/www/indonesia-luxe/vendor/laravel/framework/src/Illuminate/Pipeline/Pipeline.php(219): Illuminate\\Foundation\\Http\\Middleware\\ConvertEmptyStringsToNull->handle()
#37 /var/www/indonesia-luxe/vendor/laravel/framework/src/Illuminate/Foundation/Http/Middleware/TrimStrings.php(47): Illuminate\\Pipeline\\Pipeline->{closure:{closure:Illuminate\\Pipeline\\Pipeline::carry():194}:195}()
#38 /var/www/indonesia-luxe/vendor/laravel/framework/src/Illuminate/Pipeline/Pipeline.php(219): Illuminate\\Foundation\\Http\\Middleware\\TrimStrings->handle()
#39 /var/www/indonesia-luxe/vendor/laravel/framework/src/Illuminate/Http/Middleware/ValidatePostSize.php(27): Illuminate\\Pipeline\\Pipeline->{closure:{closure:Illuminate\\Pipeline\\Pipeline::carry():194}:195}()
#40 /var/www/indonesia-luxe/vendor/laravel/framework/src/Illuminate/Pipeline/Pipeline.php(219): Illuminate\\Http\\Middleware\\ValidatePostSize->handle()
#41 /var/www/indonesia-luxe/vendor/laravel/framework/src/Illuminate/Foundation/Http/Middleware/PreventRequestsDuringMaintenance.php(109): Illuminate\\Pipeline\\Pipeline->{closure:{closure:Illuminate\\Pipeline\\Pipeline::carry():194}:195}()
#42 /var/www/indonesia-luxe/vendor/laravel/framework/src/Illuminate/Pipeline/Pipeline.php(219): Illuminate\\Foundation\\Http\\Middleware\\PreventRequestsDuringMaintenance->handle()
#43 /var/www/indonesia-luxe/vendor/laravel/framework/src/Illuminate/Http/Middleware/HandleCors.php(61): Illuminate\\Pipeline\\Pipeline->{closure:{closure:Illuminate\\Pipeline\\Pipeline::carry():194}:195}()
#44 /var/www/indonesia-luxe/vendor/laravel/framework/src/Illuminate/Pipeline/Pipeline.php(219): Illuminate\\Http\\Middleware\\HandleCors->handle()
#45 /var/www/indonesia-luxe/vendor/laravel/framework/src/Illuminate/Http/Middleware/TrustProxies.php(58): Illuminate\\Pipeline\\Pipeline->{closure:{closure:Illuminate\\Pipeline\\Pipeline::carry():194}:195}()
#46 /var/www/indonesia-luxe/vendor/laravel/framework/src/Illuminate/Pipeline/Pipeline.php(219): Illuminate\\Http\\Middleware\\TrustProxies->handle()
#47 /var/www/indonesia-luxe/vendor/laravel/framework/src/Illuminate/Foundation/Http/Middleware/InvokeDeferredCallbacks.php(22): Illuminate\\Pipeline\\Pipeline->{closure:{closure:Illuminate\\Pipeline\\Pipeline::carry():194}:195}()
#48 /var/www/indonesia-luxe/vendor/laravel/framework/src/Illuminate/Pipeline/Pipeline.php(219): Illuminate\\Foundation\\Http\\Middleware\\InvokeDeferredCallbacks->handle()
#49 /var/www/indonesia-luxe/vendor/laravel/framework/src/Illuminate/Http/Middleware/ValidatePathEncoding.php(26): Illuminate\\Pipeline\\Pipeline->{closure:{closure:Illuminate\\Pipeline\\Pipeline::carry():194}:195}()
#50 /var/www/indonesia-luxe/vendor/laravel/framework/src/Illuminate/Pipeline/Pipeline.php(219): Illuminate\\Http\\Middleware\\ValidatePathEncoding->handle()
#51 /var/www/indonesia-luxe/vendor/laravel/framework/src/Illuminate/Pipeline/Pipeline.php(137): Illuminate\\Pipeline\\Pipeline->{closure:{closure:Illuminate\\Pipeline\\Pipeline::carry():194}:195}()
#52 /var/www/indonesia-luxe/vendor/laravel/framework/src/Illuminate/Foundation/Http/Kernel.php(175): Illuminate\\Pipeline\\Pipeline->then()
#53 /var/www/indonesia-luxe/vendor/laravel/framework/src/Illuminate/Foundation/Http/Kernel.php(144): Illuminate\\Foundation\\Http\\Kernel->sendRequestThroughRouter()
#54 /var/www/indonesia-luxe/vendor/laravel/framework/src/Illuminate/Foundation/Application.php(1220): Illuminate\\Foundation\\Http\\Kernel->handle()
#55 /var/www/indonesia-luxe/public/index.php(20): Illuminate\\Foundation\\Application->handleRequest()
#56 {main}
"} 
[2026-06-11 05:32:49] local.ERROR: Livewire encountered corrupt data when trying to hydrate a component. 
Ensure that the [name, id, data] of the Livewire component wasn't tampered with between requests. {"exception":"[object] (Livewire\\Mechanisms\\HandleComponents\\CorruptComponentPayloadException(code: 0): Livewire encountered corrupt data when trying to hydrate a component. 
Ensure that the [name, id, data] of the Livewire component wasn't tampered with between requests. at /var/www/indonesia-luxe/vendor/livewire/livewire/src/Mechanisms/HandleComponents/Checksum.php:29)
[stacktrace]
#0 /var/www/indonesia-luxe/vendor/livewire/livewire/src/Mechanisms/HandleComponents/HandleComponents.php(244): Livewire\\Mechanisms\\HandleComponents\\Checksum::verify()
#1 /var/www/indonesia-luxe/vendor/livewire/livewire/src/Mechanisms/HandleComponents/HandleComponents.php(210): Livewire\\Mechanisms\\HandleComponents\\HandleComponents->fromSnapshot()
#2 /var/www/indonesia-luxe/vendor/livewire/livewire/src/LivewireManager.php(131): Livewire\\Mechanisms\\HandleComponents\\HandleComponents->update()
#3 /var/www/indonesia-luxe/vendor/livewire/livewire/src/Mechanisms/HandleRequests/HandleRequests.php(156): Livewire\\LivewireManager->update()
#4 /var/www/indonesia-luxe/vendor/laravel/framework/src/Illuminate/Routing/ControllerDispatcher.php(46): Livewire\\Mechanisms\\HandleRequests\\HandleRequests->handleUpdate()
#5 /var/www/indonesia-luxe/vendor/laravel/framework/src/Illuminate/Routing/Route.php(265): Illuminate\\Routing\\ControllerDispatcher->dispatch()
#6 /var/www/indonesia-luxe/vendor/laravel/framework/src/Illuminate/Routing/Route.php(211): Illuminate\\Routing\\Route->runController()
#7 /var/www/indonesia-luxe/vendor/laravel/framework/src/Illuminate/Routing/Router.php(822): Illuminate\\Routing\\Route->run()
#8 /var/www/indonesia-luxe/vendor/laravel/framework/src/Illuminate/Pipeline/Pipeline.php(180): Illuminate\\Routing\\Router->{closure:Illuminate\\Routing\\Router::runRouteWithinStack():821}()
#9 /var/www/indonesia-luxe/vendor/laravel/boost/src/Middleware/InjectBoost.php(22): Illuminate\\Pipeline\\Pipeline->{closure:Illuminate\\Pipeline\\Pipeline::prepareDestination():178}()
#10 /var/www/indonesia-luxe/vendor/laravel/framework/src/Illuminate/Pipeline/Pipeline.php(219): Laravel\\Boost\\Middleware\\InjectBoost->handle()
#11 /var/www/indonesia-luxe/app/Http/Middleware/SetLocale.php(28): Illuminate\\Pipeline\\Pipeline->{closure:{closure:Illuminate\\Pipeline\\Pipeline::carry():194}:195}()
#12 /var/www/indonesia-luxe/vendor/laravel/framework/src/Illuminate/Pipeline/Pipeline.php(219): App\\Http\\Middleware\\SetLocale->handle()
#13 /var/www/indonesia-luxe/vendor/laravel/framework/src/Illuminate/Routing/Middleware/SubstituteBindings.php(50): Illuminate\\Pipeline\\Pipeline->{closure:{closure:Illuminate\\Pipeline\\Pipeline::carry():194}:195}()
#14 /var/www/indonesia-luxe/vendor/laravel/framework/src/Illuminate/Pipeline/Pipeline.php(219): Illuminate\\Routing\\Middleware\\SubstituteBindings->handle()
#15 /var/www/indonesia-luxe/vendor/laravel/framework/src/Illuminate/Foundation/Http/Middleware/VerifyCsrfToken.php(87): Illuminate\\Pipeline\\Pipeline->{closure:{closure:Illuminate\\Pipeline\\Pipeline::carry():194}:195}()
#16 /var/www/indonesia-luxe/vendor/laravel/framework/src/Illuminate/Pipeline/Pipeline.php(219): Illuminate\\Foundation\\Http\\Middleware\\VerifyCsrfToken->handle()
#17 /var/www/indonesia-luxe/vendor/laravel/framework/src/Illuminate/View/Middleware/ShareErrorsFromSession.php(48): Illuminate\\Pipeline\\Pipeline->{closure:{closure:Illuminate\\Pipeline\\Pipeline::carry():194}:195}()
#18 /var/www/indonesia-luxe/vendor/laravel/framework/src/Illuminate/Pipeline/Pipeline.php(219): Illuminate\\View\\Middleware\\ShareErrorsFromSession->handle()
#19 /var/www/indonesia-luxe/vendor/laravel/framework/src/Illuminate/Session/Middleware/StartSession.php(120): Illuminate\\Pipeline\\Pipeline->{closure:{closure:Illuminate\\Pipeline\\Pipeline::carry():194}:195}()
#20 /var/www/indonesia-luxe/vendor/laravel/framework/src/Illuminate/Session/Middleware/StartSession.php(63): Illuminate\\Session\\Middleware\\StartSession->handleStatefulRequest()
#21 /var/www/indonesia-luxe/vendor/laravel/framework/src/Illuminate/Pipeline/Pipeline.php(219): Illuminate\\Session\\Middleware\\StartSession->handle()
#22 /var/www/indonesia-luxe/vendor/laravel/framework/src/Illuminate/Cookie/Middleware/AddQueuedCookiesToResponse.php(36): Illuminate\\Pipeline\\Pipeline->{closure:{closure:Illuminate\\Pipeline\\Pipeline::carry():194}:195}()
#23 /var/www/indonesia-luxe/vendor/laravel/framework/src/Illuminate/Pipeline/Pipeline.php(219): Illuminate\\Cookie\\Middleware\\AddQueuedCookiesToResponse->handle()
#24 /var/www/indonesia-luxe/vendor/laravel/framework/src/Illuminate/Cookie/Middleware/EncryptCookies.php(74): Illuminate\\Pipeline\\Pipeline->{closure:{closure:Illuminate\\Pipeline\\Pipeline::carry():194}:195}()
#25 /var/www/indonesia-luxe/vendor/laravel/framework/src/Illuminate/Pipeline/Pipeline.php(219): Illuminate\\Cookie\\Middleware\\EncryptCookies->handle()
#26 /var/www/indonesia-luxe/vendor/laravel/framework/src/Illuminate/Pipeline/Pipeline.php(137): Illuminate\\Pipeline\\Pipeline->{closure:{closure:Illuminate\\Pipeline\\Pipeline::carry():194}:195}()
#27 /var/www/indonesia-luxe/vendor/laravel/framework/src/Illuminate/Routing/Router.php(821): Illuminate\\Pipeline\\Pipeline->then()
#28 /var/www/indonesia-luxe/vendor/laravel/framework/src/Illuminate/Routing/Router.php(800): Illuminate\\Routing\\Router->runRouteWithinStack()
#29 /var/www/indonesia-luxe/vendor/laravel/framework/src/Illuminate/Routing/Router.php(764): Illuminate\\Routing\\Router->runRoute()
#30 /var/www/indonesia-luxe/vendor/laravel/framework/src/Illuminate/Routing/Router.php(753): Illuminate\\Routing\\Router->dispatchToRoute()
#31 /var/www/indonesia-luxe/vendor/laravel/framework/src/Illuminate/Foundation/Http/Kernel.php(200): Illuminate\\Routing\\Router->dispatch()
#32 /var/www/indonesia-luxe/vendor/laravel/framework/src/Illuminate/Pipeline/Pipeline.php(180): Illuminate\\Foundation\\Http\\Kernel->{closure:Illuminate\\Foundation\\Http\\Kernel::dispatchToRouter():197}()
#33 /var/www/indonesia-luxe/vendor/livewire/livewire/src/Features/SupportDisablingBackButtonCache/DisableBackButtonCacheMiddleware.php(19): Illuminate\\Pipeline\\Pipeline->{closure:Illuminate\\Pipeline\\Pipeline::prepareDestination():178}()
#34 /var/www/indonesia-luxe/vendor/laravel/framework/src/Illuminate/Pipeline/Pipeline.php(219): Livewire\\Features\\SupportDisablingBackButtonCache\\DisableBackButtonCacheMiddleware->handle()
#35 /var/www/indonesia-luxe/vendor/laravel/framework/src/Illuminate/Foundation/Http/Middleware/ConvertEmptyStringsToNull.php(27): Illuminate\\Pipeline\\Pipeline->{closure:{closure:Illuminate\\Pipeline\\Pipeline::carry():194}:195}()
#36 /var/www/indonesia-luxe/vendor/laravel/framework/src/Illuminate/Pipeline/Pipeline.php(219): Illuminate\\Foundation\\Http\\Middleware\\ConvertEmptyStringsToNull->handle()
#37 /var/www/indonesia-luxe/vendor/laravel/framework/src/Illuminate/Foundation/Http/Middleware/TrimStrings.php(47): Illuminate\\Pipeline\\Pipeline->{closure:{closure:Illuminate\\Pipeline\\Pipeline::carry():194}:195}()
#38 /var/www/indonesia-luxe/vendor/laravel/framework/src/Illuminate/Pipeline/Pipeline.php(219): Illuminate\\Foundation\\Http\\Middleware\\TrimStrings->handle()
#39 /var/www/indonesia-luxe/vendor/laravel/framework/src/Illuminate/Http/Middleware/ValidatePostSize.php(27): Illuminate\\Pipeline\\Pipeline->{closure:{closure:Illuminate\\Pipeline\\Pipeline::carry():194}:195}()
#40 /var/www/indonesia-luxe/vendor/laravel/framework/src/Illuminate/Pipeline/Pipeline.php(219): Illuminate\\Http\\Middleware\\ValidatePostSize->handle()
#41 /var/www/indonesia-luxe/vendor/laravel/framework/src/Illuminate/Foundation/Http/Middleware/PreventRequestsDuringMaintenance.php(109): Illuminate\\Pipeline\\Pipeline->{closure:{closure:Illuminate\\Pipeline\\Pipeline::carry():194}:195}()
#42 /var/www/indonesia-luxe/vendor/laravel/framework/src/Illuminate/Pipeline/Pipeline.php(219): Illuminate\\Foundation\\Http\\Middleware\\PreventRequestsDuringMaintenance->handle()
#43 /var/www/indonesia-luxe/vendor/laravel/framework/src/Illuminate/Http/Middleware/HandleCors.php(61): Illuminate\\Pipeline\\Pipeline->{closure:{closure:Illuminate\\Pipeline\\Pipeline::carry():194}:195}()
#44 /var/www/indonesia-luxe/vendor/laravel/framework/src/Illuminate/Pipeline/Pipeline.php(219): Illuminate\\Http\\Middleware\\HandleCors->handle()
#45 /var/www/indonesia-luxe/vendor/laravel/framework/src/Illuminate/Http/Middleware/TrustProxies.php(58): Illuminate\\Pipeline\\Pipeline->{closure:{closure:Illuminate\\Pipeline\\Pipeline::carry():194}:195}()
#46 /var/www/indonesia-luxe/vendor/laravel/framework/src/Illuminate/Pipeline/Pipeline.php(219): Illuminate\\Http\\Middleware\\TrustProxies->handle()
#47 /var/www/indonesia-luxe/vendor/laravel/framework/src/Illuminate/Foundation/Http/Middleware/InvokeDeferredCallbacks.php(22): Illuminate\\Pipeline\\Pipeline->{closure:{closure:Illuminate\\Pipeline\\Pipeline::carry():194}:195}()
#48 /var/www/indonesia-luxe/vendor/laravel/framework/src/Illuminate/Pipeline/Pipeline.php(219): Illuminate\\Foundation\\Http\\Middleware\\InvokeDeferredCallbacks->handle()
#49 /var/www/indonesia-luxe/vendor/laravel/framework/src/Illuminate/Http/Middleware/ValidatePathEncoding.php(26): Illuminate\\Pipeline\\Pipeline->{closure:{closure:Illuminate\\Pipeline\\Pipeline::carry():194}:195}()
#50 /var/www/indonesia-luxe/vendor/laravel/framework/src/Illuminate/Pipeline/Pipeline.php(219): Illuminate\\Http\\Middleware\\ValidatePathEncoding->handle()
#51 /var/www/indonesia-luxe/vendor/laravel/framework/src/Illuminate/Pipeline/Pipeline.php(137): Illuminate\\Pipeline\\Pipeline->{closure:{closure:Illuminate\\Pipeline\\Pipeline::carry():194}:195}()
#52 /var/www/indonesia-luxe/vendor/laravel/framework/src/Illuminate/Foundation/Http/Kernel.php(175): Illuminate\\Pipeline\\Pipeline->then()
#53 /var/www/indonesia-luxe/vendor/laravel/framework/src/Illuminate/Foundation/Http/Kernel.php(144): Illuminate\\Foundation\\Http\\Kernel->sendRequestThroughRouter()
#54 /var/www/indonesia-luxe/vendor/laravel/framework/src/Illuminate/Foundation/Application.php(1220): Illuminate\\Foundation\\Http\\Kernel->handle()
#55 /var/www/indonesia-luxe/public/index.php(20): Illuminate\\Foundation\\Application->handleRequest()
#56 {main}
"} 
[2026-06-11 05:32:49] local.ERROR: Livewire encountered corrupt data when trying to hydrate a component. 
Ensure that the [name, id, data] of the Livewire component wasn't tampered with between requests. {"exception":"[object] (Livewire\\Mechanisms\\HandleComponents\\CorruptComponentPayloadException(code: 0): Livewire encountered corrupt data when trying to hydrate a component. 
Ensure that the [name, id, data] of the Livewire component wasn't tampered with between requests. at /var/www/indonesia-luxe/vendor/livewire/livewire/src/Mechanisms/HandleComponents/Checksum.php:29)
[stacktrace]
#0 /var/www/indonesia-luxe/vendor/livewire/livewire/src/Mechanisms/HandleComponents/HandleComponents.php(244): Livewire\\Mechanisms\\HandleComponents\\Checksum::verify()
#1 /var/www/indonesia-luxe/vendor/livewire/livewire/src/Mechanisms/HandleComponents/HandleComponents.php(210): Livewire\\Mechanisms\\HandleComponents\\HandleComponents->fromSnapshot()
#2 /var/www/indonesia-luxe/vendor/livewire/livewire/src/LivewireManager.php(131): Livewire\\Mechanisms\\HandleComponents\\HandleComponents->update()
#3 /var/www/indonesia-luxe/vendor/livewire/livewire/src/Mechanisms/HandleRequests/HandleRequests.php(156): Livewire\\LivewireManager->update()
#4 /var/www/indonesia-luxe/vendor/laravel/framework/src/Illuminate/Routing/ControllerDispatcher.php(46): Livewire\\Mechanisms\\HandleRequests\\HandleRequests->handleUpdate()
#5 /var/www/indonesia-luxe/vendor/laravel/framework/src/Illuminate/Routing/Route.php(265): Illuminate\\Routing\\ControllerDispatcher->dispatch()
#6 /var/www/indonesia-luxe/vendor/laravel/framework/src/Illuminate/Routing/Route.php(211): Illuminate\\Routing\\Route->runController()
#7 /var/www/indonesia-luxe/vendor/laravel/framework/src/Illuminate/Routing/Router.php(822): Illuminate\\Routing\\Route->run()
#8 /var/www/indonesia-luxe/vendor/laravel/framework/src/Illuminate/Pipeline/Pipeline.php(180): Illuminate\\Routing\\Router->{closure:Illuminate\\Routing\\Router::runRouteWithinStack():821}()
#9 /var/www/indonesia-luxe/vendor/laravel/boost/src/Middleware/InjectBoost.php(22): Illuminate\\Pipeline\\Pipeline->{closure:Illuminate\\Pipeline\\Pipeline::prepareDestination():178}()
#10 /var/www/indonesia-luxe/vendor/laravel/framework/src/Illuminate/Pipeline/Pipeline.php(219): Laravel\\Boost\\Middleware\\InjectBoost->handle()
#11 /var/www/indonesia-luxe/app/Http/Middleware/SetLocale.php(28): Illuminate\\Pipeline\\Pipeline->{closure:{closure:Illuminate\\Pipeline\\Pipeline::carry():194}:195}()
#12 /var/www/indonesia-luxe/vendor/laravel/framework/src/Illuminate/Pipeline/Pipeline.php(219): App\\Http\\Middleware\\SetLocale->handle()
#13 /var/www/indonesia-luxe/vendor/laravel/framework/src/Illuminate/Routing/Middleware/SubstituteBindings.php(50): Illuminate\\Pipeline\\Pipeline->{closure:{closure:Illuminate\\Pipeline\\Pipeline::carry():194}:195}()
#14 /var/www/indonesia-luxe/vendor/laravel/framework/src/Illuminate/Pipeline/Pipeline.php(219): Illuminate\\Routing\\Middleware\\SubstituteBindings->handle()
#15 /var/www/indonesia-luxe/vendor/laravel/framework/src/Illuminate/Foundation/Http/Middleware/VerifyCsrfToken.php(87): Illuminate\\Pipeline\\Pipeline->{closure:{closure:Illuminate\\Pipeline\\Pipeline::carry():194}:195}()
#16 /var/www/indonesia-luxe/vendor/laravel/framework/src/Illuminate/Pipeline/Pipeline.php(219): Illuminate\\Foundation\\Http\\Middleware\\VerifyCsrfToken->handle()
#17 /var/www/indonesia-luxe/vendor/laravel/framework/src/Illuminate/View/Middleware/ShareErrorsFromSession.php(48): Illuminate\\Pipeline\\Pipeline->{closure:{closure:Illuminate\\Pipeline\\Pipeline::carry():194}:195}()
#18 /var/www/indonesia-luxe/vendor/laravel/framework/src/Illuminate/Pipeline/Pipeline.php(219): Illuminate\\View\\Middleware\\ShareErrorsFromSession->handle()
#19 /var/www/indonesia-luxe/vendor/laravel/framework/src/Illuminate/Session/Middleware/StartSession.php(120): Illuminate\\Pipeline\\Pipeline->{closure:{closure:Illuminate\\Pipeline\\Pipeline::carry():194}:195}()
#20 /var/www/indonesia-luxe/vendor/laravel/framework/src/Illuminate/Session/Middleware/StartSession.php(63): Illuminate\\Session\\Middleware\\StartSession->handleStatefulRequest()
#21 /var/www/indonesia-luxe/vendor/laravel/framework/src/Illuminate/Pipeline/Pipeline.php(219): Illuminate\\Session\\Middleware\\StartSession->handle()
#22 /var/www/indonesia-luxe/vendor/laravel/framework/src/Illuminate/Cookie/Middleware/AddQueuedCookiesToResponse.php(36): Illuminate\\Pipeline\\Pipeline->{closure:{closure:Illuminate\\Pipeline\\Pipeline::carry():194}:195}()
#23 /var/www/indonesia-luxe/vendor/laravel/framework/src/Illuminate/Pipeline/Pipeline.php(219): Illuminate\\Cookie\\Middleware\\AddQueuedCookiesToResponse->handle()
#24 /var/www/indonesia-luxe/vendor/laravel/framework/src/Illuminate/Cookie/Middleware/EncryptCookies.php(74): Illuminate\\Pipeline\\Pipeline->{closure:{closure:Illuminate\\Pipeline\\Pipeline::carry():194}:195}()
#25 /var/www/indonesia-luxe/vendor/laravel/framework/src/Illuminate/Pipeline/Pipeline.php(219): Illuminate\\Cookie\\Middleware\\EncryptCookies->handle()
#26 /var/www/indonesia-luxe/vendor/laravel/framework/src/Illuminate/Pipeline/Pipeline.php(137): Illuminate\\Pipeline\\Pipeline->{closure:{closure:Illuminate\\Pipeline\\Pipeline::carry():194}:195}()
#27 /var/www/indonesia-luxe/vendor/laravel/framework/src/Illuminate/Routing/Router.php(821): Illuminate\\Pipeline\\Pipeline->then()
#28 /var/www/indonesia-luxe/vendor/laravel/framework/src/Illuminate/Routing/Router.php(800): Illuminate\\Routing\\Router->runRouteWithinStack()
#29 /var/www/indonesia-luxe/vendor/laravel/framework/src/Illuminate/Routing/Router.php(764): Illuminate\\Routing\\Router->runRoute()
#30 /var/www/indonesia-luxe/vendor/laravel/framework/src/Illuminate/Routing/Router.php(753): Illuminate\\Routing\\Router->dispatchToRoute()
#31 /var/www/indonesia-luxe/vendor/laravel/framework/src/Illuminate/Foundation/Http/Kernel.php(200): Illuminate\\Routing\\Router->dispatch()
#32 /var/www/indonesia-luxe/vendor/laravel/framework/src/Illuminate/Pipeline/Pipeline.php(180): Illuminate\\Foundation\\Http\\Kernel->{closure:Illuminate\\Foundation\\Http\\Kernel::dispatchToRouter():197}()
#33 /var/www/indonesia-luxe/vendor/livewire/livewire/src/Features/SupportDisablingBackButtonCache/DisableBackButtonCacheMiddleware.php(19): Illuminate\\Pipeline\\Pipeline->{closure:Illuminate\\Pipeline\\Pipeline::prepareDestination():178}()
#34 /var/www/indonesia-luxe/vendor/laravel/framework/src/Illuminate/Pipeline/Pipeline.php(219): Livewire\\Features\\SupportDisablingBackButtonCache\\DisableBackButtonCacheMiddleware->handle()
#35 /var/www/indonesia-luxe/vendor/laravel/framework/src/Illuminate/Foundation/Http/Middleware/ConvertEmptyStringsToNull.php(27): Illuminate\\Pipeline\\Pipeline->{closure:{closure:Illuminate\\Pipeline\\Pipeline::carry():194}:195}()
#36 /var/www/indonesia-luxe/vendor/laravel/framework/src/Illuminate/Pipeline/Pipeline.php(219): Illuminate\\Foundation\\Http\\Middleware\\ConvertEmptyStringsToNull->handle()
#37 /var/www/indonesia-luxe/vendor/laravel/framework/src/Illuminate/Foundation/Http/Middleware/TrimStrings.php(47): Illuminate\\Pipeline\\Pipeline->{closure:{closure:Illuminate\\Pipeline\\Pipeline::carry():194}:195}()
#38 /var/www/indonesia-luxe/vendor/laravel/framework/src/Illuminate/Pipeline/Pipeline.php(219): Illuminate\\Foundation\\Http\\Middleware\\TrimStrings->handle()
#39 /var/www/indonesia-luxe/vendor/laravel/framework/src/Illuminate/Http/Middleware/ValidatePostSize.php(27): Illuminate\\Pipeline\\Pipeline->{closure:{closure:Illuminate\\Pipeline\\Pipeline::carry():194}:195}()
#40 /var/www/indonesia-luxe/vendor/laravel/framework/src/Illuminate/Pipeline/Pipeline.php(219): Illuminate\\Http\\Middleware\\ValidatePostSize->handle()
#41 /var/www/indonesia-luxe/vendor/laravel/framework/src/Illuminate/Foundation/Http/Middleware/PreventRequestsDuringMaintenance.php(109): Illuminate\\Pipeline\\Pipeline->{closure:{closure:Illuminate\\Pipeline\\Pipeline::carry():194}:195}()
#42 /var/www/indonesia-luxe/vendor/laravel/framework/src/Illuminate/Pipeline/Pipeline.php(219): Illuminate\\Foundation\\Http\\Middleware\\PreventRequestsDuringMaintenance->handle()
#43 /var/www/indonesia-luxe/vendor/laravel/framework/src/Illuminate/Http/Middleware/HandleCors.php(61): Illuminate\\Pipeline\\Pipeline->{closure:{closure:Illuminate\\Pipeline\\Pipeline::carry():194}:195}()
#44 /var/www/indonesia-luxe/vendor/laravel/framework/src/Illuminate/Pipeline/Pipeline.php(219): Illuminate\\Http\\Middleware\\HandleCors->handle()
#45 /var/www/indonesia-luxe/vendor/laravel/framework/src/Illuminate/Http/Middleware/TrustProxies.php(58): Illuminate\\Pipeline\\Pipeline->{closure:{closure:Illuminate\\Pipeline\\Pipeline::carry():194}:195}()
#46 /var/www/indonesia-luxe/vendor/laravel/framework/src/Illuminate/Pipeline/Pipeline.php(219): Illuminate\\Http\\Middleware\\TrustProxies->handle()
#47 /var/www/indonesia-luxe/vendor/laravel/framework/src/Illuminate/Foundation/Http/Middleware/InvokeDeferredCallbacks.php(22): Illuminate\\Pipeline\\Pipeline->{closure:{closure:Illuminate\\Pipeline\\Pipeline::carry():194}:195}()
#48 /var/www/indonesia-luxe/vendor/laravel/framework/src/Illuminate/Pipeline/Pipeline.php(219): Illuminate\\Foundation\\Http\\Middleware\\InvokeDeferredCallbacks->handle()
#49 /var/www/indonesia-luxe/vendor/laravel/framework/src/Illuminate/Http/Middleware/ValidatePathEncoding.php(26): Illuminate\\Pipeline\\Pipeline->{closure:{closure:Illuminate\\Pipeline\\Pipeline::carry():194}:195}()
#50 /var/www/indonesia-luxe/vendor/laravel/framework/src/Illuminate/Pipeline/Pipeline.php(219): Illuminate\\Http\\Middleware\\ValidatePathEncoding->handle()
#51 /var/www/indonesia-luxe/vendor/laravel/framework/src/Illuminate/Pipeline/Pipeline.php(137): Illuminate\\Pipeline\\Pipeline->{closure:{closure:Illuminate\\Pipeline\\Pipeline::carry():194}:195}()
#52 /var/www/indonesia-luxe/vendor/laravel/framework/src/Illuminate/Foundation/Http/Kernel.php(175): Illuminate\\Pipeline\\Pipeline->then()
#53 /var/www/indonesia-luxe/vendor/laravel/framework/src/Illuminate/Foundation/Http/Kernel.php(144): Illuminate\\Foundation\\Http\\Kernel->sendRequestThroughRouter()
#54 /var/www/indonesia-luxe/vendor/laravel/framework/src/Illuminate/Foundation/Application.php(1220): Illuminate\\Foundation\\Http\\Kernel->handle()
#55 /var/www/indonesia-luxe/public/index.php(20): Illuminate\\Foundation\\Application->handleRequest()
#56 {main}
"} 
[2026-06-11 05:32:49] local.ERROR: Livewire encountered corrupt data when trying to hydrate a component. 
Ensure that the [name, id, data] of the Livewire component wasn't tampered with between requests. {"exception":"[object] (Livewire\\Mechanisms\\HandleComponents\\CorruptComponentPayloadException(code: 0): Livewire encountered corrupt data when trying to hydrate a component. 
Ensure that the [name, id, data] of the Livewire component wasn't tampered with between requests. at /var/www/indonesia-luxe/vendor/livewire/livewire/src/Mechanisms/HandleComponents/Checksum.php:29)
[stacktrace]
#0 /var/www/indonesia-luxe/vendor/livewire/livewire/src/Mechanisms/HandleComponents/HandleComponents.php(244): Livewire\\Mechanisms\\HandleComponents\\Checksum::verify()
#1 /var/www/indonesia-luxe/vendor/livewire/livewire/src/Mechanisms/HandleComponents/HandleComponents.php(210): Livewire\\Mechanisms\\HandleComponents\\HandleComponents->fromSnapshot()
#2 /var/www/indonesia-luxe/vendor/livewire/livewire/src/LivewireManager.php(131): Livewire\\Mechanisms\\HandleComponents\\HandleComponents->update()
#3 /var/www/indonesia-luxe/vendor/livewire/livewire/src/Mechanisms/HandleRequests/HandleRequests.php(156): Livewire\\LivewireManager->update()
#4 /var/www/indonesia-luxe/vendor/laravel/framework/src/Illuminate/Routing/ControllerDispatcher.php(46): Livewire\\Mechanisms\\HandleRequests\\HandleRequests->handleUpdate()
#5 /var/www/indonesia-luxe/vendor/laravel/framework/src/Illuminate/Routing/Route.php(265): Illuminate\\Routing\\ControllerDispatcher->dispatch()
#6 /var/www/indonesia-luxe/vendor/laravel/framework/src/Illuminate/Routing/Route.php(211): Illuminate\\Routing\\Route->runController()
#7 /var/www/indonesia-luxe/vendor/laravel/framework/src/Illuminate/Routing/Router.php(822): Illuminate\\Routing\\Route->run()
#8 /var/www/indonesia-luxe/vendor/laravel/framework/src/Illuminate/Pipeline/Pipeline.php(180): Illuminate\\Routing\\Router->{closure:Illuminate\\Routing\\Router::runRouteWithinStack():821}()
#9 /var/www/indonesia-luxe/vendor/laravel/boost/src/Middleware/InjectBoost.php(22): Illuminate\\Pipeline\\Pipeline->{closure:Illuminate\\Pipeline\\Pipeline::prepareDestination():178}()
#10 /var/www/indonesia-luxe/vendor/laravel/framework/src/Illuminate/Pipeline/Pipeline.php(219): Laravel\\Boost\\Middleware\\InjectBoost->handle()
#11 /var/www/indonesia-luxe/app/Http/Middleware/SetLocale.php(28): Illuminate\\Pipeline\\Pipeline->{closure:{closure:Illuminate\\Pipeline\\Pipeline::carry():194}:195}()
#12 /var/www/indonesia-luxe/vendor/laravel/framework/src/Illuminate/Pipeline/Pipeline.php(219): App\\Http\\Middleware\\SetLocale->handle()
#13 /var/www/indonesia-luxe/vendor/laravel/framework/src/Illuminate/Routing/Middleware/SubstituteBindings.php(50): Illuminate\\Pipeline\\Pipeline->{closure:{closure:Illuminate\\Pipeline\\Pipeline::carry():194}:195}()
#14 /var/www/indonesia-luxe/vendor/laravel/framework/src/Illuminate/Pipeline/Pipeline.php(219): Illuminate\\Routing\\Middleware\\SubstituteBindings->handle()
#15 /var/www/indonesia-luxe/vendor/laravel/framework/src/Illuminate/Foundation/Http/Middleware/VerifyCsrfToken.php(87): Illuminate\\Pipeline\\Pipeline->{closure:{closure:Illuminate\\Pipeline\\Pipeline::carry():194}:195}()
#16 /var/www/indonesia-luxe/vendor/laravel/framework/src/Illuminate/Pipeline/Pipeline.php(219): Illuminate\\Foundation\\Http\\Middleware\\VerifyCsrfToken->handle()
#17 /var/www/indonesia-luxe/vendor/laravel/framework/src/Illuminate/View/Middleware/ShareErrorsFromSession.php(48): Illuminate\\Pipeline\\Pipeline->{closure:{closure:Illuminate\\Pipeline\\Pipeline::carry():194}:195}()
#18 /var/www/indonesia-luxe/vendor/laravel/framework/src/Illuminate/Pipeline/Pipeline.php(219): Illuminate\\View\\Middleware\\ShareErrorsFromSession->handle()
#19 /var/www/indonesia-luxe/vendor/laravel/framework/src/Illuminate/Session/Middleware/StartSession.php(120): Illuminate\\Pipeline\\Pipeline->{closure:{closure:Illuminate\\Pipeline\\Pipeline::carry():194}:195}()
#20 /var/www/indonesia-luxe/vendor/laravel/framework/src/Illuminate/Session/Middleware/StartSession.php(63): Illuminate\\Session\\Middleware\\StartSession->handleStatefulRequest()
#21 /var/www/indonesia-luxe/vendor/laravel/framework/src/Illuminate/Pipeline/Pipeline.php(219): Illuminate\\Session\\Middleware\\StartSession->handle()
#22 /var/www/indonesia-luxe/vendor/laravel/framework/src/Illuminate/Cookie/Middleware/AddQueuedCookiesToResponse.php(36): Illuminate\\Pipeline\\Pipeline->{closure:{closure:Illuminate\\Pipeline\\Pipeline::carry():194}:195}()
#23 /var/www/indonesia-luxe/vendor/laravel/framework/src/Illuminate/Pipeline/Pipeline.php(219): Illuminate\\Cookie\\Middleware\\AddQueuedCookiesToResponse->handle()
#24 /var/www/indonesia-luxe/vendor/laravel/framework/src/Illuminate/Cookie/Middleware/EncryptCookies.php(74): Illuminate\\Pipeline\\Pipeline->{closure:{closure:Illuminate\\Pipeline\\Pipeline::carry():194}:195}()
#25 /var/www/indonesia-luxe/vendor/laravel/framework/src/Illuminate/Pipeline/Pipeline.php(219): Illuminate\\Cookie\\Middleware\\EncryptCookies->handle()
#26 /var/www/indonesia-luxe/vendor/laravel/framework/src/Illuminate/Pipeline/Pipeline.php(137): Illuminate\\Pipeline\\Pipeline->{closure:{closure:Illuminate\\Pipeline\\Pipeline::carry():194}:195}()
#27 /var/www/indonesia-luxe/vendor/laravel/framework/src/Illuminate/Routing/Router.php(821): Illuminate\\Pipeline\\Pipeline->then()
#28 /var/www/indonesia-luxe/vendor/laravel/framework/src/Illuminate/Routing/Router.php(800): Illuminate\\Routing\\Router->runRouteWithinStack()
#29 /var/www/indonesia-luxe/vendor/laravel/framework/src/Illuminate/Routing/Router.php(764): Illuminate\\Routing\\Router->runRoute()
#30 /var/www/indonesia-luxe/vendor/laravel/framework/src/Illuminate/Routing/Router.php(753): Illuminate\\Routing\\Router->dispatchToRoute()
#31 /var/www/indonesia-luxe/vendor/laravel/framework/src/Illuminate/Foundation/Http/Kernel.php(200): Illuminate\\Routing\\Router->dispatch()
#32 /var/www/indonesia-luxe/vendor/laravel/framework/src/Illuminate/Pipeline/Pipeline.php(180): Illuminate\\Foundation\\Http\\Kernel->{closure:Illuminate\\Foundation\\Http\\Kernel::dispatchToRouter():197}()
#33 /var/www/indonesia-luxe/vendor/livewire/livewire/src/Features/SupportDisablingBackButtonCache/DisableBackButtonCacheMiddleware.php(19): Illuminate\\Pipeline\\Pipeline->{closure:Illuminate\\Pipeline\\Pipeline::prepareDestination():178}()
#34 /var/www/indonesia-luxe/vendor/laravel/framework/src/Illuminate/Pipeline/Pipeline.php(219): Livewire\\Features\\SupportDisablingBackButtonCache\\DisableBackButtonCacheMiddleware->handle()
#35 /var/www/indonesia-luxe/vendor/laravel/framework/src/Illuminate/Foundation/Http/Middleware/ConvertEmptyStringsToNull.php(27): Illuminate\\Pipeline\\Pipeline->{closure:{closure:Illuminate\\Pipeline\\Pipeline::carry():194}:195}()
#36 /var/www/indonesia-luxe/vendor/laravel/framework/src/Illuminate/Pipeline/Pipeline.php(219): Illuminate\\Foundation\\Http\\Middleware\\ConvertEmptyStringsToNull->handle()
#37 /var/www/indonesia-luxe/vendor/laravel/framework/src/Illuminate/Foundation/Http/Middleware/TrimStrings.php(47): Illuminate\\Pipeline\\Pipeline->{closure:{closure:Illuminate\\Pipeline\\Pipeline::carry():194}:195}()
#38 /var/www/indonesia-luxe/vendor/laravel/framework/src/Illuminate/Pipeline/Pipeline.php(219): Illuminate\\Foundation\\Http\\Middleware\\TrimStrings->handle()
#39 /var/www/indonesia-luxe/vendor/laravel/framework/src/Illuminate/Http/Middleware/ValidatePostSize.php(27): Illuminate\\Pipeline\\Pipeline->{closure:{closure:Illuminate\\Pipeline\\Pipeline::carry():194}:195}()
#40 /var/www/indonesia-luxe/vendor/laravel/framework/src/Illuminate/Pipeline/Pipeline.php(219): Illuminate\\Http\\Middleware\\ValidatePostSize->handle()
#41 /var/www/indonesia-luxe/vendor/laravel/framework/src/Illuminate/Foundation/Http/Middleware/PreventRequestsDuringMaintenance.php(109): Illuminate\\Pipeline\\Pipeline->{closure:{closure:Illuminate\\Pipeline\\Pipeline::carry():194}:195}()
#42 /var/www/indonesia-luxe/vendor/laravel/framework/src/Illuminate/Pipeline/Pipeline.php(219): Illuminate\\Foundation\\Http\\Middleware\\PreventRequestsDuringMaintenance->handle()
#43 /var/www/indonesia-luxe/vendor/laravel/framework/src/Illuminate/Http/Middleware/HandleCors.php(61): Illuminate\\Pipeline\\Pipeline->{closure:{closure:Illuminate\\Pipeline\\Pipeline::carry():194}:195}()
#44 /var/www/indonesia-luxe/vendor/laravel/framework/src/Illuminate/Pipeline/Pipeline.php(219): Illuminate\\Http\\Middleware\\HandleCors->handle()
#45 /var/www/indonesia-luxe/vendor/laravel/framework/src/Illuminate/Http/Middleware/TrustProxies.php(58): Illuminate\\Pipeline\\Pipeline->{closure:{closure:Illuminate\\Pipeline\\Pipeline::carry():194}:195}()
#46 /var/www/indonesia-luxe/vendor/laravel/framework/src/Illuminate/Pipeline/Pipeline.php(219): Illuminate\\Http\\Middleware\\TrustProxies->handle()
#47 /var/www/indonesia-luxe/vendor/laravel/framework/src/Illuminate/Foundation/Http/Middleware/InvokeDeferredCallbacks.php(22): Illuminate\\Pipeline\\Pipeline->{closure:{closure:Illuminate\\Pipeline\\Pipeline::carry():194}:195}()
#48 /var/www/indonesia-luxe/vendor/laravel/framework/src/Illuminate/Pipeline/Pipeline.php(219): Illuminate\\Foundation\\Http\\Middleware\\InvokeDeferredCallbacks->handle()
#49 /var/www/indonesia-luxe/vendor/laravel/framework/src/Illuminate/Http/Middleware/ValidatePathEncoding.php(26): Illuminate\\Pipeline\\Pipeline->{closure:{closure:Illuminate\\Pipeline\\Pipeline::carry():194}:195}()
#50 /var/www/indonesia-luxe/vendor/laravel/framework/src/Illuminate/Pipeline/Pipeline.php(219): Illuminate\\Http\\Middleware\\ValidatePathEncoding->handle()
#51 /var/www/indonesia-luxe/vendor/laravel/framework/src/Illuminate/Pipeline/Pipeline.php(137): Illuminate\\Pipeline\\Pipeline->{closure:{closure:Illuminate\\Pipeline\\Pipeline::carry():194}:195}()
#52 /var/www/indonesia-luxe/vendor/laravel/framework/src/Illuminate/Foundation/Http/Kernel.php(175): Illuminate\\Pipeline\\Pipeline->then()
#53 /var/www/indonesia-luxe/vendor/laravel/framework/src/Illuminate/Foundation/Http/Kernel.php(144): Illuminate\\Foundation\\Http\\Kernel->sendRequestThroughRouter()
#54 /var/www/indonesia-luxe/vendor/laravel/framework/src/Illuminate/Foundation/Application.php(1220): Illuminate\\Foundation\\Http\\Kernel->handle()
#55 /var/www/indonesia-luxe/public/index.php(20): Illuminate\\Foundation\\Application->handleRequest()
#56 {main}
"} 
[2026-06-11 05:32:49] local.ERROR: Livewire encountered corrupt data when trying to hydrate a component. 
Ensure that the [name, id, data] of the Livewire component wasn't tampered with between requests. {"exception":"[object] (Livewire\\Mechanisms\\HandleComponents\\CorruptComponentPayloadException(code: 0): Livewire encountered corrupt data when trying to hydrate a component. 
Ensure that the [name, id, data] of the Livewire component wasn't tampered with between requests. at /var/www/indonesia-luxe/vendor/livewire/livewire/src/Mechanisms/HandleComponents/Checksum.php:29)
[stacktrace]
#0 /var/www/indonesia-luxe/vendor/livewire/livewire/src/Mechanisms/HandleComponents/HandleComponents.php(244): Livewire\\Mechanisms\\HandleComponents\\Checksum::verify()
#1 /var/www/indonesia-luxe/vendor/livewire/livewire/src/Mechanisms/HandleComponents/HandleComponents.php(210): Livewire\\Mechanisms\\HandleComponents\\HandleComponents->fromSnapshot()
#2 /var/www/indonesia-luxe/vendor/livewire/livewire/src/LivewireManager.php(131): Livewire\\Mechanisms\\HandleComponents\\HandleComponents->update()
#3 /var/www/indonesia-luxe/vendor/livewire/livewire/src/Mechanisms/HandleRequests/HandleRequests.php(156): Livewire\\LivewireManager->update()
#4 /var/www/indonesia-luxe/vendor/laravel/framework/src/Illuminate/Routing/ControllerDispatcher.php(46): Livewire\\Mechanisms\\HandleRequests\\HandleRequests->handleUpdate()
#5 /var/www/indonesia-luxe/vendor/laravel/framework/src/Illuminate/Routing/Route.php(265): Illuminate\\Routing\\ControllerDispatcher->dispatch()
#6 /var/www/indonesia-luxe/vendor/laravel/framework/src/Illuminate/Routing/Route.php(211): Illuminate\\Routing\\Route->runController()
#7 /var/www/indonesia-luxe/vendor/laravel/framework/src/Illuminate/Routing/Router.php(822): Illuminate\\Routing\\Route->run()
#8 /var/www/indonesia-luxe/vendor/laravel/framework/src/Illuminate/Pipeline/Pipeline.php(180): Illuminate\\Routing\\Router->{closure:Illuminate\\Routing\\Router::runRouteWithinStack():821}()
#9 /var/www/indonesia-luxe/vendor/laravel/boost/src/Middleware/InjectBoost.php(22): Illuminate\\Pipeline\\Pipeline->{closure:Illuminate\\Pipeline\\Pipeline::prepareDestination():178}()
#10 /var/www/indonesia-luxe/vendor/laravel/framework/src/Illuminate/Pipeline/Pipeline.php(219): Laravel\\Boost\\Middleware\\InjectBoost->handle()
#11 /var/www/indonesia-luxe/app/Http/Middleware/SetLocale.php(28): Illuminate\\Pipeline\\Pipeline->{closure:{closure:Illuminate\\Pipeline\\Pipeline::carry():194}:195}()
#12 /var/www/indonesia-luxe/vendor/laravel/framework/src/Illuminate/Pipeline/Pipeline.php(219): App\\Http\\Middleware\\SetLocale->handle()
#13 /var/www/indonesia-luxe/vendor/laravel/framework/src/Illuminate/Routing/Middleware/SubstituteBindings.php(50): Illuminate\\Pipeline\\Pipeline->{closure:{closure:Illuminate\\Pipeline\\Pipeline::carry():194}:195}()
#14 /var/www/indonesia-luxe/vendor/laravel/framework/src/Illuminate/Pipeline/Pipeline.php(219): Illuminate\\Routing\\Middleware\\SubstituteBindings->handle()
#15 /var/www/indonesia-luxe/vendor/laravel/framework/src/Illuminate/Foundation/Http/Middleware/VerifyCsrfToken.php(87): Illuminate\\Pipeline\\Pipeline->{closure:{closure:Illuminate\\Pipeline\\Pipeline::carry():194}:195}()
#16 /var/www/indonesia-luxe/vendor/laravel/framework/src/Illuminate/Pipeline/Pipeline.php(219): Illuminate\\Foundation\\Http\\Middleware\\VerifyCsrfToken->handle()
#17 /var/www/indonesia-luxe/vendor/laravel/framework/src/Illuminate/View/Middleware/ShareErrorsFromSession.php(48): Illuminate\\Pipeline\\Pipeline->{closure:{closure:Illuminate\\Pipeline\\Pipeline::carry():194}:195}()
#18 /var/www/indonesia-luxe/vendor/laravel/framework/src/Illuminate/Pipeline/Pipeline.php(219): Illuminate\\View\\Middleware\\ShareErrorsFromSession->handle()
#19 /var/www/indonesia-luxe/vendor/laravel/framework/src/Illuminate/Session/Middleware/StartSession.php(120): Illuminate\\Pipeline\\Pipeline->{closure:{closure:Illuminate\\Pipeline\\Pipeline::carry():194}:195}()
#20 /var/www/indonesia-luxe/vendor/laravel/framework/src/Illuminate/Session/Middleware/StartSession.php(63): Illuminate\\Session\\Middleware\\StartSession->handleStatefulRequest()
#21 /var/www/indonesia-luxe/vendor/laravel/framework/src/Illuminate/Pipeline/Pipeline.php(219): Illuminate\\Session\\Middleware\\StartSession->handle()
#22 /var/www/indonesia-luxe/vendor/laravel/framework/src/Illuminate/Cookie/Middleware/AddQueuedCookiesToResponse.php(36): Illuminate\\Pipeline\\Pipeline->{closure:{closure:Illuminate\\Pipeline\\Pipeline::carry():194}:195}()
#23 /var/www/indonesia-luxe/vendor/laravel/framework/src/Illuminate/Pipeline/Pipeline.php(219): Illuminate\\Cookie\\Middleware\\AddQueuedCookiesToResponse->handle()
#24 /var/www/indonesia-luxe/vendor/laravel/framework/src/Illuminate/Cookie/Middleware/EncryptCookies.php(74): Illuminate\\Pipeline\\Pipeline->{closure:{closure:Illuminate\\Pipeline\\Pipeline::carry():194}:195}()
#25 /var/www/indonesia-luxe/vendor/laravel/framework/src/Illuminate/Pipeline/Pipeline.php(219): Illuminate\\Cookie\\Middleware\\EncryptCookies->handle()
#26 /var/www/indonesia-luxe/vendor/laravel/framework/src/Illuminate/Pipeline/Pipeline.php(137): Illuminate\\Pipeline\\Pipeline->{closure:{closure:Illuminate\\Pipeline\\Pipeline::carry():194}:195}()
#27 /var/www/indonesia-luxe/vendor/laravel/framework/src/Illuminate/Routing/Router.php(821): Illuminate\\Pipeline\\Pipeline->then()
#28 /var/www/indonesia-luxe/vendor/laravel/framework/src/Illuminate/Routing/Router.php(800): Illuminate\\Routing\\Router->runRouteWithinStack()
#29 /var/www/indonesia-luxe/vendor/laravel/framework/src/Illuminate/Routing/Router.php(764): Illuminate\\Routing\\Router->runRoute()
#30 /var/www/indonesia-luxe/vendor/laravel/framework/src/Illuminate/Routing/Router.php(753): Illuminate\\Routing\\Router->dispatchToRoute()
#31 /var/www/indonesia-luxe/vendor/laravel/framework/src/Illuminate/Foundation/Http/Kernel.php(200): Illuminate\\Routing\\Router->dispatch()
#32 /var/www/indonesia-luxe/vendor/laravel/framework/src/Illuminate/Pipeline/Pipeline.php(180): Illuminate\\Foundation\\Http\\Kernel->{closure:Illuminate\\Foundation\\Http\\Kernel::dispatchToRouter():197}()
#33 /var/www/indonesia-luxe/vendor/livewire/livewire/src/Features/SupportDisablingBackButtonCache/DisableBackButtonCacheMiddleware.php(19): Illuminate\\Pipeline\\Pipeline->{closure:Illuminate\\Pipeline\\Pipeline::prepareDestination():178}()
#34 /var/www/indonesia-luxe/vendor/laravel/framework/src/Illuminate/Pipeline/Pipeline.php(219): Livewire\\Features\\SupportDisablingBackButtonCache\\DisableBackButtonCacheMiddleware->handle()
#35 /var/www/indonesia-luxe/vendor/laravel/framework/src/Illuminate/Foundation/Http/Middleware/ConvertEmptyStringsToNull.php(27): Illuminate\\Pipeline\\Pipeline->{closure:{closure:Illuminate\\Pipeline\\Pipeline::carry():194}:195}()
#36 /var/www/indonesia-luxe/vendor/laravel/framework/src/Illuminate/Pipeline/Pipeline.php(219): Illuminate\\Foundation\\Http\\Middleware\\ConvertEmptyStringsToNull->handle()
#37 /var/www/indonesia-luxe/vendor/laravel/framework/src/Illuminate/Foundation/Http/Middleware/TrimStrings.php(47): Illuminate\\Pipeline\\Pipeline->{closure:{closure:Illuminate\\Pipeline\\Pipeline::carry():194}:195}()
#38 /var/www/indonesia-luxe/vendor/laravel/framework/src/Illuminate/Pipeline/Pipeline.php(219): Illuminate\\Foundation\\Http\\Middleware\\TrimStrings->handle()
#39 /var/www/indonesia-luxe/vendor/laravel/framework/src/Illuminate/Http/Middleware/ValidatePostSize.php(27): Illuminate\\Pipeline\\Pipeline->{closure:{closure:Illuminate\\Pipeline\\Pipeline::carry():194}:195}()
#40 /var/www/indonesia-luxe/vendor/laravel/framework/src/Illuminate/Pipeline/Pipeline.php(219): Illuminate\\Http\\Middleware\\ValidatePostSize->handle()
#41 /var/www/indonesia-luxe/vendor/laravel/framework/src/Illuminate/Foundation/Http/Middleware/PreventRequestsDuringMaintenance.php(109): Illuminate\\Pipeline\\Pipeline->{closure:{closure:Illuminate\\Pipeline\\Pipeline::carry():194}:195}()
#42 /var/www/indonesia-luxe/vendor/laravel/framework/src/Illuminate/Pipeline/Pipeline.php(219): Illuminate\\Foundation\\Http\\Middleware\\PreventRequestsDuringMaintenance->handle()
#43 /var/www/indonesia-luxe/vendor/laravel/framework/src/Illuminate/Http/Middleware/HandleCors.php(61): Illuminate\\Pipeline\\Pipeline->{closure:{closure:Illuminate\\Pipeline\\Pipeline::carry():194}:195}()
#44 /var/www/indonesia-luxe/vendor/laravel/framework/src/Illuminate/Pipeline/Pipeline.php(219): Illuminate\\Http\\Middleware\\HandleCors->handle()
#45 /var/www/indonesia-luxe/vendor/laravel/framework/src/Illuminate/Http/Middleware/TrustProxies.php(58): Illuminate\\Pipeline\\Pipeline->{closure:{closure:Illuminate\\Pipeline\\Pipeline::carry():194}:195}()
#46 /var/www/indonesia-luxe/vendor/laravel/framework/src/Illuminate/Pipeline/Pipeline.php(219): Illuminate\\Http\\Middleware\\TrustProxies->handle()
#47 /var/www/indonesia-luxe/vendor/laravel/framework/src/Illuminate/Foundation/Http/Middleware/InvokeDeferredCallbacks.php(22): Illuminate\\Pipeline\\Pipeline->{closure:{closure:Illuminate\\Pipeline\\Pipeline::carry():194}:195}()
#48 /var/www/indonesia-luxe/vendor/laravel/framework/src/Illuminate/Pipeline/Pipeline.php(219): Illuminate\\Foundation\\Http\\Middleware\\InvokeDeferredCallbacks->handle()
#49 /var/www/indonesia-luxe/vendor/laravel/framework/src/Illuminate/Http/Middleware/ValidatePathEncoding.php(26): Illuminate\\Pipeline\\Pipeline->{closure:{closure:Illuminate\\Pipeline\\Pipeline::carry():194}:195}()
#50 /var/www/indonesia-luxe/vendor/laravel/framework/src/Illuminate/Pipeline/Pipeline.php(219): Illuminate\\Http\\Middleware\\ValidatePathEncoding->handle()
#51 /var/www/indonesia-luxe/vendor/laravel/framework/src/Illuminate/Pipeline/Pipeline.php(137): Illuminate\\Pipeline\\Pipeline->{closure:{closure:Illuminate\\Pipeline\\Pipeline::carry():194}:195}()
#52 /var/www/indonesia-luxe/vendor/laravel/framework/src/Illuminate/Foundation/Http/Kernel.php(175): Illuminate\\Pipeline\\Pipeline->then()
#53 /var/www/indonesia-luxe/vendor/laravel/framework/src/Illuminate/Foundation/Http/Kernel.php(144): Illuminate\\Foundation\\Http\\Kernel->sendRequestThroughRouter()
#54 /var/www/indonesia-luxe/vendor/laravel/framework/src/Illuminate/Foundation/Application.php(1220): Illuminate\\Foundation\\Http\\Kernel->handle()
#55 /var/www/indonesia-luxe/public/index.php(20): Illuminate\\Foundation\\Application->handleRequest()
#56 {main}
"} 
[2026-06-11 15:02:16] local.ERROR: Livewire encountered corrupt data when trying to hydrate a component. 
Ensure that the [name, id, data] of the Livewire component wasn't tampered with between requests. {"exception":"[object] (Livewire\\Mechanisms\\HandleComponents\\CorruptComponentPayloadException(code: 0): Livewire encountered corrupt data when trying to hydrate a component. 
Ensure that the [name, id, data] of the Livewire component wasn't tampered with between requests. at /var/www/indonesia-luxe/vendor/livewire/livewire/src/Mechanisms/HandleComponents/Checksum.php:29)
[stacktrace]
#0 /var/www/indonesia-luxe/vendor/livewire/livewire/src/Mechanisms/HandleComponents/HandleComponents.php(244): Livewire\\Mechanisms\\HandleComponents\\Checksum::verify()
#1 /var/www/indonesia-luxe/vendor/livewire/livewire/src/Mechanisms/HandleComponents/HandleComponents.php(210): Livewire\\Mechanisms\\HandleComponents\\HandleComponents->fromSnapshot()
#2 /var/www/indonesia-luxe/vendor/livewire/livewire/src/LivewireManager.php(131): Livewire\\Mechanisms\\HandleComponents\\HandleComponents->update()
#3 /var/www/indonesia-luxe/vendor/livewire/livewire/src/Mechanisms/HandleRequests/HandleRequests.php(156): Livewire\\LivewireManager->update()
#4 /var/www/indonesia-luxe/vendor/laravel/framework/src/Illuminate/Routing/ControllerDispatcher.php(46): Livewire\\Mechanisms\\HandleRequests\\HandleRequests->handleUpdate()
#5 /var/www/indonesia-luxe/vendor/laravel/framework/src/Illuminate/Routing/Route.php(265): Illuminate\\Routing\\ControllerDispatcher->dispatch()
#6 /var/www/indonesia-luxe/vendor/laravel/framework/src/Illuminate/Routing/Route.php(211): Illuminate\\Routing\\Route->runController()
#7 /var/www/indonesia-luxe/vendor/laravel/framework/src/Illuminate/Routing/Router.php(822): Illuminate\\Routing\\Route->run()
#8 /var/www/indonesia-luxe/vendor/laravel/framework/src/Illuminate/Pipeline/Pipeline.php(180): Illuminate\\Routing\\Router->{closure:Illuminate\\Routing\\Router::runRouteWithinStack():821}()
#9 /var/www/indonesia-luxe/vendor/laravel/boost/src/Middleware/InjectBoost.php(22): Illuminate\\Pipeline\\Pipeline->{closure:Illuminate\\Pipeline\\Pipeline::prepareDestination():178}()
#10 /var/www/indonesia-luxe/vendor/laravel/framework/src/Illuminate/Pipeline/Pipeline.php(219): Laravel\\Boost\\Middleware\\InjectBoost->handle()
#11 /var/www/indonesia-luxe/app/Http/Middleware/SetLocale.php(28): Illuminate\\Pipeline\\Pipeline->{closure:{closure:Illuminate\\Pipeline\\Pipeline::carry():194}:195}()
#12 /var/www/indonesia-luxe/vendor/laravel/framework/src/Illuminate/Pipeline/Pipeline.php(219): App\\Http\\Middleware\\SetLocale->handle()
#13 /var/www/indonesia-luxe/vendor/laravel/framework/src/Illuminate/Routing/Middleware/SubstituteBindings.php(50): Illuminate\\Pipeline\\Pipeline->{closure:{closure:Illuminate\\Pipeline\\Pipeline::carry():194}:195}()
#14 /var/www/indonesia-luxe/vendor/laravel/framework/src/Illuminate/Pipeline/Pipeline.php(219): Illuminate\\Routing\\Middleware\\SubstituteBindings->handle()
#15 /var/www/indonesia-luxe/vendor/laravel/framework/src/Illuminate/Foundation/Http/Middleware/VerifyCsrfToken.php(87): Illuminate\\Pipeline\\Pipeline->{closure:{closure:Illuminate\\Pipeline\\Pipeline::carry():194}:195}()
#16 /var/www/indonesia-luxe/vendor/laravel/framework/src/Illuminate/Pipeline/Pipeline.php(219): Illuminate\\Foundation\\Http\\Middleware\\VerifyCsrfToken->handle()
#17 /var/www/indonesia-luxe/vendor/laravel/framework/src/Illuminate/View/Middleware/ShareErrorsFromSession.php(48): Illuminate\\Pipeline\\Pipeline->{closure:{closure:Illuminate\\Pipeline\\Pipeline::carry():194}:195}()
#18 /var/www/indonesia-luxe/vendor/laravel/framework/src/Illuminate/Pipeline/Pipeline.php(219): Illuminate\\View\\Middleware\\ShareErrorsFromSession->handle()
#19 /var/www/indonesia-luxe/vendor/laravel/framework/src/Illuminate/Session/Middleware/StartSession.php(120): Illuminate\\Pipeline\\Pipeline->{closure:{closure:Illuminate\\Pipeline\\Pipeline::carry():194}:195}()
#20 /var/www/indonesia-luxe/vendor/laravel/framework/src/Illuminate/Session/Middleware/StartSession.php(63): Illuminate\\Session\\Middleware\\StartSession->handleStatefulRequest()
#21 /var/www/indonesia-luxe/vendor/laravel/framework/src/Illuminate/Pipeline/Pipeline.php(219): Illuminate\\Session\\Middleware\\StartSession->handle()
#22 /var/www/indonesia-luxe/vendor/laravel/framework/src/Illuminate/Cookie/Middleware/AddQueuedCookiesToResponse.php(36): Illuminate\\Pipeline\\Pipeline->{closure:{closure:Illuminate\\Pipeline\\Pipeline::carry():194}:195}()
#23 /var/www/indonesia-luxe/vendor/laravel/framework/src/Illuminate/Pipeline/Pipeline.php(219): Illuminate\\Cookie\\Middleware\\AddQueuedCookiesToResponse->handle()
#24 /var/www/indonesia-luxe/vendor/laravel/framework/src/Illuminate/Cookie/Middleware/EncryptCookies.php(74): Illuminate\\Pipeline\\Pipeline->{closure:{closure:Illuminate\\Pipeline\\Pipeline::carry():194}:195}()
#25 /var/www/indonesia-luxe/vendor/laravel/framework/src/Illuminate/Pipeline/Pipeline.php(219): Illuminate\\Cookie\\Middleware\\EncryptCookies->handle()
#26 /var/www/indonesia-luxe/vendor/laravel/framework/src/Illuminate/Pipeline/Pipeline.php(137): Illuminate\\Pipeline\\Pipeline->{closure:{closure:Illuminate\\Pipeline\\Pipeline::carry():194}:195}()
#27 /var/www/indonesia-luxe/vendor/laravel/framework/src/Illuminate/Routing/Router.php(821): Illuminate\\Pipeline\\Pipeline->then()
#28 /var/www/indonesia-luxe/vendor/laravel/framework/src/Illuminate/Routing/Router.php(800): Illuminate\\Routing\\Router->runRouteWithinStack()
#29 /var/www/indonesia-luxe/vendor/laravel/framework/src/Illuminate/Routing/Router.php(764): Illuminate\\Routing\\Router->runRoute()
#30 /var/www/indonesia-luxe/vendor/laravel/framework/src/Illuminate/Routing/Router.php(753): Illuminate\\Routing\\Router->dispatchToRoute()
#31 /var/www/indonesia-luxe/vendor/laravel/framework/src/Illuminate/Foundation/Http/Kernel.php(200): Illuminate\\Routing\\Router->dispatch()
#32 /var/www/indonesia-luxe/vendor/laravel/framework/src/Illuminate/Pipeline/Pipeline.php(180): Illuminate\\Foundation\\Http\\Kernel->{closure:Illuminate\\Foundation\\Http\\Kernel::dispatchToRouter():197}()
#33 /var/www/indonesia-luxe/vendor/livewire/livewire/src/Features/SupportDisablingBackButtonCache/DisableBackButtonCacheMiddleware.php(19): Illuminate\\Pipeline\\Pipeline->{closure:Illuminate\\Pipeline\\Pipeline::prepareDestination():178}()
#34 /var/www/indonesia-luxe/vendor/laravel/framework/src/Illuminate/Pipeline/Pipeline.php(219): Livewire\\Features\\SupportDisablingBackButtonCache\\DisableBackButtonCacheMiddleware->handle()
#35 /var/www/indonesia-luxe/vendor/laravel/framework/src/Illuminate/Foundation/Http/Middleware/ConvertEmptyStringsToNull.php(27): Illuminate\\Pipeline\\Pipeline->{closure:{closure:Illuminate\\Pipeline\\Pipeline::carry():194}:195}()
#36 /var/www/indonesia-luxe/vendor/laravel/framework/src/Illuminate/Pipeline/Pipeline.php(219): Illuminate\\Foundation\\Http\\Middleware\\ConvertEmptyStringsToNull->handle()
#37 /var/www/indonesia-luxe/vendor/laravel/framework/src/Illuminate/Foundation/Http/Middleware/TrimStrings.php(47): Illuminate\\Pipeline\\Pipeline->{closure:{closure:Illuminate\\Pipeline\\Pipeline::carry():194}:195}()
#38 /var/www/indonesia-luxe/vendor/laravel/framework/src/Illuminate/Pipeline/Pipeline.php(219): Illuminate\\Foundation\\Http\\Middleware\\TrimStrings->handle()
#39 /var/www/indonesia-luxe/vendor/laravel/framework/src/Illuminate/Http/Middleware/ValidatePostSize.php(27): Illuminate\\Pipeline\\Pipeline->{closure:{closure:Illuminate\\Pipeline\\Pipeline::carry():194}:195}()
#40 /var/www/indonesia-luxe/vendor/laravel/framework/src/Illuminate/Pipeline/Pipeline.php(219): Illuminate\\Http\\Middleware\\ValidatePostSize->handle()
#41 /var/www/indonesia-luxe/vendor/laravel/framework/src/Illuminate/Foundation/Http/Middleware/PreventRequestsDuringMaintenance.php(109): Illuminate\\Pipeline\\Pipeline->{closure:{closure:Illuminate\\Pipeline\\Pipeline::carry():194}:195}()
#42 /var/www/indonesia-luxe/vendor/laravel/framework/src/Illuminate/Pipeline/Pipeline.php(219): Illuminate\\Foundation\\Http\\Middleware\\PreventRequestsDuringMaintenance->handle()
#43 /var/www/indonesia-luxe/vendor/laravel/framework/src/Illuminate/Http/Middleware/HandleCors.php(61): Illuminate\\Pipeline\\Pipeline->{closure:{closure:Illuminate\\Pipeline\\Pipeline::carry():194}:195}()
#44 /var/www/indonesia-luxe/vendor/laravel/framework/src/Illuminate/Pipeline/Pipeline.php(219): Illuminate\\Http\\Middleware\\HandleCors->handle()
#45 /var/www/indonesia-luxe/vendor/laravel/framework/src/Illuminate/Http/Middleware/TrustProxies.php(58): Illuminate\\Pipeline\\Pipeline->{closure:{closure:Illuminate\\Pipeline\\Pipeline::carry():194}:195}()
#46 /var/www/indonesia-luxe/vendor/laravel/framework/src/Illuminate/Pipeline/Pipeline.php(219): Illuminate\\Http\\Middleware\\TrustProxies->handle()
#47 /var/www/indonesia-luxe/vendor/laravel/framework/src/Illuminate/Foundation/Http/Middleware/InvokeDeferredCallbacks.php(22): Illuminate\\Pipeline\\Pipeline->{closure:{closure:Illuminate\\Pipeline\\Pipeline::carry():194}:195}()
#48 /var/www/indonesia-luxe/vendor/laravel/framework/src/Illuminate/Pipeline/Pipeline.php(219): Illuminate\\Foundation\\Http\\Middleware\\InvokeDeferredCallbacks->handle()
#49 /var/www/indonesia-luxe/vendor/laravel/framework/src/Illuminate/Http/Middleware/ValidatePathEncoding.php(26): Illuminate\\Pipeline\\Pipeline->{closure:{closure:Illuminate\\Pipeline\\Pipeline::carry():194}:195}()
#50 /var/www/indonesia-luxe/vendor/laravel/framework/src/Illuminate/Pipeline/Pipeline.php(219): Illuminate\\Http\\Middleware\\ValidatePathEncoding->handle()
#51 /var/www/indonesia-luxe/vendor/laravel/framework/src/Illuminate/Pipeline/Pipeline.php(137): Illuminate\\Pipeline\\Pipeline->{closure:{closure:Illuminate\\Pipeline\\Pipeline::carry():194}:195}()
#52 /var/www/indonesia-luxe/vendor/laravel/framework/src/Illuminate/Foundation/Http/Kernel.php(175): Illuminate\\Pipeline\\Pipeline->then()
#53 /var/www/indonesia-luxe/vendor/laravel/framework/src/Illuminate/Foundation/Http/Kernel.php(144): Illuminate\\Foundation\\Http\\Kernel->sendRequestThroughRouter()
#54 /var/www/indonesia-luxe/vendor/laravel/framework/src/Illuminate/Foundation/Application.php(1220): Illuminate\\Foundation\\Http\\Kernel->handle()
#55 /var/www/indonesia-luxe/public/index.php(20): Illuminate\\Foundation\\Application->handleRequest()
#56 {main}
"} 
[2026-06-11 15:02:23] local.ERROR: Livewire encountered corrupt data when trying to hydrate a component. 
Ensure that the [name, id, data] of the Livewire component wasn't tampered with between requests. {"exception":"[object] (Livewire\\Mechanisms\\HandleComponents\\CorruptComponentPayloadException(code: 0): Livewire encountered corrupt data when trying to hydrate a component. 
Ensure that the [name, id, data] of the Livewire component wasn't tampered with between requests. at /var/www/indonesia-luxe/vendor/livewire/livewire/src/Mechanisms/HandleComponents/Checksum.php:29)
[stacktrace]
#0 /var/www/indonesia-luxe/vendor/livewire/livewire/src/Mechanisms/HandleComponents/HandleComponents.php(244): Livewire\\Mechanisms\\HandleComponents\\Checksum::verify()
#1 /var/www/indonesia-luxe/vendor/livewire/livewire/src/Mechanisms/HandleComponents/HandleComponents.php(210): Livewire\\Mechanisms\\HandleComponents\\HandleComponents->fromSnapshot()
#2 /var/www/indonesia-luxe/vendor/livewire/livewire/src/LivewireManager.php(131): Livewire\\Mechanisms\\HandleComponents\\HandleComponents->update()
#3 /var/www/indonesia-luxe/vendor/livewire/livewire/src/Mechanisms/HandleRequests/HandleRequests.php(156): Livewire\\LivewireManager->update()
#4 /var/www/indonesia-luxe/vendor/laravel/framework/src/Illuminate/Routing/ControllerDispatcher.php(46): Livewire\\Mechanisms\\HandleRequests\\HandleRequests->handleUpdate()
#5 /var/www/indonesia-luxe/vendor/laravel/framework/src/Illuminate/Routing/Route.php(265): Illuminate\\Routing\\ControllerDispatcher->dispatch()
#6 /var/www/indonesia-luxe/vendor/laravel/framework/src/Illuminate/Routing/Route.php(211): Illuminate\\Routing\\Route->runController()
#7 /var/www/indonesia-luxe/vendor/laravel/framework/src/Illuminate/Routing/Router.php(822): Illuminate\\Routing\\Route->run()
#8 /var/www/indonesia-luxe/vendor/laravel/framework/src/Illuminate/Pipeline/Pipeline.php(180): Illuminate\\Routing\\Router->{closure:Illuminate\\Routing\\Router::runRouteWithinStack():821}()
#9 /var/www/indonesia-luxe/vendor/laravel/boost/src/Middleware/InjectBoost.php(22): Illuminate\\Pipeline\\Pipeline->{closure:Illuminate\\Pipeline\\Pipeline::prepareDestination():178}()
#10 /var/www/indonesia-luxe/vendor/laravel/framework/src/Illuminate/Pipeline/Pipeline.php(219): Laravel\\Boost\\Middleware\\InjectBoost->handle()
#11 /var/www/indonesia-luxe/app/Http/Middleware/SetLocale.php(28): Illuminate\\Pipeline\\Pipeline->{closure:{closure:Illuminate\\Pipeline\\Pipeline::carry():194}:195}()
#12 /var/www/indonesia-luxe/vendor/laravel/framework/src/Illuminate/Pipeline/Pipeline.php(219): App\\Http\\Middleware\\SetLocale->handle()
#13 /var/www/indonesia-luxe/vendor/laravel/framework/src/Illuminate/Routing/Middleware/SubstituteBindings.php(50): Illuminate\\Pipeline\\Pipeline->{closure:{closure:Illuminate\\Pipeline\\Pipeline::carry():194}:195}()
#14 /var/www/indonesia-luxe/vendor/laravel/framework/src/Illuminate/Pipeline/Pipeline.php(219): Illuminate\\Routing\\Middleware\\SubstituteBindings->handle()
#15 /var/www/indonesia-luxe/vendor/laravel/framework/src/Illuminate/Foundation/Http/Middleware/VerifyCsrfToken.php(87): Illuminate\\Pipeline\\Pipeline->{closure:{closure:Illuminate\\Pipeline\\Pipeline::carry():194}:195}()
#16 /var/www/indonesia-luxe/vendor/laravel/framework/src/Illuminate/Pipeline/Pipeline.php(219): Illuminate\\Foundation\\Http\\Middleware\\VerifyCsrfToken->handle()
#17 /var/www/indonesia-luxe/vendor/laravel/framework/src/Illuminate/View/Middleware/ShareErrorsFromSession.php(48): Illuminate\\Pipeline\\Pipeline->{closure:{closure:Illuminate\\Pipeline\\Pipeline::carry():194}:195}()
#18 /var/www/indonesia-luxe/vendor/laravel/framework/src/Illuminate/Pipeline/Pipeline.php(219): Illuminate\\View\\Middleware\\ShareErrorsFromSession->handle()
#19 /var/www/indonesia-luxe/vendor/laravel/framework/src/Illuminate/Session/Middleware/StartSession.php(120): Illuminate\\Pipeline\\Pipeline->{closure:{closure:Illuminate\\Pipeline\\Pipeline::carry():194}:195}()
#20 /var/www/indonesia-luxe/vendor/laravel/framework/src/Illuminate/Session/Middleware/StartSession.php(63): Illuminate\\Session\\Middleware\\StartSession->handleStatefulRequest()
#21 /var/www/indonesia-luxe/vendor/laravel/framework/src/Illuminate/Pipeline/Pipeline.php(219): Illuminate\\Session\\Middleware\\StartSession->handle()
#22 /var/www/indonesia-luxe/vendor/laravel/framework/src/Illuminate/Cookie/Middleware/AddQueuedCookiesToResponse.php(36): Illuminate\\Pipeline\\Pipeline->{closure:{closure:Illuminate\\Pipeline\\Pipeline::carry():194}:195}()
#23 /var/www/indonesia-luxe/vendor/laravel/framework/src/Illuminate/Pipeline/Pipeline.php(219): Illuminate\\Cookie\\Middleware\\AddQueuedCookiesToResponse->handle()
#24 /var/www/indonesia-luxe/vendor/laravel/framework/src/Illuminate/Cookie/Middleware/EncryptCookies.php(74): Illuminate\\Pipeline\\Pipeline->{closure:{closure:Illuminate\\Pipeline\\Pipeline::carry():194}:195}()
#25 /var/www/indonesia-luxe/vendor/laravel/framework/src/Illuminate/Pipeline/Pipeline.php(219): Illuminate\\Cookie\\Middleware\\EncryptCookies->handle()
#26 /var/www/indonesia-luxe/vendor/laravel/framework/src/Illuminate/Pipeline/Pipeline.php(137): Illuminate\\Pipeline\\Pipeline->{closure:{closure:Illuminate\\Pipeline\\Pipeline::carry():194}:195}()
#27 /var/www/indonesia-luxe/vendor/laravel/framework/src/Illuminate/Routing/Router.php(821): Illuminate\\Pipeline\\Pipeline->then()
#28 /var/www/indonesia-luxe/vendor/laravel/framework/src/Illuminate/Routing/Router.php(800): Illuminate\\Routing\\Router->runRouteWithinStack()
#29 /var/www/indonesia-luxe/vendor/laravel/framework/src/Illuminate/Routing/Router.php(764): Illuminate\\Routing\\Router->runRoute()
#30 /var/www/indonesia-luxe/vendor/laravel/framework/src/Illuminate/Routing/Router.php(753): Illuminate\\Routing\\Router->dispatchToRoute()
#31 /var/www/indonesia-luxe/vendor/laravel/framework/src/Illuminate/Foundation/Http/Kernel.php(200): Illuminate\\Routing\\Router->dispatch()
#32 /var/www/indonesia-luxe/vendor/laravel/framework/src/Illuminate/Pipeline/Pipeline.php(180): Illuminate\\Foundation\\Http\\Kernel->{closure:Illuminate\\Foundation\\Http\\Kernel::dispatchToRouter():197}()
#33 /var/www/indonesia-luxe/vendor/livewire/livewire/src/Features/SupportDisablingBackButtonCache/DisableBackButtonCacheMiddleware.php(19): Illuminate\\Pipeline\\Pipeline->{closure:Illuminate\\Pipeline\\Pipeline::prepareDestination():178}()
#34 /var/www/indonesia-luxe/vendor/laravel/framework/src/Illuminate/Pipeline/Pipeline.php(219): Livewire\\Features\\SupportDisablingBackButtonCache\\DisableBackButtonCacheMiddleware->handle()
#35 /var/www/indonesia-luxe/vendor/laravel/framework/src/Illuminate/Foundation/Http/Middleware/ConvertEmptyStringsToNull.php(27): Illuminate\\Pipeline\\Pipeline->{closure:{closure:Illuminate\\Pipeline\\Pipeline::carry():194}:195}()
#36 /var/www/indonesia-luxe/vendor/laravel/framework/src/Illuminate/Pipeline/Pipeline.php(219): Illuminate\\Foundation\\Http\\Middleware\\ConvertEmptyStringsToNull->handle()
#37 /var/www/indonesia-luxe/vendor/laravel/framework/src/Illuminate/Foundation/Http/Middleware/TrimStrings.php(47): Illuminate\\Pipeline\\Pipeline->{closure:{closure:Illuminate\\Pipeline\\Pipeline::carry():194}:195}()
#38 /var/www/indonesia-luxe/vendor/laravel/framework/src/Illuminate/Pipeline/Pipeline.php(219): Illuminate\\Foundation\\Http\\Middleware\\TrimStrings->handle()
#39 /var/www/indonesia-luxe/vendor/laravel/framework/src/Illuminate/Http/Middleware/ValidatePostSize.php(27): Illuminate\\Pipeline\\Pipeline->{closure:{closure:Illuminate\\Pipeline\\Pipeline::carry():194}:195}()
#40 /var/www/indonesia-luxe/vendor/laravel/framework/src/Illuminate/Pipeline/Pipeline.php(219): Illuminate\\Http\\Middleware\\ValidatePostSize->handle()
#41 /var/www/indonesia-luxe/vendor/laravel/framework/src/Illuminate/Foundation/Http/Middleware/PreventRequestsDuringMaintenance.php(109): Illuminate\\Pipeline\\Pipeline->{closure:{closure:Illuminate\\Pipeline\\Pipeline::carry():194}:195}()
#42 /var/www/indonesia-luxe/vendor/laravel/framework/src/Illuminate/Pipeline/Pipeline.php(219): Illuminate\\Foundation\\Http\\Middleware\\PreventRequestsDuringMaintenance->handle()
#43 /var/www/indonesia-luxe/vendor/laravel/framework/src/Illuminate/Http/Middleware/HandleCors.php(61): Illuminate\\Pipeline\\Pipeline->{closure:{closure:Illuminate\\Pipeline\\Pipeline::carry():194}:195}()
#44 /var/www/indonesia-luxe/vendor/laravel/framework/src/Illuminate/Pipeline/Pipeline.php(219): Illuminate\\Http\\Middleware\\HandleCors->handle()
#45 /var/www/indonesia-luxe/vendor/laravel/framework/src/Illuminate/Http/Middleware/TrustProxies.php(58): Illuminate\\Pipeline\\Pipeline->{closure:{closure:Illuminate\\Pipeline\\Pipeline::carry():194}:195}()
#46 /var/www/indonesia-luxe/vendor/laravel/framework/src/Illuminate/Pipeline/Pipeline.php(219): Illuminate\\Http\\Middleware\\TrustProxies->handle()
#47 /var/www/indonesia-luxe/vendor/laravel/framework/src/Illuminate/Foundation/Http/Middleware/InvokeDeferredCallbacks.php(22): Illuminate\\Pipeline\\Pipeline->{closure:{closure:Illuminate\\Pipeline\\Pipeline::carry():194}:195}()
#48 /var/www/indonesia-luxe/vendor/laravel/framework/src/Illuminate/Pipeline/Pipeline.php(219): Illuminate\\Foundation\\Http\\Middleware\\InvokeDeferredCallbacks->handle()
#49 /var/www/indonesia-luxe/vendor/laravel/framework/src/Illuminate/Http/Middleware/ValidatePathEncoding.php(26): Illuminate\\Pipeline\\Pipeline->{closure:{closure:Illuminate\\Pipeline\\Pipeline::carry():194}:195}()
#50 /var/www/indonesia-luxe/vendor/laravel/framework/src/Illuminate/Pipeline/Pipeline.php(219): Illuminate\\Http\\Middleware\\ValidatePathEncoding->handle()
#51 /var/www/indonesia-luxe/vendor/laravel/framework/src/Illuminate/Pipeline/Pipeline.php(137): Illuminate\\Pipeline\\Pipeline->{closure:{closure:Illuminate\\Pipeline\\Pipeline::carry():194}:195}()
#52 /var/www/indonesia-luxe/vendor/laravel/framework/src/Illuminate/Foundation/Http/Kernel.php(175): Illuminate\\Pipeline\\Pipeline->then()
#53 /var/www/indonesia-luxe/vendor/laravel/framework/src/Illuminate/Foundation/Http/Kernel.php(144): Illuminate\\Foundation\\Http\\Kernel->sendRequestThroughRouter()
#54 /var/www/indonesia-luxe/vendor/laravel/framework/src/Illuminate/Foundation/Application.php(1220): Illuminate\\Foundation\\Http\\Kernel->handle()
#55 /var/www/indonesia-luxe/public/index.php(20): Illuminate\\Foundation\\Application->handleRequest()
#56 {main}
"} 
[2026-06-11 15:02:27] local.ERROR: Livewire encountered corrupt data when trying to hydrate a component. 
Ensure that the [name, id, data] of the Livewire component wasn't tampered with between requests. {"exception":"[object] (Livewire\\Mechanisms\\HandleComponents\\CorruptComponentPayloadException(code: 0): Livewire encountered corrupt data when trying to hydrate a component. 
Ensure that the [name, id, data] of the Livewire component wasn't tampered with between requests. at /var/www/indonesia-luxe/vendor/livewire/livewire/src/Mechanisms/HandleComponents/Checksum.php:29)
[stacktrace]
#0 /var/www/indonesia-luxe/vendor/livewire/livewire/src/Mechanisms/HandleComponents/HandleComponents.php(244): Livewire\\Mechanisms\\HandleComponents\\Checksum::verify()
#1 /var/www/indonesia-luxe/vendor/livewire/livewire/src/Mechanisms/HandleComponents/HandleComponents.php(210): Livewire\\Mechanisms\\HandleComponents\\HandleComponents->fromSnapshot()
#2 /var/www/indonesia-luxe/vendor/livewire/livewire/src/LivewireManager.php(131): Livewire\\Mechanisms\\HandleComponents\\HandleComponents->update()
#3 /var/www/indonesia-luxe/vendor/livewire/livewire/src/Mechanisms/HandleRequests/HandleRequests.php(156): Livewire\\LivewireManager->update()
#4 /var/www/indonesia-luxe/vendor/laravel/framework/src/Illuminate/Routing/ControllerDispatcher.php(46): Livewire\\Mechanisms\\HandleRequests\\HandleRequests->handleUpdate()
#5 /var/www/indonesia-luxe/vendor/laravel/framework/src/Illuminate/Routing/Route.php(265): Illuminate\\Routing\\ControllerDispatcher->dispatch()
#6 /var/www/indonesia-luxe/vendor/laravel/framework/src/Illuminate/Routing/Route.php(211): Illuminate\\Routing\\Route->runController()
#7 /var/www/indonesia-luxe/vendor/laravel/framework/src/Illuminate/Routing/Router.php(822): Illuminate\\Routing\\Route->run()
#8 /var/www/indonesia-luxe/vendor/laravel/framework/src/Illuminate/Pipeline/Pipeline.php(180): Illuminate\\Routing\\Router->{closure:Illuminate\\Routing\\Router::runRouteWithinStack():821}()
#9 /var/www/indonesia-luxe/vendor/laravel/boost/src/Middleware/InjectBoost.php(22): Illuminate\\Pipeline\\Pipeline->{closure:Illuminate\\Pipeline\\Pipeline::prepareDestination():178}()
#10 /var/www/indonesia-luxe/vendor/laravel/framework/src/Illuminate/Pipeline/Pipeline.php(219): Laravel\\Boost\\Middleware\\InjectBoost->handle()
#11 /var/www/indonesia-luxe/app/Http/Middleware/SetLocale.php(28): Illuminate\\Pipeline\\Pipeline->{closure:{closure:Illuminate\\Pipeline\\Pipeline::carry():194}:195}()
#12 /var/www/indonesia-luxe/vendor/laravel/framework/src/Illuminate/Pipeline/Pipeline.php(219): App\\Http\\Middleware\\SetLocale->handle()
#13 /var/www/indonesia-luxe/vendor/laravel/framework/src/Illuminate/Routing/Middleware/SubstituteBindings.php(50): Illuminate\\Pipeline\\Pipeline->{closure:{closure:Illuminate\\Pipeline\\Pipeline::carry():194}:195}()
#14 /var/www/indonesia-luxe/vendor/laravel/framework/src/Illuminate/Pipeline/Pipeline.php(219): Illuminate\\Routing\\Middleware\\SubstituteBindings->handle()
#15 /var/www/indonesia-luxe/vendor/laravel/framework/src/Illuminate/Foundation/Http/Middleware/VerifyCsrfToken.php(87): Illuminate\\Pipeline\\Pipeline->{closure:{closure:Illuminate\\Pipeline\\Pipeline::carry():194}:195}()
#16 /var/www/indonesia-luxe/vendor/laravel/framework/src/Illuminate/Pipeline/Pipeline.php(219): Illuminate\\Foundation\\Http\\Middleware\\VerifyCsrfToken->handle()
#17 /var/www/indonesia-luxe/vendor/laravel/framework/src/Illuminate/View/Middleware/ShareErrorsFromSession.php(48): Illuminate\\Pipeline\\Pipeline->{closure:{closure:Illuminate\\Pipeline\\Pipeline::carry():194}:195}()
#18 /var/www/indonesia-luxe/vendor/laravel/framework/src/Illuminate/Pipeline/Pipeline.php(219): Illuminate\\View\\Middleware\\ShareErrorsFromSession->handle()
#19 /var/www/indonesia-luxe/vendor/laravel/framework/src/Illuminate/Session/Middleware/StartSession.php(120): Illuminate\\Pipeline\\Pipeline->{closure:{closure:Illuminate\\Pipeline\\Pipeline::carry():194}:195}()
#20 /var/www/indonesia-luxe/vendor/laravel/framework/src/Illuminate/Session/Middleware/StartSession.php(63): Illuminate\\Session\\Middleware\\StartSession->handleStatefulRequest()
#21 /var/www/indonesia-luxe/vendor/laravel/framework/src/Illuminate/Pipeline/Pipeline.php(219): Illuminate\\Session\\Middleware\\StartSession->handle()
#22 /var/www/indonesia-luxe/vendor/laravel/framework/src/Illuminate/Cookie/Middleware/AddQueuedCookiesToResponse.php(36): Illuminate\\Pipeline\\Pipeline->{closure:{closure:Illuminate\\Pipeline\\Pipeline::carry():194}:195}()
#23 /var/www/indonesia-luxe/vendor/laravel/framework/src/Illuminate/Pipeline/Pipeline.php(219): Illuminate\\Cookie\\Middleware\\AddQueuedCookiesToResponse->handle()
#24 /var/www/indonesia-luxe/vendor/laravel/framework/src/Illuminate/Cookie/Middleware/EncryptCookies.php(74): Illuminate\\Pipeline\\Pipeline->{closure:{closure:Illuminate\\Pipeline\\Pipeline::carry():194}:195}()
#25 /var/www/indonesia-luxe/vendor/laravel/framework/src/Illuminate/Pipeline/Pipeline.php(219): Illuminate\\Cookie\\Middleware\\EncryptCookies->handle()
#26 /var/www/indonesia-luxe/vendor/laravel/framework/src/Illuminate/Pipeline/Pipeline.php(137): Illuminate\\Pipeline\\Pipeline->{closure:{closure:Illuminate\\Pipeline\\Pipeline::carry():194}:195}()
#27 /var/www/indonesia-luxe/vendor/laravel/framework/src/Illuminate/Routing/Router.php(821): Illuminate\\Pipeline\\Pipeline->then()
#28 /var/www/indonesia-luxe/vendor/laravel/framework/src/Illuminate/Routing/Router.php(800): Illuminate\\Routing\\Router->runRouteWithinStack()
#29 /var/www/indonesia-luxe/vendor/laravel/framework/src/Illuminate/Routing/Router.php(764): Illuminate\\Routing\\Router->runRoute()
#30 /var/www/indonesia-luxe/vendor/laravel/framework/src/Illuminate/Routing/Router.php(753): Illuminate\\Routing\\Router->dispatchToRoute()
#31 /var/www/indonesia-luxe/vendor/laravel/framework/src/Illuminate/Foundation/Http/Kernel.php(200): Illuminate\\Routing\\Router->dispatch()
#32 /var/www/indonesia-luxe/vendor/laravel/framework/src/Illuminate/Pipeline/Pipeline.php(180): Illuminate\\Foundation\\Http\\Kernel->{closure:Illuminate\\Foundation\\Http\\Kernel::dispatchToRouter():197}()
#33 /var/www/indonesia-luxe/vendor/livewire/livewire/src/Features/SupportDisablingBackButtonCache/DisableBackButtonCacheMiddleware.php(19): Illuminate\\Pipeline\\Pipeline->{closure:Illuminate\\Pipeline\\Pipeline::prepareDestination():178}()
#34 /var/www/indonesia-luxe/vendor/laravel/framework/src/Illuminate/Pipeline/Pipeline.php(219): Livewire\\Features\\SupportDisablingBackButtonCache\\DisableBackButtonCacheMiddleware->handle()
#35 /var/www/indonesia-luxe/vendor/laravel/framework/src/Illuminate/Foundation/Http/Middleware/ConvertEmptyStringsToNull.php(27): Illuminate\\Pipeline\\Pipeline->{closure:{closure:Illuminate\\Pipeline\\Pipeline::carry():194}:195}()
#36 /var/www/indonesia-luxe/vendor/laravel/framework/src/Illuminate/Pipeline/Pipeline.php(219): Illuminate\\Foundation\\Http\\Middleware\\ConvertEmptyStringsToNull->handle()
#37 /var/www/indonesia-luxe/vendor/laravel/framework/src/Illuminate/Foundation/Http/Middleware/TrimStrings.php(47): Illuminate\\Pipeline\\Pipeline->{closure:{closure:Illuminate\\Pipeline\\Pipeline::carry():194}:195}()
#38 /var/www/indonesia-luxe/vendor/laravel/framework/src/Illuminate/Pipeline/Pipeline.php(219): Illuminate\\Foundation\\Http\\Middleware\\TrimStrings->handle()
#39 /var/www/indonesia-luxe/vendor/laravel/framework/src/Illuminate/Http/Middleware/ValidatePostSize.php(27): Illuminate\\Pipeline\\Pipeline->{closure:{closure:Illuminate\\Pipeline\\Pipeline::carry():194}:195}()
#40 /var/www/indonesia-luxe/vendor/laravel/framework/src/Illuminate/Pipeline/Pipeline.php(219): Illuminate\\Http\\Middleware\\ValidatePostSize->handle()
#41 /var/www/indonesia-luxe/vendor/laravel/framework/src/Illuminate/Foundation/Http/Middleware/PreventRequestsDuringMaintenance.php(109): Illuminate\\Pipeline\\Pipeline->{closure:{closure:Illuminate\\Pipeline\\Pipeline::carry():194}:195}()
#42 /var/www/indonesia-luxe/vendor/laravel/framework/src/Illuminate/Pipeline/Pipeline.php(219): Illuminate\\Foundation\\Http\\Middleware\\PreventRequestsDuringMaintenance->handle()
#43 /var/www/indonesia-luxe/vendor/laravel/framework/src/Illuminate/Http/Middleware/HandleCors.php(61): Illuminate\\Pipeline\\Pipeline->{closure:{closure:Illuminate\\Pipeline\\Pipeline::carry():194}:195}()
#44 /var/www/indonesia-luxe/vendor/laravel/framework/src/Illuminate/Pipeline/Pipeline.php(219): Illuminate\\Http\\Middleware\\HandleCors->handle()
#45 /var/www/indonesia-luxe/vendor/laravel/framework/src/Illuminate/Http/Middleware/TrustProxies.php(58): Illuminate\\Pipeline\\Pipeline->{closure:{closure:Illuminate\\Pipeline\\Pipeline::carry():194}:195}()
#46 /var/www/indonesia-luxe/vendor/laravel/framework/src/Illuminate/Pipeline/Pipeline.php(219): Illuminate\\Http\\Middleware\\TrustProxies->handle()
#47 /var/www/indonesia-luxe/vendor/laravel/framework/src/Illuminate/Foundation/Http/Middleware/InvokeDeferredCallbacks.php(22): Illuminate\\Pipeline\\Pipeline->{closure:{closure:Illuminate\\Pipeline\\Pipeline::carry():194}:195}()
#48 /var/www/indonesia-luxe/vendor/laravel/framework/src/Illuminate/Pipeline/Pipeline.php(219): Illuminate\\Foundation\\Http\\Middleware\\InvokeDeferredCallbacks->handle()
#49 /var/www/indonesia-luxe/vendor/laravel/framework/src/Illuminate/Http/Middleware/ValidatePathEncoding.php(26): Illuminate\\Pipeline\\Pipeline->{closure:{closure:Illuminate\\Pipeline\\Pipeline::carry():194}:195}()
#50 /var/www/indonesia-luxe/vendor/laravel/framework/src/Illuminate/Pipeline/Pipeline.php(219): Illuminate\\Http\\Middleware\\ValidatePathEncoding->handle()
#51 /var/www/indonesia-luxe/vendor/laravel/framework/src/Illuminate/Pipeline/Pipeline.php(137): Illuminate\\Pipeline\\Pipeline->{closure:{closure:Illuminate\\Pipeline\\Pipeline::carry():194}:195}()
#52 /var/www/indonesia-luxe/vendor/laravel/framework/src/Illuminate/Foundation/Http/Kernel.php(175): Illuminate\\Pipeline\\Pipeline->then()
#53 /var/www/indonesia-luxe/vendor/laravel/framework/src/Illuminate/Foundation/Http/Kernel.php(144): Illuminate\\Foundation\\Http\\Kernel->sendRequestThroughRouter()
#54 /var/www/indonesia-luxe/vendor/laravel/framework/src/Illuminate/Foundation/Application.php(1220): Illuminate\\Foundation\\Http\\Kernel->handle()
#55 /var/www/indonesia-luxe/public/index.php(20): Illuminate\\Foundation\\Application->handleRequest()
#56 {main}
"} 
[2026-06-11 15:02:39] local.ERROR: Livewire encountered corrupt data when trying to hydrate a component. 
Ensure that the [name, id, data] of the Livewire component wasn't tampered with between requests. {"exception":"[object] (Livewire\\Mechanisms\\HandleComponents\\CorruptComponentPayloadException(code: 0): Livewire encountered corrupt data when trying to hydrate a component. 
Ensure that the [name, id, data] of the Livewire component wasn't tampered with between requests. at /var/www/indonesia-luxe/vendor/livewire/livewire/src/Mechanisms/HandleComponents/Checksum.php:29)
[stacktrace]
#0 /var/www/indonesia-luxe/vendor/livewire/livewire/src/Mechanisms/HandleComponents/HandleComponents.php(244): Livewire\\Mechanisms\\HandleComponents\\Checksum::verify()
#1 /var/www/indonesia-luxe/vendor/livewire/livewire/src/Mechanisms/HandleComponents/HandleComponents.php(210): Livewire\\Mechanisms\\HandleComponents\\HandleComponents->fromSnapshot()
#2 /var/www/indonesia-luxe/vendor/livewire/livewire/src/LivewireManager.php(131): Livewire\\Mechanisms\\HandleComponents\\HandleComponents->update()
#3 /var/www/indonesia-luxe/vendor/livewire/livewire/src/Mechanisms/HandleRequests/HandleRequests.php(156): Livewire\\LivewireManager->update()
#4 /var/www/indonesia-luxe/vendor/laravel/framework/src/Illuminate/Routing/ControllerDispatcher.php(46): Livewire\\Mechanisms\\HandleRequests\\HandleRequests->handleUpdate()
#5 /var/www/indonesia-luxe/vendor/laravel/framework/src/Illuminate/Routing/Route.php(265): Illuminate\\Routing\\ControllerDispatcher->dispatch()
#6 /var/www/indonesia-luxe/vendor/laravel/framework/src/Illuminate/Routing/Route.php(211): Illuminate\\Routing\\Route->runController()
#7 /var/www/indonesia-luxe/vendor/laravel/framework/src/Illuminate/Routing/Router.php(822): Illuminate\\Routing\\Route->run()
#8 /var/www/indonesia-luxe/vendor/laravel/framework/src/Illuminate/Pipeline/Pipeline.php(180): Illuminate\\Routing\\Router->{closure:Illuminate\\Routing\\Router::runRouteWithinStack():821}()
#9 /var/www/indonesia-luxe/vendor/laravel/boost/src/Middleware/InjectBoost.php(22): Illuminate\\Pipeline\\Pipeline->{closure:Illuminate\\Pipeline\\Pipeline::prepareDestination():178}()
#10 /var/www/indonesia-luxe/vendor/laravel/framework/src/Illuminate/Pipeline/Pipeline.php(219): Laravel\\Boost\\Middleware\\InjectBoost->handle()
#11 /var/www/indonesia-luxe/app/Http/Middleware/SetLocale.php(28): Illuminate\\Pipeline\\Pipeline->{closure:{closure:Illuminate\\Pipeline\\Pipeline::carry():194}:195}()
#12 /var/www/indonesia-luxe/vendor/laravel/framework/src/Illuminate/Pipeline/Pipeline.php(219): App\\Http\\Middleware\\SetLocale->handle()
#13 /var/www/indonesia-luxe/vendor/laravel/framework/src/Illuminate/Routing/Middleware/SubstituteBindings.php(50): Illuminate\\Pipeline\\Pipeline->{closure:{closure:Illuminate\\Pipeline\\Pipeline::carry():194}:195}()
#14 /var/www/indonesia-luxe/vendor/laravel/framework/src/Illuminate/Pipeline/Pipeline.php(219): Illuminate\\Routing\\Middleware\\SubstituteBindings->handle()
#15 /var/www/indonesia-luxe/vendor/laravel/framework/src/Illuminate/Foundation/Http/Middleware/VerifyCsrfToken.php(87): Illuminate\\Pipeline\\Pipeline->{closure:{closure:Illuminate\\Pipeline\\Pipeline::carry():194}:195}()
#16 /var/www/indonesia-luxe/vendor/laravel/framework/src/Illuminate/Pipeline/Pipeline.php(219): Illuminate\\Foundation\\Http\\Middleware\\VerifyCsrfToken->handle()
#17 /var/www/indonesia-luxe/vendor/laravel/framework/src/Illuminate/View/Middleware/ShareErrorsFromSession.php(48): Illuminate\\Pipeline\\Pipeline->{closure:{closure:Illuminate\\Pipeline\\Pipeline::carry():194}:195}()
#18 /var/www/indonesia-luxe/vendor/laravel/framework/src/Illuminate/Pipeline/Pipeline.php(219): Illuminate\\View\\Middleware\\ShareErrorsFromSession->handle()
#19 /var/www/indonesia-luxe/vendor/laravel/framework/src/Illuminate/Session/Middleware/StartSession.php(120): Illuminate\\Pipeline\\Pipeline->{closure:{closure:Illuminate\\Pipeline\\Pipeline::carry():194}:195}()
#20 /var/www/indonesia-luxe/vendor/laravel/framework/src/Illuminate/Session/Middleware/StartSession.php(63): Illuminate\\Session\\Middleware\\StartSession->handleStatefulRequest()
#21 /var/www/indonesia-luxe/vendor/laravel/framework/src/Illuminate/Pipeline/Pipeline.php(219): Illuminate\\Session\\Middleware\\StartSession->handle()
#22 /var/www/indonesia-luxe/vendor/laravel/framework/src/Illuminate/Cookie/Middleware/AddQueuedCookiesToResponse.php(36): Illuminate\\Pipeline\\Pipeline->{closure:{closure:Illuminate\\Pipeline\\Pipeline::carry():194}:195}()
#23 /var/www/indonesia-luxe/vendor/laravel/framework/src/Illuminate/Pipeline/Pipeline.php(219): Illuminate\\Cookie\\Middleware\\AddQueuedCookiesToResponse->handle()
#24 /var/www/indonesia-luxe/vendor/laravel/framework/src/Illuminate/Cookie/Middleware/EncryptCookies.php(74): Illuminate\\Pipeline\\Pipeline->{closure:{closure:Illuminate\\Pipeline\\Pipeline::carry():194}:195}()
#25 /var/www/indonesia-luxe/vendor/laravel/framework/src/Illuminate/Pipeline/Pipeline.php(219): Illuminate\\Cookie\\Middleware\\EncryptCookies->handle()
#26 /var/www/indonesia-luxe/vendor/laravel/framework/src/Illuminate/Pipeline/Pipeline.php(137): Illuminate\\Pipeline\\Pipeline->{closure:{closure:Illuminate\\Pipeline\\Pipeline::carry():194}:195}()
#27 /var/www/indonesia-luxe/vendor/laravel/framework/src/Illuminate/Routing/Router.php(821): Illuminate\\Pipeline\\Pipeline->then()
#28 /var/www/indonesia-luxe/vendor/laravel/framework/src/Illuminate/Routing/Router.php(800): Illuminate\\Routing\\Router->runRouteWithinStack()
#29 /var/www/indonesia-luxe/vendor/laravel/framework/src/Illuminate/Routing/Router.php(764): Illuminate\\Routing\\Router->runRoute()
#30 /var/www/indonesia-luxe/vendor/laravel/framework/src/Illuminate/Routing/Router.php(753): Illuminate\\Routing\\Router->dispatchToRoute()
#31 /var/www/indonesia-luxe/vendor/laravel/framework/src/Illuminate/Foundation/Http/Kernel.php(200): Illuminate\\Routing\\Router->dispatch()
#32 /var/www/indonesia-luxe/vendor/laravel/framework/src/Illuminate/Pipeline/Pipeline.php(180): Illuminate\\Foundation\\Http\\Kernel->{closure:Illuminate\\Foundation\\Http\\Kernel::dispatchToRouter():197}()
#33 /var/www/indonesia-luxe/vendor/livewire/livewire/src/Features/SupportDisablingBackButtonCache/DisableBackButtonCacheMiddleware.php(19): Illuminate\\Pipeline\\Pipeline->{closure:Illuminate\\Pipeline\\Pipeline::prepareDestination():178}()
#34 /var/www/indonesia-luxe/vendor/laravel/framework/src/Illuminate/Pipeline/Pipeline.php(219): Livewire\\Features\\SupportDisablingBackButtonCache\\DisableBackButtonCacheMiddleware->handle()
#35 /var/www/indonesia-luxe/vendor/laravel/framework/src/Illuminate/Foundation/Http/Middleware/ConvertEmptyStringsToNull.php(27): Illuminate\\Pipeline\\Pipeline->{closure:{closure:Illuminate\\Pipeline\\Pipeline::carry():194}:195}()
#36 /var/www/indonesia-luxe/vendor/laravel/framework/src/Illuminate/Pipeline/Pipeline.php(219): Illuminate\\Foundation\\Http\\Middleware\\ConvertEmptyStringsToNull->handle()
#37 /var/www/indonesia-luxe/vendor/laravel/framework/src/Illuminate/Foundation/Http/Middleware/TrimStrings.php(47): Illuminate\\Pipeline\\Pipeline->{closure:{closure:Illuminate\\Pipeline\\Pipeline::carry():194}:195}()
#38 /var/www/indonesia-luxe/vendor/laravel/framework/src/Illuminate/Pipeline/Pipeline.php(219): Illuminate\\Foundation\\Http\\Middleware\\TrimStrings->handle()
#39 /var/www/indonesia-luxe/vendor/laravel/framework/src/Illuminate/Http/Middleware/ValidatePostSize.php(27): Illuminate\\Pipeline\\Pipeline->{closure:{closure:Illuminate\\Pipeline\\Pipeline::carry():194}:195}()
#40 /var/www/indonesia-luxe/vendor/laravel/framework/src/Illuminate/Pipeline/Pipeline.php(219): Illuminate\\Http\\Middleware\\ValidatePostSize->handle()
#41 /var/www/indonesia-luxe/vendor/laravel/framework/src/Illuminate/Foundation/Http/Middleware/PreventRequestsDuringMaintenance.php(109): Illuminate\\Pipeline\\Pipeline->{closure:{closure:Illuminate\\Pipeline\\Pipeline::carry():194}:195}()
#42 /var/www/indonesia-luxe/vendor/laravel/framework/src/Illuminate/Pipeline/Pipeline.php(219): Illuminate\\Foundation\\Http\\Middleware\\PreventRequestsDuringMaintenance->handle()
#43 /var/www/indonesia-luxe/vendor/laravel/framework/src/Illuminate/Http/Middleware/HandleCors.php(61): Illuminate\\Pipeline\\Pipeline->{closure:{closure:Illuminate\\Pipeline\\Pipeline::carry():194}:195}()
#44 /var/www/indonesia-luxe/vendor/laravel/framework/src/Illuminate/Pipeline/Pipeline.php(219): Illuminate\\Http\\Middleware\\HandleCors->handle()
#45 /var/www/indonesia-luxe/vendor/laravel/framework/src/Illuminate/Http/Middleware/TrustProxies.php(58): Illuminate\\Pipeline\\Pipeline->{closure:{closure:Illuminate\\Pipeline\\Pipeline::carry():194}:195}()
#46 /var/www/indonesia-luxe/vendor/laravel/framework/src/Illuminate/Pipeline/Pipeline.php(219): Illuminate\\Http\\Middleware\\TrustProxies->handle()
#47 /var/www/indonesia-luxe/vendor/laravel/framework/src/Illuminate/Foundation/Http/Middleware/InvokeDeferredCallbacks.php(22): Illuminate\\Pipeline\\Pipeline->{closure:{closure:Illuminate\\Pipeline\\Pipeline::carry():194}:195}()
#48 /var/www/indonesia-luxe/vendor/laravel/framework/src/Illuminate/Pipeline/Pipeline.php(219): Illuminate\\Foundation\\Http\\Middleware\\InvokeDeferredCallbacks->handle()
#49 /var/www/indonesia-luxe/vendor/laravel/framework/src/Illuminate/Http/Middleware/ValidatePathEncoding.php(26): Illuminate\\Pipeline\\Pipeline->{closure:{closure:Illuminate\\Pipeline\\Pipeline::carry():194}:195}()
#50 /var/www/indonesia-luxe/vendor/laravel/framework/src/Illuminate/Pipeline/Pipeline.php(219): Illuminate\\Http\\Middleware\\ValidatePathEncoding->handle()
#51 /var/www/indonesia-luxe/vendor/laravel/framework/src/Illuminate/Pipeline/Pipeline.php(137): Illuminate\\Pipeline\\Pipeline->{closure:{closure:Illuminate\\Pipeline\\Pipeline::carry():194}:195}()
#52 /var/www/indonesia-luxe/vendor/laravel/framework/src/Illuminate/Foundation/Http/Kernel.php(175): Illuminate\\Pipeline\\Pipeline->then()
#53 /var/www/indonesia-luxe/vendor/laravel/framework/src/Illuminate/Foundation/Http/Kernel.php(144): Illuminate\\Foundation\\Http\\Kernel->sendRequestThroughRouter()
#54 /var/www/indonesia-luxe/vendor/laravel/framework/src/Illuminate/Foundation/Application.php(1220): Illuminate\\Foundation\\Http\\Kernel->handle()
#55 /var/www/indonesia-luxe/public/index.php(20): Illuminate\\Foundation\\Application->handleRequest()
#56 {main}
"} 
[2026-06-11 15:02:43] local.ERROR: Livewire encountered corrupt data when trying to hydrate a component. 
Ensure that the [name, id, data] of the Livewire component wasn't tampered with between requests. {"exception":"[object] (Livewire\\Mechanisms\\HandleComponents\\CorruptComponentPayloadException(code: 0): Livewire encountered corrupt data when trying to hydrate a component. 
Ensure that the [name, id, data] of the Livewire component wasn't tampered with between requests. at /var/www/indonesia-luxe/vendor/livewire/livewire/src/Mechanisms/HandleComponents/Checksum.php:29)
[stacktrace]
#0 /var/www/indonesia-luxe/vendor/livewire/livewire/src/Mechanisms/HandleComponents/HandleComponents.php(244): Livewire\\Mechanisms\\HandleComponents\\Checksum::verify()
#1 /var/www/indonesia-luxe/vendor/livewire/livewire/src/Mechanisms/HandleComponents/HandleComponents.php(210): Livewire\\Mechanisms\\HandleComponents\\HandleComponents->fromSnapshot()
#2 /var/www/indonesia-luxe/vendor/livewire/livewire/src/LivewireManager.php(131): Livewire\\Mechanisms\\HandleComponents\\HandleComponents->update()
#3 /var/www/indonesia-luxe/vendor/livewire/livewire/src/Mechanisms/HandleRequests/HandleRequests.php(156): Livewire\\LivewireManager->update()
#4 /var/www/indonesia-luxe/vendor/laravel/framework/src/Illuminate/Routing/ControllerDispatcher.php(46): Livewire\\Mechanisms\\HandleRequests\\HandleRequests->handleUpdate()
#5 /var/www/indonesia-luxe/vendor/laravel/framework/src/Illuminate/Routing/Route.php(265): Illuminate\\Routing\\ControllerDispatcher->dispatch()
#6 /var/www/indonesia-luxe/vendor/laravel/framework/src/Illuminate/Routing/Route.php(211): Illuminate\\Routing\\Route->runController()
#7 /var/www/indonesia-luxe/vendor/laravel/framework/src/Illuminate/Routing/Router.php(822): Illuminate\\Routing\\Route->run()
#8 /var/www/indonesia-luxe/vendor/laravel/framework/src/Illuminate/Pipeline/Pipeline.php(180): Illuminate\\Routing\\Router->{closure:Illuminate\\Routing\\Router::runRouteWithinStack():821}()
#9 /var/www/indonesia-luxe/vendor/laravel/boost/src/Middleware/InjectBoost.php(22): Illuminate\\Pipeline\\Pipeline->{closure:Illuminate\\Pipeline\\Pipeline::prepareDestination():178}()
#10 /var/www/indonesia-luxe/vendor/laravel/framework/src/Illuminate/Pipeline/Pipeline.php(219): Laravel\\Boost\\Middleware\\InjectBoost->handle()
#11 /var/www/indonesia-luxe/app/Http/Middleware/SetLocale.php(28): Illuminate\\Pipeline\\Pipeline->{closure:{closure:Illuminate\\Pipeline\\Pipeline::carry():194}:195}()
#12 /var/www/indonesia-luxe/vendor/laravel/framework/src/Illuminate/Pipeline/Pipeline.php(219): App\\Http\\Middleware\\SetLocale->handle()
#13 /var/www/indonesia-luxe/vendor/laravel/framework/src/Illuminate/Routing/Middleware/SubstituteBindings.php(50): Illuminate\\Pipeline\\Pipeline->{closure:{closure:Illuminate\\Pipeline\\Pipeline::carry():194}:195}()
#14 /var/www/indonesia-luxe/vendor/laravel/framework/src/Illuminate/Pipeline/Pipeline.php(219): Illuminate\\Routing\\Middleware\\SubstituteBindings->handle()
#15 /var/www/indonesia-luxe/vendor/laravel/framework/src/Illuminate/Foundation/Http/Middleware/VerifyCsrfToken.php(87): Illuminate\\Pipeline\\Pipeline->{closure:{closure:Illuminate\\Pipeline\\Pipeline::carry():194}:195}()
#16 /var/www/indonesia-luxe/vendor/laravel/framework/src/Illuminate/Pipeline/Pipeline.php(219): Illuminate\\Foundation\\Http\\Middleware\\VerifyCsrfToken->handle()
#17 /var/www/indonesia-luxe/vendor/laravel/framework/src/Illuminate/View/Middleware/ShareErrorsFromSession.php(48): Illuminate\\Pipeline\\Pipeline->{closure:{closure:Illuminate\\Pipeline\\Pipeline::carry():194}:195}()
#18 /var/www/indonesia-luxe/vendor/laravel/framework/src/Illuminate/Pipeline/Pipeline.php(219): Illuminate\\View\\Middleware\\ShareErrorsFromSession->handle()
#19 /var/www/indonesia-luxe/vendor/laravel/framework/src/Illuminate/Session/Middleware/StartSession.php(120): Illuminate\\Pipeline\\Pipeline->{closure:{closure:Illuminate\\Pipeline\\Pipeline::carry():194}:195}()
#20 /var/www/indonesia-luxe/vendor/laravel/framework/src/Illuminate/Session/Middleware/StartSession.php(63): Illuminate\\Session\\Middleware\\StartSession->handleStatefulRequest()
#21 /var/www/indonesia-luxe/vendor/laravel/framework/src/Illuminate/Pipeline/Pipeline.php(219): Illuminate\\Session\\Middleware\\StartSession->handle()
#22 /var/www/indonesia-luxe/vendor/laravel/framework/src/Illuminate/Cookie/Middleware/AddQueuedCookiesToResponse.php(36): Illuminate\\Pipeline\\Pipeline->{closure:{closure:Illuminate\\Pipeline\\Pipeline::carry():194}:195}()
#23 /var/www/indonesia-luxe/vendor/laravel/framework/src/Illuminate/Pipeline/Pipeline.php(219): Illuminate\\Cookie\\Middleware\\AddQueuedCookiesToResponse->handle()
#24 /var/www/indonesia-luxe/vendor/laravel/framework/src/Illuminate/Cookie/Middleware/EncryptCookies.php(74): Illuminate\\Pipeline\\Pipeline->{closure:{closure:Illuminate\\Pipeline\\Pipeline::carry():194}:195}()
#25 /var/www/indonesia-luxe/vendor/laravel/framework/src/Illuminate/Pipeline/Pipeline.php(219): Illuminate\\Cookie\\Middleware\\EncryptCookies->handle()
#26 /var/www/indonesia-luxe/vendor/laravel/framework/src/Illuminate/Pipeline/Pipeline.php(137): Illuminate\\Pipeline\\Pipeline->{closure:{closure:Illuminate\\Pipeline\\Pipeline::carry():194}:195}()
#27 /var/www/indonesia-luxe/vendor/laravel/framework/src/Illuminate/Routing/Router.php(821): Illuminate\\Pipeline\\Pipeline->then()
#28 /var/www/indonesia-luxe/vendor/laravel/framework/src/Illuminate/Routing/Router.php(800): Illuminate\\Routing\\Router->runRouteWithinStack()
#29 /var/www/indonesia-luxe/vendor/laravel/framework/src/Illuminate/Routing/Router.php(764): Illuminate\\Routing\\Router->runRoute()
#30 /var/www/indonesia-luxe/vendor/laravel/framework/src/Illuminate/Routing/Router.php(753): Illuminate\\Routing\\Router->dispatchToRoute()
#31 /var/www/indonesia-luxe/vendor/laravel/framework/src/Illuminate/Foundation/Http/Kernel.php(200): Illuminate\\Routing\\Router->dispatch()
#32 /var/www/indonesia-luxe/vendor/laravel/framework/src/Illuminate/Pipeline/Pipeline.php(180): Illuminate\\Foundation\\Http\\Kernel->{closure:Illuminate\\Foundation\\Http\\Kernel::dispatchToRouter():197}()
#33 /var/www/indonesia-luxe/vendor/livewire/livewire/src/Features/SupportDisablingBackButtonCache/DisableBackButtonCacheMiddleware.php(19): Illuminate\\Pipeline\\Pipeline->{closure:Illuminate\\Pipeline\\Pipeline::prepareDestination():178}()
#34 /var/www/indonesia-luxe/vendor/laravel/framework/src/Illuminate/Pipeline/Pipeline.php(219): Livewire\\Features\\SupportDisablingBackButtonCache\\DisableBackButtonCacheMiddleware->handle()
#35 /var/www/indonesia-luxe/vendor/laravel/framework/src/Illuminate/Foundation/Http/Middleware/ConvertEmptyStringsToNull.php(27): Illuminate\\Pipeline\\Pipeline->{closure:{closure:Illuminate\\Pipeline\\Pipeline::carry():194}:195}()
#36 /var/www/indonesia-luxe/vendor/laravel/framework/src/Illuminate/Pipeline/Pipeline.php(219): Illuminate\\Foundation\\Http\\Middleware\\ConvertEmptyStringsToNull->handle()
#37 /var/www/indonesia-luxe/vendor/laravel/framework/src/Illuminate/Foundation/Http/Middleware/TrimStrings.php(47): Illuminate\\Pipeline\\Pipeline->{closure:{closure:Illuminate\\Pipeline\\Pipeline::carry():194}:195}()
#38 /var/www/indonesia-luxe/vendor/laravel/framework/src/Illuminate/Pipeline/Pipeline.php(219): Illuminate\\Foundation\\Http\\Middleware\\TrimStrings->handle()
#39 /var/www/indonesia-luxe/vendor/laravel/framework/src/Illuminate/Http/Middleware/ValidatePostSize.php(27): Illuminate\\Pipeline\\Pipeline->{closure:{closure:Illuminate\\Pipeline\\Pipeline::carry():194}:195}()
#40 /var/www/indonesia-luxe/vendor/laravel/framework/src/Illuminate/Pipeline/Pipeline.php(219): Illuminate\\Http\\Middleware\\ValidatePostSize->handle()
#41 /var/www/indonesia-luxe/vendor/laravel/framework/src/Illuminate/Foundation/Http/Middleware/PreventRequestsDuringMaintenance.php(109): Illuminate\\Pipeline\\Pipeline->{closure:{closure:Illuminate\\Pipeline\\Pipeline::carry():194}:195}()
#42 /var/www/indonesia-luxe/vendor/laravel/framework/src/Illuminate/Pipeline/Pipeline.php(219): Illuminate\\Foundation\\Http\\Middleware\\PreventRequestsDuringMaintenance->handle()
#43 /var/www/indonesia-luxe/vendor/laravel/framework/src/Illuminate/Http/Middleware/HandleCors.php(61): Illuminate\\Pipeline\\Pipeline->{closure:{closure:Illuminate\\Pipeline\\Pipeline::carry():194}:195}()
#44 /var/www/indonesia-luxe/vendor/laravel/framework/src/Illuminate/Pipeline/Pipeline.php(219): Illuminate\\Http\\Middleware\\HandleCors->handle()
#45 /var/www/indonesia-luxe/vendor/laravel/framework/src/Illuminate/Http/Middleware/TrustProxies.php(58): Illuminate\\Pipeline\\Pipeline->{closure:{closure:Illuminate\\Pipeline\\Pipeline::carry():194}:195}()
#46 /var/www/indonesia-luxe/vendor/laravel/framework/src/Illuminate/Pipeline/Pipeline.php(219): Illuminate\\Http\\Middleware\\TrustProxies->handle()
#47 /var/www/indonesia-luxe/vendor/laravel/framework/src/Illuminate/Foundation/Http/Middleware/InvokeDeferredCallbacks.php(22): Illuminate\\Pipeline\\Pipeline->{closure:{closure:Illuminate\\Pipeline\\Pipeline::carry():194}:195}()
#48 /var/www/indonesia-luxe/vendor/laravel/framework/src/Illuminate/Pipeline/Pipeline.php(219): Illuminate\\Foundation\\Http\\Middleware\\InvokeDeferredCallbacks->handle()
#49 /var/www/indonesia-luxe/vendor/laravel/framework/src/Illuminate/Http/Middleware/ValidatePathEncoding.php(26): Illuminate\\Pipeline\\Pipeline->{closure:{closure:Illuminate\\Pipeline\\Pipeline::carry():194}:195}()
#50 /var/www/indonesia-luxe/vendor/laravel/framework/src/Illuminate/Pipeline/Pipeline.php(219): Illuminate\\Http\\Middleware\\ValidatePathEncoding->handle()
#51 /var/www/indonesia-luxe/vendor/laravel/framework/src/Illuminate/Pipeline/Pipeline.php(137): Illuminate\\Pipeline\\Pipeline->{closure:{closure:Illuminate\\Pipeline\\Pipeline::carry():194}:195}()
#52 /var/www/indonesia-luxe/vendor/laravel/framework/src/Illuminate/Foundation/Http/Kernel.php(175): Illuminate\\Pipeline\\Pipeline->then()
#53 /var/www/indonesia-luxe/vendor/laravel/framework/src/Illuminate/Foundation/Http/Kernel.php(144): Illuminate\\Foundation\\Http\\Kernel->sendRequestThroughRouter()
#54 /var/www/indonesia-luxe/vendor/laravel/framework/src/Illuminate/Foundation/Application.php(1220): Illuminate\\Foundation\\Http\\Kernel->handle()
#55 /var/www/indonesia-luxe/public/index.php(20): Illuminate\\Foundation\\Application->handleRequest()
#56 {main}
"} 
[2026-06-11 15:02:50] local.ERROR: Livewire encountered corrupt data when trying to hydrate a component. 
Ensure that the [name, id, data] of the Livewire component wasn't tampered with between requests. {"exception":"[object] (Livewire\\Mechanisms\\HandleComponents\\CorruptComponentPayloadException(code: 0): Livewire encountered corrupt data when trying to hydrate a component. 
Ensure that the [name, id, data] of the Livewire component wasn't tampered with between requests. at /var/www/indonesia-luxe/vendor/livewire/livewire/src/Mechanisms/HandleComponents/Checksum.php:29)
[stacktrace]
#0 /var/www/indonesia-luxe/vendor/livewire/livewire/src/Mechanisms/HandleComponents/HandleComponents.php(244): Livewire\\Mechanisms\\HandleComponents\\Checksum::verify()
#1 /var/www/indonesia-luxe/vendor/livewire/livewire/src/Mechanisms/HandleComponents/HandleComponents.php(210): Livewire\\Mechanisms\\HandleComponents\\HandleComponents->fromSnapshot()
#2 /var/www/indonesia-luxe/vendor/livewire/livewire/src/LivewireManager.php(131): Livewire\\Mechanisms\\HandleComponents\\HandleComponents->update()
#3 /var/www/indonesia-luxe/vendor/livewire/livewire/src/Mechanisms/HandleRequests/HandleRequests.php(156): Livewire\\LivewireManager->update()
#4 /var/www/indonesia-luxe/vendor/laravel/framework/src/Illuminate/Routing/ControllerDispatcher.php(46): Livewire\\Mechanisms\\HandleRequests\\HandleRequests->handleUpdate()
#5 /var/www/indonesia-luxe/vendor/laravel/framework/src/Illuminate/Routing/Route.php(265): Illuminate\\Routing\\ControllerDispatcher->dispatch()
#6 /var/www/indonesia-luxe/vendor/laravel/framework/src/Illuminate/Routing/Route.php(211): Illuminate\\Routing\\Route->runController()
#7 /var/www/indonesia-luxe/vendor/laravel/framework/src/Illuminate/Routing/Router.php(822): Illuminate\\Routing\\Route->run()
#8 /var/www/indonesia-luxe/vendor/laravel/framework/src/Illuminate/Pipeline/Pipeline.php(180): Illuminate\\Routing\\Router->{closure:Illuminate\\Routing\\Router::runRouteWithinStack():821}()
#9 /var/www/indonesia-luxe/vendor/laravel/boost/src/Middleware/InjectBoost.php(22): Illuminate\\Pipeline\\Pipeline->{closure:Illuminate\\Pipeline\\Pipeline::prepareDestination():178}()
#10 /var/www/indonesia-luxe/vendor/laravel/framework/src/Illuminate/Pipeline/Pipeline.php(219): Laravel\\Boost\\Middleware\\InjectBoost->handle()
#11 /var/www/indonesia-luxe/app/Http/Middleware/SetLocale.php(28): Illuminate\\Pipeline\\Pipeline->{closure:{closure:Illuminate\\Pipeline\\Pipeline::carry():194}:195}()
#12 /var/www/indonesia-luxe/vendor/laravel/framework/src/Illuminate/Pipeline/Pipeline.php(219): App\\Http\\Middleware\\SetLocale->handle()
#13 /var/www/indonesia-luxe/vendor/laravel/framework/src/Illuminate/Routing/Middleware/SubstituteBindings.php(50): Illuminate\\Pipeline\\Pipeline->{closure:{closure:Illuminate\\Pipeline\\Pipeline::carry():194}:195}()
#14 /var/www/indonesia-luxe/vendor/laravel/framework/src/Illuminate/Pipeline/Pipeline.php(219): Illuminate\\Routing\\Middleware\\SubstituteBindings->handle()
#15 /var/www/indonesia-luxe/vendor/laravel/framework/src/Illuminate/Foundation/Http/Middleware/VerifyCsrfToken.php(87): Illuminate\\Pipeline\\Pipeline->{closure:{closure:Illuminate\\Pipeline\\Pipeline::carry():194}:195}()
#16 /var/www/indonesia-luxe/vendor/laravel/framework/src/Illuminate/Pipeline/Pipeline.php(219): Illuminate\\Foundation\\Http\\Middleware\\VerifyCsrfToken->handle()
#17 /var/www/indonesia-luxe/vendor/laravel/framework/src/Illuminate/View/Middleware/ShareErrorsFromSession.php(48): Illuminate\\Pipeline\\Pipeline->{closure:{closure:Illuminate\\Pipeline\\Pipeline::carry():194}:195}()
#18 /var/www/indonesia-luxe/vendor/laravel/framework/src/Illuminate/Pipeline/Pipeline.php(219): Illuminate\\View\\Middleware\\ShareErrorsFromSession->handle()
#19 /var/www/indonesia-luxe/vendor/laravel/framework/src/Illuminate/Session/Middleware/StartSession.php(120): Illuminate\\Pipeline\\Pipeline->{closure:{closure:Illuminate\\Pipeline\\Pipeline::carry():194}:195}()
#20 /var/www/indonesia-luxe/vendor/laravel/framework/src/Illuminate/Session/Middleware/StartSession.php(63): Illuminate\\Session\\Middleware\\StartSession->handleStatefulRequest()
#21 /var/www/indonesia-luxe/vendor/laravel/framework/src/Illuminate/Pipeline/Pipeline.php(219): Illuminate\\Session\\Middleware\\StartSession->handle()
#22 /var/www/indonesia-luxe/vendor/laravel/framework/src/Illuminate/Cookie/Middleware/AddQueuedCookiesToResponse.php(36): Illuminate\\Pipeline\\Pipeline->{closure:{closure:Illuminate\\Pipeline\\Pipeline::carry():194}:195}()
#23 /var/www/indonesia-luxe/vendor/laravel/framework/src/Illuminate/Pipeline/Pipeline.php(219): Illuminate\\Cookie\\Middleware\\AddQueuedCookiesToResponse->handle()
#24 /var/www/indonesia-luxe/vendor/laravel/framework/src/Illuminate/Cookie/Middleware/EncryptCookies.php(74): Illuminate\\Pipeline\\Pipeline->{closure:{closure:Illuminate\\Pipeline\\Pipeline::carry():194}:195}()
#25 /var/www/indonesia-luxe/vendor/laravel/framework/src/Illuminate/Pipeline/Pipeline.php(219): Illuminate\\Cookie\\Middleware\\EncryptCookies->handle()
#26 /var/www/indonesia-luxe/vendor/laravel/framework/src/Illuminate/Pipeline/Pipeline.php(137): Illuminate\\Pipeline\\Pipeline->{closure:{closure:Illuminate\\Pipeline\\Pipeline::carry():194}:195}()
#27 /var/www/indonesia-luxe/vendor/laravel/framework/src/Illuminate/Routing/Router.php(821): Illuminate\\Pipeline\\Pipeline->then()
#28 /var/www/indonesia-luxe/vendor/laravel/framework/src/Illuminate/Routing/Router.php(800): Illuminate\\Routing\\Router->runRouteWithinStack()
#29 /var/www/indonesia-luxe/vendor/laravel/framework/src/Illuminate/Routing/Router.php(764): Illuminate\\Routing\\Router->runRoute()
#30 /var/www/indonesia-luxe/vendor/laravel/framework/src/Illuminate/Routing/Router.php(753): Illuminate\\Routing\\Router->dispatchToRoute()
#31 /var/www/indonesia-luxe/vendor/laravel/framework/src/Illuminate/Foundation/Http/Kernel.php(200): Illuminate\\Routing\\Router->dispatch()
#32 /var/www/indonesia-luxe/vendor/laravel/framework/src/Illuminate/Pipeline/Pipeline.php(180): Illuminate\\Foundation\\Http\\Kernel->{closure:Illuminate\\Foundation\\Http\\Kernel::dispatchToRouter():197}()
#33 /var/www/indonesia-luxe/vendor/livewire/livewire/src/Features/SupportDisablingBackButtonCache/DisableBackButtonCacheMiddleware.php(19): Illuminate\\Pipeline\\Pipeline->{closure:Illuminate\\Pipeline\\Pipeline::prepareDestination():178}()
#34 /var/www/indonesia-luxe/vendor/laravel/framework/src/Illuminate/Pipeline/Pipeline.php(219): Livewire\\Features\\SupportDisablingBackButtonCache\\DisableBackButtonCacheMiddleware->handle()
#35 /var/www/indonesia-luxe/vendor/laravel/framework/src/Illuminate/Foundation/Http/Middleware/ConvertEmptyStringsToNull.php(27): Illuminate\\Pipeline\\Pipeline->{closure:{closure:Illuminate\\Pipeline\\Pipeline::carry():194}:195}()
#36 /var/www/indonesia-luxe/vendor/laravel/framework/src/Illuminate/Pipeline/Pipeline.php(219): Illuminate\\Foundation\\Http\\Middleware\\ConvertEmptyStringsToNull->handle()
#37 /var/www/indonesia-luxe/vendor/laravel/framework/src/Illuminate/Foundation/Http/Middleware/TrimStrings.php(47): Illuminate\\Pipeline\\Pipeline->{closure:{closure:Illuminate\\Pipeline\\Pipeline::carry():194}:195}()
#38 /var/www/indonesia-luxe/vendor/laravel/framework/src/Illuminate/Pipeline/Pipeline.php(219): Illuminate\\Foundation\\Http\\Middleware\\TrimStrings->handle()
#39 /var/www/indonesia-luxe/vendor/laravel/framework/src/Illuminate/Http/Middleware/ValidatePostSize.php(27): Illuminate\\Pipeline\\Pipeline->{closure:{closure:Illuminate\\Pipeline\\Pipeline::carry():194}:195}()
#40 /var/www/indonesia-luxe/vendor/laravel/framework/src/Illuminate/Pipeline/Pipeline.php(219): Illuminate\\Http\\Middleware\\ValidatePostSize->handle()
#41 /var/www/indonesia-luxe/vendor/laravel/framework/src/Illuminate/Foundation/Http/Middleware/PreventRequestsDuringMaintenance.php(109): Illuminate\\Pipeline\\Pipeline->{closure:{closure:Illuminate\\Pipeline\\Pipeline::carry():194}:195}()
#42 /var/www/indonesia-luxe/vendor/laravel/framework/src/Illuminate/Pipeline/Pipeline.php(219): Illuminate\\Foundation\\Http\\Middleware\\PreventRequestsDuringMaintenance->handle()
#43 /var/www/indonesia-luxe/vendor/laravel/framework/src/Illuminate/Http/Middleware/HandleCors.php(61): Illuminate\\Pipeline\\Pipeline->{closure:{closure:Illuminate\\Pipeline\\Pipeline::carry():194}:195}()
#44 /var/www/indonesia-luxe/vendor/laravel/framework/src/Illuminate/Pipeline/Pipeline.php(219): Illuminate\\Http\\Middleware\\HandleCors->handle()
#45 /var/www/indonesia-luxe/vendor/laravel/framework/src/Illuminate/Http/Middleware/TrustProxies.php(58): Illuminate\\Pipeline\\Pipeline->{closure:{closure:Illuminate\\Pipeline\\Pipeline::carry():194}:195}()
#46 /var/www/indonesia-luxe/vendor/laravel/framework/src/Illuminate/Pipeline/Pipeline.php(219): Illuminate\\Http\\Middleware\\TrustProxies->handle()
#47 /var/www/indonesia-luxe/vendor/laravel/framework/src/Illuminate/Foundation/Http/Middleware/InvokeDeferredCallbacks.php(22): Illuminate\\Pipeline\\Pipeline->{closure:{closure:Illuminate\\Pipeline\\Pipeline::carry():194}:195}()
#48 /var/www/indonesia-luxe/vendor/laravel/framework/src/Illuminate/Pipeline/Pipeline.php(219): Illuminate\\Foundation\\Http\\Middleware\\InvokeDeferredCallbacks->handle()
#49 /var/www/indonesia-luxe/vendor/laravel/framework/src/Illuminate/Http/Middleware/ValidatePathEncoding.php(26): Illuminate\\Pipeline\\Pipeline->{closure:{closure:Illuminate\\Pipeline\\Pipeline::carry():194}:195}()
#50 /var/www/indonesia-luxe/vendor/laravel/framework/src/Illuminate/Pipeline/Pipeline.php(219): Illuminate\\Http\\Middleware\\ValidatePathEncoding->handle()
#51 /var/www/indonesia-luxe/vendor/laravel/framework/src/Illuminate/Pipeline/Pipeline.php(137): Illuminate\\Pipeline\\Pipeline->{closure:{closure:Illuminate\\Pipeline\\Pipeline::carry():194}:195}()
#52 /var/www/indonesia-luxe/vendor/laravel/framework/src/Illuminate/Foundation/Http/Kernel.php(175): Illuminate\\Pipeline\\Pipeline->then()
#53 /var/www/indonesia-luxe/vendor/laravel/framework/src/Illuminate/Foundation/Http/Kernel.php(144): Illuminate\\Foundation\\Http\\Kernel->sendRequestThroughRouter()
#54 /var/www/indonesia-luxe/vendor/laravel/framework/src/Illuminate/Foundation/Application.php(1220): Illuminate\\Foundation\\Http\\Kernel->handle()
#55 /var/www/indonesia-luxe/public/index.php(20): Illuminate\\Foundation\\Application->handleRequest()
#56 {main}
"} 
[2026-06-11 15:03:01] local.ERROR: Livewire encountered corrupt data when trying to hydrate a component. 
Ensure that the [name, id, data] of the Livewire component wasn't tampered with between requests. {"exception":"[object] (Livewire\\Mechanisms\\HandleComponents\\CorruptComponentPayloadException(code: 0): Livewire encountered corrupt data when trying to hydrate a component. 
Ensure that the [name, id, data] of the Livewire component wasn't tampered with between requests. at /var/www/indonesia-luxe/vendor/livewire/livewire/src/Mechanisms/HandleComponents/Checksum.php:29)
[stacktrace]
#0 /var/www/indonesia-luxe/vendor/livewire/livewire/src/Mechanisms/HandleComponents/HandleComponents.php(244): Livewire\\Mechanisms\\HandleComponents\\Checksum::verify()
#1 /var/www/indonesia-luxe/vendor/livewire/livewire/src/Mechanisms/HandleComponents/HandleComponents.php(210): Livewire\\Mechanisms\\HandleComponents\\HandleComponents->fromSnapshot()
#2 /var/www/indonesia-luxe/vendor/livewire/livewire/src/LivewireManager.php(131): Livewire\\Mechanisms\\HandleComponents\\HandleComponents->update()
#3 /var/www/indonesia-luxe/vendor/livewire/livewire/src/Mechanisms/HandleRequests/HandleRequests.php(156): Livewire\\LivewireManager->update()
#4 /var/www/indonesia-luxe/vendor/laravel/framework/src/Illuminate/Routing/ControllerDispatcher.php(46): Livewire\\Mechanisms\\HandleRequests\\HandleRequests->handleUpdate()
#5 /var/www/indonesia-luxe/vendor/laravel/framework/src/Illuminate/Routing/Route.php(265): Illuminate\\Routing\\ControllerDispatcher->dispatch()
#6 /var/www/indonesia-luxe/vendor/laravel/framework/src/Illuminate/Routing/Route.php(211): Illuminate\\Routing\\Route->runController()
#7 /var/www/indonesia-luxe/vendor/laravel/framework/src/Illuminate/Routing/Router.php(822): Illuminate\\Routing\\Route->run()
#8 /var/www/indonesia-luxe/vendor/laravel/framework/src/Illuminate/Pipeline/Pipeline.php(180): Illuminate\\Routing\\Router->{closure:Illuminate\\Routing\\Router::runRouteWithinStack():821}()
#9 /var/www/indonesia-luxe/vendor/laravel/boost/src/Middleware/InjectBoost.php(22): Illuminate\\Pipeline\\Pipeline->{closure:Illuminate\\Pipeline\\Pipeline::prepareDestination():178}()
#10 /var/www/indonesia-luxe/vendor/laravel/framework/src/Illuminate/Pipeline/Pipeline.php(219): Laravel\\Boost\\Middleware\\InjectBoost->handle()
#11 /var/www/indonesia-luxe/app/Http/Middleware/SetLocale.php(28): Illuminate\\Pipeline\\Pipeline->{closure:{closure:Illuminate\\Pipeline\\Pipeline::carry():194}:195}()
#12 /var/www/indonesia-luxe/vendor/laravel/framework/src/Illuminate/Pipeline/Pipeline.php(219): App\\Http\\Middleware\\SetLocale->handle()
#13 /var/www/indonesia-luxe/vendor/laravel/framework/src/Illuminate/Routing/Middleware/SubstituteBindings.php(50): Illuminate\\Pipeline\\Pipeline->{closure:{closure:Illuminate\\Pipeline\\Pipeline::carry():194}:195}()
#14 /var/www/indonesia-luxe/vendor/laravel/framework/src/Illuminate/Pipeline/Pipeline.php(219): Illuminate\\Routing\\Middleware\\SubstituteBindings->handle()
#15 /var/www/indonesia-luxe/vendor/laravel/framework/src/Illuminate/Foundation/Http/Middleware/VerifyCsrfToken.php(87): Illuminate\\Pipeline\\Pipeline->{closure:{closure:Illuminate\\Pipeline\\Pipeline::carry():194}:195}()
#16 /var/www/indonesia-luxe/vendor/laravel/framework/src/Illuminate/Pipeline/Pipeline.php(219): Illuminate\\Foundation\\Http\\Middleware\\VerifyCsrfToken->handle()
#17 /var/www/indonesia-luxe/vendor/laravel/framework/src/Illuminate/View/Middleware/ShareErrorsFromSession.php(48): Illuminate\\Pipeline\\Pipeline->{closure:{closure:Illuminate\\Pipeline\\Pipeline::carry():194}:195}()
#18 /var/www/indonesia-luxe/vendor/laravel/framework/src/Illuminate/Pipeline/Pipeline.php(219): Illuminate\\View\\Middleware\\ShareErrorsFromSession->handle()
#19 /var/www/indonesia-luxe/vendor/laravel/framework/src/Illuminate/Session/Middleware/StartSession.php(120): Illuminate\\Pipeline\\Pipeline->{closure:{closure:Illuminate\\Pipeline\\Pipeline::carry():194}:195}()
#20 /var/www/indonesia-luxe/vendor/laravel/framework/src/Illuminate/Session/Middleware/StartSession.php(63): Illuminate\\Session\\Middleware\\StartSession->handleStatefulRequest()
#21 /var/www/indonesia-luxe/vendor/laravel/framework/src/Illuminate/Pipeline/Pipeline.php(219): Illuminate\\Session\\Middleware\\StartSession->handle()
#22 /var/www/indonesia-luxe/vendor/laravel/framework/src/Illuminate/Cookie/Middleware/AddQueuedCookiesToResponse.php(36): Illuminate\\Pipeline\\Pipeline->{closure:{closure:Illuminate\\Pipeline\\Pipeline::carry():194}:195}()
#23 /var/www/indonesia-luxe/vendor/laravel/framework/src/Illuminate/Pipeline/Pipeline.php(219): Illuminate\\Cookie\\Middleware\\AddQueuedCookiesToResponse->handle()
#24 /var/www/indonesia-luxe/vendor/laravel/framework/src/Illuminate/Cookie/Middleware/EncryptCookies.php(74): Illuminate\\Pipeline\\Pipeline->{closure:{closure:Illuminate\\Pipeline\\Pipeline::carry():194}:195}()
#25 /var/www/indonesia-luxe/vendor/laravel/framework/src/Illuminate/Pipeline/Pipeline.php(219): Illuminate\\Cookie\\Middleware\\EncryptCookies->handle()
#26 /var/www/indonesia-luxe/vendor/laravel/framework/src/Illuminate/Pipeline/Pipeline.php(137): Illuminate\\Pipeline\\Pipeline->{closure:{closure:Illuminate\\Pipeline\\Pipeline::carry():194}:195}()
#27 /var/www/indonesia-luxe/vendor/laravel/framework/src/Illuminate/Routing/Router.php(821): Illuminate\\Pipeline\\Pipeline->then()
#28 /var/www/indonesia-luxe/vendor/laravel/framework/src/Illuminate/Routing/Router.php(800): Illuminate\\Routing\\Router->runRouteWithinStack()
#29 /var/www/indonesia-luxe/vendor/laravel/framework/src/Illuminate/Routing/Router.php(764): Illuminate\\Routing\\Router->runRoute()
#30 /var/www/indonesia-luxe/vendor/laravel/framework/src/Illuminate/Routing/Router.php(753): Illuminate\\Routing\\Router->dispatchToRoute()
#31 /var/www/indonesia-luxe/vendor/laravel/framework/src/Illuminate/Foundation/Http/Kernel.php(200): Illuminate\\Routing\\Router->dispatch()
#32 /var/www/indonesia-luxe/vendor/laravel/framework/src/Illuminate/Pipeline/Pipeline.php(180): Illuminate\\Foundation\\Http\\Kernel->{closure:Illuminate\\Foundation\\Http\\Kernel::dispatchToRouter():197}()
#33 /var/www/indonesia-luxe/vendor/livewire/livewire/src/Features/SupportDisablingBackButtonCache/DisableBackButtonCacheMiddleware.php(19): Illuminate\\Pipeline\\Pipeline->{closure:Illuminate\\Pipeline\\Pipeline::prepareDestination():178}()
#34 /var/www/indonesia-luxe/vendor/laravel/framework/src/Illuminate/Pipeline/Pipeline.php(219): Livewire\\Features\\SupportDisablingBackButtonCache\\DisableBackButtonCacheMiddleware->handle()
#35 /var/www/indonesia-luxe/vendor/laravel/framework/src/Illuminate/Foundation/Http/Middleware/ConvertEmptyStringsToNull.php(27): Illuminate\\Pipeline\\Pipeline->{closure:{closure:Illuminate\\Pipeline\\Pipeline::carry():194}:195}()
#36 /var/www/indonesia-luxe/vendor/laravel/framework/src/Illuminate/Pipeline/Pipeline.php(219): Illuminate\\Foundation\\Http\\Middleware\\ConvertEmptyStringsToNull->handle()
#37 /var/www/indonesia-luxe/vendor/laravel/framework/src/Illuminate/Foundation/Http/Middleware/TrimStrings.php(47): Illuminate\\Pipeline\\Pipeline->{closure:{closure:Illuminate\\Pipeline\\Pipeline::carry():194}:195}()
#38 /var/www/indonesia-luxe/vendor/laravel/framework/src/Illuminate/Pipeline/Pipeline.php(219): Illuminate\\Foundation\\Http\\Middleware\\TrimStrings->handle()
#39 /var/www/indonesia-luxe/vendor/laravel/framework/src/Illuminate/Http/Middleware/ValidatePostSize.php(27): Illuminate\\Pipeline\\Pipeline->{closure:{closure:Illuminate\\Pipeline\\Pipeline::carry():194}:195}()
#40 /var/www/indonesia-luxe/vendor/laravel/framework/src/Illuminate/Pipeline/Pipeline.php(219): Illuminate\\Http\\Middleware\\ValidatePostSize->handle()
#41 /var/www/indonesia-luxe/vendor/laravel/framework/src/Illuminate/Foundation/Http/Middleware/PreventRequestsDuringMaintenance.php(109): Illuminate\\Pipeline\\Pipeline->{closure:{closure:Illuminate\\Pipeline\\Pipeline::carry():194}:195}()
#42 /var/www/indonesia-luxe/vendor/laravel/framework/src/Illuminate/Pipeline/Pipeline.php(219): Illuminate\\Foundation\\Http\\Middleware\\PreventRequestsDuringMaintenance->handle()
#43 /var/www/indonesia-luxe/vendor/laravel/framework/src/Illuminate/Http/Middleware/HandleCors.php(61): Illuminate\\Pipeline\\Pipeline->{closure:{closure:Illuminate\\Pipeline\\Pipeline::carry():194}:195}()
#44 /var/www/indonesia-luxe/vendor/laravel/framework/src/Illuminate/Pipeline/Pipeline.php(219): Illuminate\\Http\\Middleware\\HandleCors->handle()
#45 /var/www/indonesia-luxe/vendor/laravel/framework/src/Illuminate/Http/Middleware/TrustProxies.php(58): Illuminate\\Pipeline\\Pipeline->{closure:{closure:Illuminate\\Pipeline\\Pipeline::carry():194}:195}()
#46 /var/www/indonesia-luxe/vendor/laravel/framework/src/Illuminate/Pipeline/Pipeline.php(219): Illuminate\\Http\\Middleware\\TrustProxies->handle()
#47 /var/www/indonesia-luxe/vendor/laravel/framework/src/Illuminate/Foundation/Http/Middleware/InvokeDeferredCallbacks.php(22): Illuminate\\Pipeline\\Pipeline->{closure:{closure:Illuminate\\Pipeline\\Pipeline::carry():194}:195}()
#48 /var/www/indonesia-luxe/vendor/laravel/framework/src/Illuminate/Pipeline/Pipeline.php(219): Illuminate\\Foundation\\Http\\Middleware\\InvokeDeferredCallbacks->handle()
#49 /var/www/indonesia-luxe/vendor/laravel/framework/src/Illuminate/Http/Middleware/ValidatePathEncoding.php(26): Illuminate\\Pipeline\\Pipeline->{closure:{closure:Illuminate\\Pipeline\\Pipeline::carry():194}:195}()
#50 /var/www/indonesia-luxe/vendor/laravel/framework/src/Illuminate/Pipeline/Pipeline.php(219): Illuminate\\Http\\Middleware\\ValidatePathEncoding->handle()
#51 /var/www/indonesia-luxe/vendor/laravel/framework/src/Illuminate/Pipeline/Pipeline.php(137): Illuminate\\Pipeline\\Pipeline->{closure:{closure:Illuminate\\Pipeline\\Pipeline::carry():194}:195}()
#52 /var/www/indonesia-luxe/vendor/laravel/framework/src/Illuminate/Foundation/Http/Kernel.php(175): Illuminate\\Pipeline\\Pipeline->then()
#53 /var/www/indonesia-luxe/vendor/laravel/framework/src/Illuminate/Foundation/Http/Kernel.php(144): Illuminate\\Foundation\\Http\\Kernel->sendRequestThroughRouter()
#54 /var/www/indonesia-luxe/vendor/laravel/framework/src/Illuminate/Foundation/Application.php(1220): Illuminate\\Foundation\\Http\\Kernel->handle()
#55 /var/www/indonesia-luxe/public/index.php(20): Illuminate\\Foundation\\Application->handleRequest()
#56 {main}
"} 
[2026-06-11 15:03:07] local.ERROR: Livewire encountered corrupt data when trying to hydrate a component. 
Ensure that the [name, id, data] of the Livewire component wasn't tampered with between requests. {"exception":"[object] (Livewire\\Mechanisms\\HandleComponents\\CorruptComponentPayloadException(code: 0): Livewire encountered corrupt data when trying to hydrate a component. 
Ensure that the [name, id, data] of the Livewire component wasn't tampered with between requests. at /var/www/indonesia-luxe/vendor/livewire/livewire/src/Mechanisms/HandleComponents/Checksum.php:29)
[stacktrace]
#0 /var/www/indonesia-luxe/vendor/livewire/livewire/src/Mechanisms/HandleComponents/HandleComponents.php(244): Livewire\\Mechanisms\\HandleComponents\\Checksum::verify()
#1 /var/www/indonesia-luxe/vendor/livewire/livewire/src/Mechanisms/HandleComponents/HandleComponents.php(210): Livewire\\Mechanisms\\HandleComponents\\HandleComponents->fromSnapshot()
#2 /var/www/indonesia-luxe/vendor/livewire/livewire/src/LivewireManager.php(131): Livewire\\Mechanisms\\HandleComponents\\HandleComponents->update()
#3 /var/www/indonesia-luxe/vendor/livewire/livewire/src/Mechanisms/HandleRequests/HandleRequests.php(156): Livewire\\LivewireManager->update()
#4 /var/www/indonesia-luxe/vendor/laravel/framework/src/Illuminate/Routing/ControllerDispatcher.php(46): Livewire\\Mechanisms\\HandleRequests\\HandleRequests->handleUpdate()
#5 /var/www/indonesia-luxe/vendor/laravel/framework/src/Illuminate/Routing/Route.php(265): Illuminate\\Routing\\ControllerDispatcher->dispatch()
#6 /var/www/indonesia-luxe/vendor/laravel/framework/src/Illuminate/Routing/Route.php(211): Illuminate\\Routing\\Route->runController()
#7 /var/www/indonesia-luxe/vendor/laravel/framework/src/Illuminate/Routing/Router.php(822): Illuminate\\Routing\\Route->run()
#8 /var/www/indonesia-luxe/vendor/laravel/framework/src/Illuminate/Pipeline/Pipeline.php(180): Illuminate\\Routing\\Router->{closure:Illuminate\\Routing\\Router::runRouteWithinStack():821}()
#9 /var/www/indonesia-luxe/vendor/laravel/boost/src/Middleware/InjectBoost.php(22): Illuminate\\Pipeline\\Pipeline->{closure:Illuminate\\Pipeline\\Pipeline::prepareDestination():178}()
#10 /var/www/indonesia-luxe/vendor/laravel/framework/src/Illuminate/Pipeline/Pipeline.php(219): Laravel\\Boost\\Middleware\\InjectBoost->handle()
#11 /var/www/indonesia-luxe/app/Http/Middleware/SetLocale.php(28): Illuminate\\Pipeline\\Pipeline->{closure:{closure:Illuminate\\Pipeline\\Pipeline::carry():194}:195}()
#12 /var/www/indonesia-luxe/vendor/laravel/framework/src/Illuminate/Pipeline/Pipeline.php(219): App\\Http\\Middleware\\SetLocale->handle()
#13 /var/www/indonesia-luxe/vendor/laravel/framework/src/Illuminate/Routing/Middleware/SubstituteBindings.php(50): Illuminate\\Pipeline\\Pipeline->{closure:{closure:Illuminate\\Pipeline\\Pipeline::carry():194}:195}()
#14 /var/www/indonesia-luxe/vendor/laravel/framework/src/Illuminate/Pipeline/Pipeline.php(219): Illuminate\\Routing\\Middleware\\SubstituteBindings->handle()
#15 /var/www/indonesia-luxe/vendor/laravel/framework/src/Illuminate/Foundation/Http/Middleware/VerifyCsrfToken.php(87): Illuminate\\Pipeline\\Pipeline->{closure:{closure:Illuminate\\Pipeline\\Pipeline::carry():194}:195}()
#16 /var/www/indonesia-luxe/vendor/laravel/framework/src/Illuminate/Pipeline/Pipeline.php(219): Illuminate\\Foundation\\Http\\Middleware\\VerifyCsrfToken->handle()
#17 /var/www/indonesia-luxe/vendor/laravel/framework/src/Illuminate/View/Middleware/ShareErrorsFromSession.php(48): Illuminate\\Pipeline\\Pipeline->{closure:{closure:Illuminate\\Pipeline\\Pipeline::carry():194}:195}()
#18 /var/www/indonesia-luxe/vendor/laravel/framework/src/Illuminate/Pipeline/Pipeline.php(219): Illuminate\\View\\Middleware\\ShareErrorsFromSession->handle()
#19 /var/www/indonesia-luxe/vendor/laravel/framework/src/Illuminate/Session/Middleware/StartSession.php(120): Illuminate\\Pipeline\\Pipeline->{closure:{closure:Illuminate\\Pipeline\\Pipeline::carry():194}:195}()
#20 /var/www/indonesia-luxe/vendor/laravel/framework/src/Illuminate/Session/Middleware/StartSession.php(63): Illuminate\\Session\\Middleware\\StartSession->handleStatefulRequest()
#21 /var/www/indonesia-luxe/vendor/laravel/framework/src/Illuminate/Pipeline/Pipeline.php(219): Illuminate\\Session\\Middleware\\StartSession->handle()
#22 /var/www/indonesia-luxe/vendor/laravel/framework/src/Illuminate/Cookie/Middleware/AddQueuedCookiesToResponse.php(36): Illuminate\\Pipeline\\Pipeline->{closure:{closure:Illuminate\\Pipeline\\Pipeline::carry():194}:195}()
#23 /var/www/indonesia-luxe/vendor/laravel/framework/src/Illuminate/Pipeline/Pipeline.php(219): Illuminate\\Cookie\\Middleware\\AddQueuedCookiesToResponse->handle()
#24 /var/www/indonesia-luxe/vendor/laravel/framework/src/Illuminate/Cookie/Middleware/EncryptCookies.php(74): Illuminate\\Pipeline\\Pipeline->{closure:{closure:Illuminate\\Pipeline\\Pipeline::carry():194}:195}()
#25 /var/www/indonesia-luxe/vendor/laravel/framework/src/Illuminate/Pipeline/Pipeline.php(219): Illuminate\\Cookie\\Middleware\\EncryptCookies->handle()
#26 /var/www/indonesia-luxe/vendor/laravel/framework/src/Illuminate/Pipeline/Pipeline.php(137): Illuminate\\Pipeline\\Pipeline->{closure:{closure:Illuminate\\Pipeline\\Pipeline::carry():194}:195}()
#27 /var/www/indonesia-luxe/vendor/laravel/framework/src/Illuminate/Routing/Router.php(821): Illuminate\\Pipeline\\Pipeline->then()
#28 /var/www/indonesia-luxe/vendor/laravel/framework/src/Illuminate/Routing/Router.php(800): Illuminate\\Routing\\Router->runRouteWithinStack()
#29 /var/www/indonesia-luxe/vendor/laravel/framework/src/Illuminate/Routing/Router.php(764): Illuminate\\Routing\\Router->runRoute()
#30 /var/www/indonesia-luxe/vendor/laravel/framework/src/Illuminate/Routing/Router.php(753): Illuminate\\Routing\\Router->dispatchToRoute()
#31 /var/www/indonesia-luxe/vendor/laravel/framework/src/Illuminate/Foundation/Http/Kernel.php(200): Illuminate\\Routing\\Router->dispatch()
#32 /var/www/indonesia-luxe/vendor/laravel/framework/src/Illuminate/Pipeline/Pipeline.php(180): Illuminate\\Foundation\\Http\\Kernel->{closure:Illuminate\\Foundation\\Http\\Kernel::dispatchToRouter():197}()
#33 /var/www/indonesia-luxe/vendor/livewire/livewire/src/Features/SupportDisablingBackButtonCache/DisableBackButtonCacheMiddleware.php(19): Illuminate\\Pipeline\\Pipeline->{closure:Illuminate\\Pipeline\\Pipeline::prepareDestination():178}()
#34 /var/www/indonesia-luxe/vendor/laravel/framework/src/Illuminate/Pipeline/Pipeline.php(219): Livewire\\Features\\SupportDisablingBackButtonCache\\DisableBackButtonCacheMiddleware->handle()
#35 /var/www/indonesia-luxe/vendor/laravel/framework/src/Illuminate/Foundation/Http/Middleware/ConvertEmptyStringsToNull.php(27): Illuminate\\Pipeline\\Pipeline->{closure:{closure:Illuminate\\Pipeline\\Pipeline::carry():194}:195}()
#36 /var/www/indonesia-luxe/vendor/laravel/framework/src/Illuminate/Pipeline/Pipeline.php(219): Illuminate\\Foundation\\Http\\Middleware\\ConvertEmptyStringsToNull->handle()
#37 /var/www/indonesia-luxe/vendor/laravel/framework/src/Illuminate/Foundation/Http/Middleware/TrimStrings.php(47): Illuminate\\Pipeline\\Pipeline->{closure:{closure:Illuminate\\Pipeline\\Pipeline::carry():194}:195}()
#38 /var/www/indonesia-luxe/vendor/laravel/framework/src/Illuminate/Pipeline/Pipeline.php(219): Illuminate\\Foundation\\Http\\Middleware\\TrimStrings->handle()
#39 /var/www/indonesia-luxe/vendor/laravel/framework/src/Illuminate/Http/Middleware/ValidatePostSize.php(27): Illuminate\\Pipeline\\Pipeline->{closure:{closure:Illuminate\\Pipeline\\Pipeline::carry():194}:195}()
#40 /var/www/indonesia-luxe/vendor/laravel/framework/src/Illuminate/Pipeline/Pipeline.php(219): Illuminate\\Http\\Middleware\\ValidatePostSize->handle()
#41 /var/www/indonesia-luxe/vendor/laravel/framework/src/Illuminate/Foundation/Http/Middleware/PreventRequestsDuringMaintenance.php(109): Illuminate\\Pipeline\\Pipeline->{closure:{closure:Illuminate\\Pipeline\\Pipeline::carry():194}:195}()
#42 /var/www/indonesia-luxe/vendor/laravel/framework/src/Illuminate/Pipeline/Pipeline.php(219): Illuminate\\Foundation\\Http\\Middleware\\PreventRequestsDuringMaintenance->handle()
#43 /var/www/indonesia-luxe/vendor/laravel/framework/src/Illuminate/Http/Middleware/HandleCors.php(61): Illuminate\\Pipeline\\Pipeline->{closure:{closure:Illuminate\\Pipeline\\Pipeline::carry():194}:195}()
#44 /var/www/indonesia-luxe/vendor/laravel/framework/src/Illuminate/Pipeline/Pipeline.php(219): Illuminate\\Http\\Middleware\\HandleCors->handle()
#45 /var/www/indonesia-luxe/vendor/laravel/framework/src/Illuminate/Http/Middleware/TrustProxies.php(58): Illuminate\\Pipeline\\Pipeline->{closure:{closure:Illuminate\\Pipeline\\Pipeline::carry():194}:195}()
#46 /var/www/indonesia-luxe/vendor/laravel/framework/src/Illuminate/Pipeline/Pipeline.php(219): Illuminate\\Http\\Middleware\\TrustProxies->handle()
#47 /var/www/indonesia-luxe/vendor/laravel/framework/src/Illuminate/Foundation/Http/Middleware/InvokeDeferredCallbacks.php(22): Illuminate\\Pipeline\\Pipeline->{closure:{closure:Illuminate\\Pipeline\\Pipeline::carry():194}:195}()
#48 /var/www/indonesia-luxe/vendor/laravel/framework/src/Illuminate/Pipeline/Pipeline.php(219): Illuminate\\Foundation\\Http\\Middleware\\InvokeDeferredCallbacks->handle()
#49 /var/www/indonesia-luxe/vendor/laravel/framework/src/Illuminate/Http/Middleware/ValidatePathEncoding.php(26): Illuminate\\Pipeline\\Pipeline->{closure:{closure:Illuminate\\Pipeline\\Pipeline::carry():194}:195}()
#50 /var/www/indonesia-luxe/vendor/laravel/framework/src/Illuminate/Pipeline/Pipeline.php(219): Illuminate\\Http\\Middleware\\ValidatePathEncoding->handle()
#51 /var/www/indonesia-luxe/vendor/laravel/framework/src/Illuminate/Pipeline/Pipeline.php(137): Illuminate\\Pipeline\\Pipeline->{closure:{closure:Illuminate\\Pipeline\\Pipeline::carry():194}:195}()
#52 /var/www/indonesia-luxe/vendor/laravel/framework/src/Illuminate/Foundation/Http/Kernel.php(175): Illuminate\\Pipeline\\Pipeline->then()
#53 /var/www/indonesia-luxe/vendor/laravel/framework/src/Illuminate/Foundation/Http/Kernel.php(144): Illuminate\\Foundation\\Http\\Kernel->sendRequestThroughRouter()
#54 /var/www/indonesia-luxe/vendor/laravel/framework/src/Illuminate/Foundation/Application.php(1220): Illuminate\\Foundation\\Http\\Kernel->handle()
#55 /var/www/indonesia-luxe/public/index.php(20): Illuminate\\Foundation\\Application->handleRequest()
#56 {main}
"} 
[2026-06-11 15:03:14] local.ERROR: Livewire encountered corrupt data when trying to hydrate a component. 
Ensure that the [name, id, data] of the Livewire component wasn't tampered with between requests. {"exception":"[object] (Livewire\\Mechanisms\\HandleComponents\\CorruptComponentPayloadException(code: 0): Livewire encountered corrupt data when trying to hydrate a component. 
Ensure that the [name, id, data] of the Livewire component wasn't tampered with between requests. at /var/www/indonesia-luxe/vendor/livewire/livewire/src/Mechanisms/HandleComponents/Checksum.php:29)
[stacktrace]
#0 /var/www/indonesia-luxe/vendor/livewire/livewire/src/Mechanisms/HandleComponents/HandleComponents.php(244): Livewire\\Mechanisms\\HandleComponents\\Checksum::verify()
#1 /var/www/indonesia-luxe/vendor/livewire/livewire/src/Mechanisms/HandleComponents/HandleComponents.php(210): Livewire\\Mechanisms\\HandleComponents\\HandleComponents->fromSnapshot()
#2 /var/www/indonesia-luxe/vendor/livewire/livewire/src/LivewireManager.php(131): Livewire\\Mechanisms\\HandleComponents\\HandleComponents->update()
#3 /var/www/indonesia-luxe/vendor/livewire/livewire/src/Mechanisms/HandleRequests/HandleRequests.php(156): Livewire\\LivewireManager->update()
#4 /var/www/indonesia-luxe/vendor/laravel/framework/src/Illuminate/Routing/ControllerDispatcher.php(46): Livewire\\Mechanisms\\HandleRequests\\HandleRequests->handleUpdate()
#5 /var/www/indonesia-luxe/vendor/laravel/framework/src/Illuminate/Routing/Route.php(265): Illuminate\\Routing\\ControllerDispatcher->dispatch()
#6 /var/www/indonesia-luxe/vendor/laravel/framework/src/Illuminate/Routing/Route.php(211): Illuminate\\Routing\\Route->runController()
#7 /var/www/indonesia-luxe/vendor/laravel/framework/src/Illuminate/Routing/Router.php(822): Illuminate\\Routing\\Route->run()
#8 /var/www/indonesia-luxe/vendor/laravel/framework/src/Illuminate/Pipeline/Pipeline.php(180): Illuminate\\Routing\\Router->{closure:Illuminate\\Routing\\Router::runRouteWithinStack():821}()
#9 /var/www/indonesia-luxe/vendor/laravel/boost/src/Middleware/InjectBoost.php(22): Illuminate\\Pipeline\\Pipeline->{closure:Illuminate\\Pipeline\\Pipeline::prepareDestination():178}()
#10 /var/www/indonesia-luxe/vendor/laravel/framework/src/Illuminate/Pipeline/Pipeline.php(219): Laravel\\Boost\\Middleware\\InjectBoost->handle()
#11 /var/www/indonesia-luxe/app/Http/Middleware/SetLocale.php(28): Illuminate\\Pipeline\\Pipeline->{closure:{closure:Illuminate\\Pipeline\\Pipeline::carry():194}:195}()
#12 /var/www/indonesia-luxe/vendor/laravel/framework/src/Illuminate/Pipeline/Pipeline.php(219): App\\Http\\Middleware\\SetLocale->handle()
#13 /var/www/indonesia-luxe/vendor/laravel/framework/src/Illuminate/Routing/Middleware/SubstituteBindings.php(50): Illuminate\\Pipeline\\Pipeline->{closure:{closure:Illuminate\\Pipeline\\Pipeline::carry():194}:195}()
#14 /var/www/indonesia-luxe/vendor/laravel/framework/src/Illuminate/Pipeline/Pipeline.php(219): Illuminate\\Routing\\Middleware\\SubstituteBindings->handle()
#15 /var/www/indonesia-luxe/vendor/laravel/framework/src/Illuminate/Foundation/Http/Middleware/VerifyCsrfToken.php(87): Illuminate\\Pipeline\\Pipeline->{closure:{closure:Illuminate\\Pipeline\\Pipeline::carry():194}:195}()
#16 /var/www/indonesia-luxe/vendor/laravel/framework/src/Illuminate/Pipeline/Pipeline.php(219): Illuminate\\Foundation\\Http\\Middleware\\VerifyCsrfToken->handle()
#17 /var/www/indonesia-luxe/vendor/laravel/framework/src/Illuminate/View/Middleware/ShareErrorsFromSession.php(48): Illuminate\\Pipeline\\Pipeline->{closure:{closure:Illuminate\\Pipeline\\Pipeline::carry():194}:195}()
#18 /var/www/indonesia-luxe/vendor/laravel/framework/src/Illuminate/Pipeline/Pipeline.php(219): Illuminate\\View\\Middleware\\ShareErrorsFromSession->handle()
#19 /var/www/indonesia-luxe/vendor/laravel/framework/src/Illuminate/Session/Middleware/StartSession.php(120): Illuminate\\Pipeline\\Pipeline->{closure:{closure:Illuminate\\Pipeline\\Pipeline::carry():194}:195}()
#20 /var/www/indonesia-luxe/vendor/laravel/framework/src/Illuminate/Session/Middleware/StartSession.php(63): Illuminate\\Session\\Middleware\\StartSession->handleStatefulRequest()
#21 /var/www/indonesia-luxe/vendor/laravel/framework/src/Illuminate/Pipeline/Pipeline.php(219): Illuminate\\Session\\Middleware\\StartSession->handle()
#22 /var/www/indonesia-luxe/vendor/laravel/framework/src/Illuminate/Cookie/Middleware/AddQueuedCookiesToResponse.php(36): Illuminate\\Pipeline\\Pipeline->{closure:{closure:Illuminate\\Pipeline\\Pipeline::carry():194}:195}()
#23 /var/www/indonesia-luxe/vendor/laravel/framework/src/Illuminate/Pipeline/Pipeline.php(219): Illuminate\\Cookie\\Middleware\\AddQueuedCookiesToResponse->handle()
#24 /var/www/indonesia-luxe/vendor/laravel/framework/src/Illuminate/Cookie/Middleware/EncryptCookies.php(74): Illuminate\\Pipeline\\Pipeline->{closure:{closure:Illuminate\\Pipeline\\Pipeline::carry():194}:195}()
#25 /var/www/indonesia-luxe/vendor/laravel/framework/src/Illuminate/Pipeline/Pipeline.php(219): Illuminate\\Cookie\\Middleware\\EncryptCookies->handle()
#26 /var/www/indonesia-luxe/vendor/laravel/framework/src/Illuminate/Pipeline/Pipeline.php(137): Illuminate\\Pipeline\\Pipeline->{closure:{closure:Illuminate\\Pipeline\\Pipeline::carry():194}:195}()
#27 /var/www/indonesia-luxe/vendor/laravel/framework/src/Illuminate/Routing/Router.php(821): Illuminate\\Pipeline\\Pipeline->then()
#28 /var/www/indonesia-luxe/vendor/laravel/framework/src/Illuminate/Routing/Router.php(800): Illuminate\\Routing\\Router->runRouteWithinStack()
#29 /var/www/indonesia-luxe/vendor/laravel/framework/src/Illuminate/Routing/Router.php(764): Illuminate\\Routing\\Router->runRoute()
#30 /var/www/indonesia-luxe/vendor/laravel/framework/src/Illuminate/Routing/Router.php(753): Illuminate\\Routing\\Router->dispatchToRoute()
#31 /var/www/indonesia-luxe/vendor/laravel/framework/src/Illuminate/Foundation/Http/Kernel.php(200): Illuminate\\Routing\\Router->dispatch()
#32 /var/www/indonesia-luxe/vendor/laravel/framework/src/Illuminate/Pipeline/Pipeline.php(180): Illuminate\\Foundation\\Http\\Kernel->{closure:Illuminate\\Foundation\\Http\\Kernel::dispatchToRouter():197}()
#33 /var/www/indonesia-luxe/vendor/livewire/livewire/src/Features/SupportDisablingBackButtonCache/DisableBackButtonCacheMiddleware.php(19): Illuminate\\Pipeline\\Pipeline->{closure:Illuminate\\Pipeline\\Pipeline::prepareDestination():178}()
#34 /var/www/indonesia-luxe/vendor/laravel/framework/src/Illuminate/Pipeline/Pipeline.php(219): Livewire\\Features\\SupportDisablingBackButtonCache\\DisableBackButtonCacheMiddleware->handle()
#35 /var/www/indonesia-luxe/vendor/laravel/framework/src/Illuminate/Foundation/Http/Middleware/ConvertEmptyStringsToNull.php(27): Illuminate\\Pipeline\\Pipeline->{closure:{closure:Illuminate\\Pipeline\\Pipeline::carry():194}:195}()
#36 /var/www/indonesia-luxe/vendor/laravel/framework/src/Illuminate/Pipeline/Pipeline.php(219): Illuminate\\Foundation\\Http\\Middleware\\ConvertEmptyStringsToNull->handle()
#37 /var/www/indonesia-luxe/vendor/laravel/framework/src/Illuminate/Foundation/Http/Middleware/TrimStrings.php(47): Illuminate\\Pipeline\\Pipeline->{closure:{closure:Illuminate\\Pipeline\\Pipeline::carry():194}:195}()
#38 /var/www/indonesia-luxe/vendor/laravel/framework/src/Illuminate/Pipeline/Pipeline.php(219): Illuminate\\Foundation\\Http\\Middleware\\TrimStrings->handle()
#39 /var/www/indonesia-luxe/vendor/laravel/framework/src/Illuminate/Http/Middleware/ValidatePostSize.php(27): Illuminate\\Pipeline\\Pipeline->{closure:{closure:Illuminate\\Pipeline\\Pipeline::carry():194}:195}()
#40 /var/www/indonesia-luxe/vendor/laravel/framework/src/Illuminate/Pipeline/Pipeline.php(219): Illuminate\\Http\\Middleware\\ValidatePostSize->handle()
#41 /var/www/indonesia-luxe/vendor/laravel/framework/src/Illuminate/Foundation/Http/Middleware/PreventRequestsDuringMaintenance.php(109): Illuminate\\Pipeline\\Pipeline->{closure:{closure:Illuminate\\Pipeline\\Pipeline::carry():194}:195}()
#42 /var/www/indonesia-luxe/vendor/laravel/framework/src/Illuminate/Pipeline/Pipeline.php(219): Illuminate\\Foundation\\Http\\Middleware\\PreventRequestsDuringMaintenance->handle()
#43 /var/www/indonesia-luxe/vendor/laravel/framework/src/Illuminate/Http/Middleware/HandleCors.php(61): Illuminate\\Pipeline\\Pipeline->{closure:{closure:Illuminate\\Pipeline\\Pipeline::carry():194}:195}()
#44 /var/www/indonesia-luxe/vendor/laravel/framework/src/Illuminate/Pipeline/Pipeline.php(219): Illuminate\\Http\\Middleware\\HandleCors->handle()
#45 /var/www/indonesia-luxe/vendor/laravel/framework/src/Illuminate/Http/Middleware/TrustProxies.php(58): Illuminate\\Pipeline\\Pipeline->{closure:{closure:Illuminate\\Pipeline\\Pipeline::carry():194}:195}()
#46 /var/www/indonesia-luxe/vendor/laravel/framework/src/Illuminate/Pipeline/Pipeline.php(219): Illuminate\\Http\\Middleware\\TrustProxies->handle()
#47 /var/www/indonesia-luxe/vendor/laravel/framework/src/Illuminate/Foundation/Http/Middleware/InvokeDeferredCallbacks.php(22): Illuminate\\Pipeline\\Pipeline->{closure:{closure:Illuminate\\Pipeline\\Pipeline::carry():194}:195}()
#48 /var/www/indonesia-luxe/vendor/laravel/framework/src/Illuminate/Pipeline/Pipeline.php(219): Illuminate\\Foundation\\Http\\Middleware\\InvokeDeferredCallbacks->handle()
#49 /var/www/indonesia-luxe/vendor/laravel/framework/src/Illuminate/Http/Middleware/ValidatePathEncoding.php(26): Illuminate\\Pipeline\\Pipeline->{closure:{closure:Illuminate\\Pipeline\\Pipeline::carry():194}:195}()
#50 /var/www/indonesia-luxe/vendor/laravel/framework/src/Illuminate/Pipeline/Pipeline.php(219): Illuminate\\Http\\Middleware\\ValidatePathEncoding->handle()
#51 /var/www/indonesia-luxe/vendor/laravel/framework/src/Illuminate/Pipeline/Pipeline.php(137): Illuminate\\Pipeline\\Pipeline->{closure:{closure:Illuminate\\Pipeline\\Pipeline::carry():194}:195}()
#52 /var/www/indonesia-luxe/vendor/laravel/framework/src/Illuminate/Foundation/Http/Kernel.php(175): Illuminate\\Pipeline\\Pipeline->then()
#53 /var/www/indonesia-luxe/vendor/laravel/framework/src/Illuminate/Foundation/Http/Kernel.php(144): Illuminate\\Foundation\\Http\\Kernel->sendRequestThroughRouter()
#54 /var/www/indonesia-luxe/vendor/laravel/framework/src/Illuminate/Foundation/Application.php(1220): Illuminate\\Foundation\\Http\\Kernel->handle()
#55 /var/www/indonesia-luxe/public/index.php(20): Illuminate\\Foundation\\Application->handleRequest()
#56 {main}
"} 
[2026-06-11 15:03:20] local.ERROR: Livewire encountered corrupt data when trying to hydrate a component. 
Ensure that the [name, id, data] of the Livewire component wasn't tampered with between requests. {"exception":"[object] (Livewire\\Mechanisms\\HandleComponents\\CorruptComponentPayloadException(code: 0): Livewire encountered corrupt data when trying to hydrate a component. 
Ensure that the [name, id, data] of the Livewire component wasn't tampered with between requests. at /var/www/indonesia-luxe/vendor/livewire/livewire/src/Mechanisms/HandleComponents/Checksum.php:29)
[stacktrace]
#0 /var/www/indonesia-luxe/vendor/livewire/livewire/src/Mechanisms/HandleComponents/HandleComponents.php(244): Livewire\\Mechanisms\\HandleComponents\\Checksum::verify()
#1 /var/www/indonesia-luxe/vendor/livewire/livewire/src/Mechanisms/HandleComponents/HandleComponents.php(210): Livewire\\Mechanisms\\HandleComponents\\HandleComponents->fromSnapshot()
#2 /var/www/indonesia-luxe/vendor/livewire/livewire/src/LivewireManager.php(131): Livewire\\Mechanisms\\HandleComponents\\HandleComponents->update()
#3 /var/www/indonesia-luxe/vendor/livewire/livewire/src/Mechanisms/HandleRequests/HandleRequests.php(156): Livewire\\LivewireManager->update()
#4 /var/www/indonesia-luxe/vendor/laravel/framework/src/Illuminate/Routing/ControllerDispatcher.php(46): Livewire\\Mechanisms\\HandleRequests\\HandleRequests->handleUpdate()
#5 /var/www/indonesia-luxe/vendor/laravel/framework/src/Illuminate/Routing/Route.php(265): Illuminate\\Routing\\ControllerDispatcher->dispatch()
#6 /var/www/indonesia-luxe/vendor/laravel/framework/src/Illuminate/Routing/Route.php(211): Illuminate\\Routing\\Route->runController()
#7 /var/www/indonesia-luxe/vendor/laravel/framework/src/Illuminate/Routing/Router.php(822): Illuminate\\Routing\\Route->run()
#8 /var/www/indonesia-luxe/vendor/laravel/framework/src/Illuminate/Pipeline/Pipeline.php(180): Illuminate\\Routing\\Router->{closure:Illuminate\\Routing\\Router::runRouteWithinStack():821}()
#9 /var/www/indonesia-luxe/vendor/laravel/boost/src/Middleware/InjectBoost.php(22): Illuminate\\Pipeline\\Pipeline->{closure:Illuminate\\Pipeline\\Pipeline::prepareDestination():178}()
#10 /var/www/indonesia-luxe/vendor/laravel/framework/src/Illuminate/Pipeline/Pipeline.php(219): Laravel\\Boost\\Middleware\\InjectBoost->handle()
#11 /var/www/indonesia-luxe/app/Http/Middleware/SetLocale.php(28): Illuminate\\Pipeline\\Pipeline->{closure:{closure:Illuminate\\Pipeline\\Pipeline::carry():194}:195}()
#12 /var/www/indonesia-luxe/vendor/laravel/framework/src/Illuminate/Pipeline/Pipeline.php(219): App\\Http\\Middleware\\SetLocale->handle()
#13 /var/www/indonesia-luxe/vendor/laravel/framework/src/Illuminate/Routing/Middleware/SubstituteBindings.php(50): Illuminate\\Pipeline\\Pipeline->{closure:{closure:Illuminate\\Pipeline\\Pipeline::carry():194}:195}()
#14 /var/www/indonesia-luxe/vendor/laravel/framework/src/Illuminate/Pipeline/Pipeline.php(219): Illuminate\\Routing\\Middleware\\SubstituteBindings->handle()
#15 /var/www/indonesia-luxe/vendor/laravel/framework/src/Illuminate/Foundation/Http/Middleware/VerifyCsrfToken.php(87): Illuminate\\Pipeline\\Pipeline->{closure:{closure:Illuminate\\Pipeline\\Pipeline::carry():194}:195}()
#16 /var/www/indonesia-luxe/vendor/laravel/framework/src/Illuminate/Pipeline/Pipeline.php(219): Illuminate\\Foundation\\Http\\Middleware\\VerifyCsrfToken->handle()
#17 /var/www/indonesia-luxe/vendor/laravel/framework/src/Illuminate/View/Middleware/ShareErrorsFromSession.php(48): Illuminate\\Pipeline\\Pipeline->{closure:{closure:Illuminate\\Pipeline\\Pipeline::carry():194}:195}()
#18 /var/www/indonesia-luxe/vendor/laravel/framework/src/Illuminate/Pipeline/Pipeline.php(219): Illuminate\\View\\Middleware\\ShareErrorsFromSession->handle()
#19 /var/www/indonesia-luxe/vendor/laravel/framework/src/Illuminate/Session/Middleware/StartSession.php(120): Illuminate\\Pipeline\\Pipeline->{closure:{closure:Illuminate\\Pipeline\\Pipeline::carry():194}:195}()
#20 /var/www/indonesia-luxe/vendor/laravel/framework/src/Illuminate/Session/Middleware/StartSession.php(63): Illuminate\\Session\\Middleware\\StartSession->handleStatefulRequest()
#21 /var/www/indonesia-luxe/vendor/laravel/framework/src/Illuminate/Pipeline/Pipeline.php(219): Illuminate\\Session\\Middleware\\StartSession->handle()
#22 /var/www/indonesia-luxe/vendor/laravel/framework/src/Illuminate/Cookie/Middleware/AddQueuedCookiesToResponse.php(36): Illuminate\\Pipeline\\Pipeline->{closure:{closure:Illuminate\\Pipeline\\Pipeline::carry():194}:195}()
#23 /var/www/indonesia-luxe/vendor/laravel/framework/src/Illuminate/Pipeline/Pipeline.php(219): Illuminate\\Cookie\\Middleware\\AddQueuedCookiesToResponse->handle()
#24 /var/www/indonesia-luxe/vendor/laravel/framework/src/Illuminate/Cookie/Middleware/EncryptCookies.php(74): Illuminate\\Pipeline\\Pipeline->{closure:{closure:Illuminate\\Pipeline\\Pipeline::carry():194}:195}()
#25 /var/www/indonesia-luxe/vendor/laravel/framework/src/Illuminate/Pipeline/Pipeline.php(219): Illuminate\\Cookie\\Middleware\\EncryptCookies->handle()
#26 /var/www/indonesia-luxe/vendor/laravel/framework/src/Illuminate/Pipeline/Pipeline.php(137): Illuminate\\Pipeline\\Pipeline->{closure:{closure:Illuminate\\Pipeline\\Pipeline::carry():194}:195}()
#27 /var/www/indonesia-luxe/vendor/laravel/framework/src/Illuminate/Routing/Router.php(821): Illuminate\\Pipeline\\Pipeline->then()
#28 /var/www/indonesia-luxe/vendor/laravel/framework/src/Illuminate/Routing/Router.php(800): Illuminate\\Routing\\Router->runRouteWithinStack()
#29 /var/www/indonesia-luxe/vendor/laravel/framework/src/Illuminate/Routing/Router.php(764): Illuminate\\Routing\\Router->runRoute()
#30 /var/www/indonesia-luxe/vendor/laravel/framework/src/Illuminate/Routing/Router.php(753): Illuminate\\Routing\\Router->dispatchToRoute()
#31 /var/www/indonesia-luxe/vendor/laravel/framework/src/Illuminate/Foundation/Http/Kernel.php(200): Illuminate\\Routing\\Router->dispatch()
#32 /var/www/indonesia-luxe/vendor/laravel/framework/src/Illuminate/Pipeline/Pipeline.php(180): Illuminate\\Foundation\\Http\\Kernel->{closure:Illuminate\\Foundation\\Http\\Kernel::dispatchToRouter():197}()
#33 /var/www/indonesia-luxe/vendor/livewire/livewire/src/Features/SupportDisablingBackButtonCache/DisableBackButtonCacheMiddleware.php(19): Illuminate\\Pipeline\\Pipeline->{closure:Illuminate\\Pipeline\\Pipeline::prepareDestination():178}()
#34 /var/www/indonesia-luxe/vendor/laravel/framework/src/Illuminate/Pipeline/Pipeline.php(219): Livewire\\Features\\SupportDisablingBackButtonCache\\DisableBackButtonCacheMiddleware->handle()
#35 /var/www/indonesia-luxe/vendor/laravel/framework/src/Illuminate/Foundation/Http/Middleware/ConvertEmptyStringsToNull.php(27): Illuminate\\Pipeline\\Pipeline->{closure:{closure:Illuminate\\Pipeline\\Pipeline::carry():194}:195}()
#36 /var/www/indonesia-luxe/vendor/laravel/framework/src/Illuminate/Pipeline/Pipeline.php(219): Illuminate\\Foundation\\Http\\Middleware\\ConvertEmptyStringsToNull->handle()
#37 /var/www/indonesia-luxe/vendor/laravel/framework/src/Illuminate/Foundation/Http/Middleware/TrimStrings.php(47): Illuminate\\Pipeline\\Pipeline->{closure:{closure:Illuminate\\Pipeline\\Pipeline::carry():194}:195}()
#38 /var/www/indonesia-luxe/vendor/laravel/framework/src/Illuminate/Pipeline/Pipeline.php(219): Illuminate\\Foundation\\Http\\Middleware\\TrimStrings->handle()
#39 /var/www/indonesia-luxe/vendor/laravel/framework/src/Illuminate/Http/Middleware/ValidatePostSize.php(27): Illuminate\\Pipeline\\Pipeline->{closure:{closure:Illuminate\\Pipeline\\Pipeline::carry():194}:195}()
#40 /var/www/indonesia-luxe/vendor/laravel/framework/src/Illuminate/Pipeline/Pipeline.php(219): Illuminate\\Http\\Middleware\\ValidatePostSize->handle()
#41 /var/www/indonesia-luxe/vendor/laravel/framework/src/Illuminate/Foundation/Http/Middleware/PreventRequestsDuringMaintenance.php(109): Illuminate\\Pipeline\\Pipeline->{closure:{closure:Illuminate\\Pipeline\\Pipeline::carry():194}:195}()
#42 /var/www/indonesia-luxe/vendor/laravel/framework/src/Illuminate/Pipeline/Pipeline.php(219): Illuminate\\Foundation\\Http\\Middleware\\PreventRequestsDuringMaintenance->handle()
#43 /var/www/indonesia-luxe/vendor/laravel/framework/src/Illuminate/Http/Middleware/HandleCors.php(61): Illuminate\\Pipeline\\Pipeline->{closure:{closure:Illuminate\\Pipeline\\Pipeline::carry():194}:195}()
#44 /var/www/indonesia-luxe/vendor/laravel/framework/src/Illuminate/Pipeline/Pipeline.php(219): Illuminate\\Http\\Middleware\\HandleCors->handle()
#45 /var/www/indonesia-luxe/vendor/laravel/framework/src/Illuminate/Http/Middleware/TrustProxies.php(58): Illuminate\\Pipeline\\Pipeline->{closure:{closure:Illuminate\\Pipeline\\Pipeline::carry():194}:195}()
#46 /var/www/indonesia-luxe/vendor/laravel/framework/src/Illuminate/Pipeline/Pipeline.php(219): Illuminate\\Http\\Middleware\\TrustProxies->handle()
#47 /var/www/indonesia-luxe/vendor/laravel/framework/src/Illuminate/Foundation/Http/Middleware/InvokeDeferredCallbacks.php(22): Illuminate\\Pipeline\\Pipeline->{closure:{closure:Illuminate\\Pipeline\\Pipeline::carry():194}:195}()
#48 /var/www/indonesia-luxe/vendor/laravel/framework/src/Illuminate/Pipeline/Pipeline.php(219): Illuminate\\Foundation\\Http\\Middleware\\InvokeDeferredCallbacks->handle()
#49 /var/www/indonesia-luxe/vendor/laravel/framework/src/Illuminate/Http/Middleware/ValidatePathEncoding.php(26): Illuminate\\Pipeline\\Pipeline->{closure:{closure:Illuminate\\Pipeline\\Pipeline::carry():194}:195}()
#50 /var/www/indonesia-luxe/vendor/laravel/framework/src/Illuminate/Pipeline/Pipeline.php(219): Illuminate\\Http\\Middleware\\ValidatePathEncoding->handle()
#51 /var/www/indonesia-luxe/vendor/laravel/framework/src/Illuminate/Pipeline/Pipeline.php(137): Illuminate\\Pipeline\\Pipeline->{closure:{closure:Illuminate\\Pipeline\\Pipeline::carry():194}:195}()
#52 /var/www/indonesia-luxe/vendor/laravel/framework/src/Illuminate/Foundation/Http/Kernel.php(175): Illuminate\\Pipeline\\Pipeline->then()
#53 /var/www/indonesia-luxe/vendor/laravel/framework/src/Illuminate/Foundation/Http/Kernel.php(144): Illuminate\\Foundation\\Http\\Kernel->sendRequestThroughRouter()
#54 /var/www/indonesia-luxe/vendor/laravel/framework/src/Illuminate/Foundation/Application.php(1220): Illuminate\\Foundation\\Http\\Kernel->handle()
#55 /var/www/indonesia-luxe/public/index.php(20): Illuminate\\Foundation\\Application->handleRequest()
#56 {main}
"} 
[2026-06-11 15:12:20] local.ERROR: Livewire encountered corrupt data when trying to hydrate a component. 
Ensure that the [name, id, data] of the Livewire component wasn't tampered with between requests. {"exception":"[object] (Livewire\\Mechanisms\\HandleComponents\\CorruptComponentPayloadException(code: 0): Livewire encountered corrupt data when trying to hydrate a component. 
Ensure that the [name, id, data] of the Livewire component wasn't tampered with between requests. at /var/www/indonesia-luxe/vendor/livewire/livewire/src/Mechanisms/HandleComponents/Checksum.php:29)
[stacktrace]
#0 /var/www/indonesia-luxe/vendor/livewire/livewire/src/Mechanisms/HandleComponents/HandleComponents.php(244): Livewire\\Mechanisms\\HandleComponents\\Checksum::verify()
#1 /var/www/indonesia-luxe/vendor/livewire/livewire/src/Mechanisms/HandleComponents/HandleComponents.php(210): Livewire\\Mechanisms\\HandleComponents\\HandleComponents->fromSnapshot()
#2 /var/www/indonesia-luxe/vendor/livewire/livewire/src/LivewireManager.php(131): Livewire\\Mechanisms\\HandleComponents\\HandleComponents->update()
#3 /var/www/indonesia-luxe/vendor/livewire/livewire/src/Mechanisms/HandleRequests/HandleRequests.php(156): Livewire\\LivewireManager->update()
#4 /var/www/indonesia-luxe/vendor/laravel/framework/src/Illuminate/Routing/ControllerDispatcher.php(46): Livewire\\Mechanisms\\HandleRequests\\HandleRequests->handleUpdate()
#5 /var/www/indonesia-luxe/vendor/laravel/framework/src/Illuminate/Routing/Route.php(265): Illuminate\\Routing\\ControllerDispatcher->dispatch()
#6 /var/www/indonesia-luxe/vendor/laravel/framework/src/Illuminate/Routing/Route.php(211): Illuminate\\Routing\\Route->runController()
#7 /var/www/indonesia-luxe/vendor/laravel/framework/src/Illuminate/Routing/Router.php(822): Illuminate\\Routing\\Route->run()
#8 /var/www/indonesia-luxe/vendor/laravel/framework/src/Illuminate/Pipeline/Pipeline.php(180): Illuminate\\Routing\\Router->{closure:Illuminate\\Routing\\Router::runRouteWithinStack():821}()
#9 /var/www/indonesia-luxe/vendor/laravel/boost/src/Middleware/InjectBoost.php(22): Illuminate\\Pipeline\\Pipeline->{closure:Illuminate\\Pipeline\\Pipeline::prepareDestination():178}()
#10 /var/www/indonesia-luxe/vendor/laravel/framework/src/Illuminate/Pipeline/Pipeline.php(219): Laravel\\Boost\\Middleware\\InjectBoost->handle()
#11 /var/www/indonesia-luxe/app/Http/Middleware/SetLocale.php(28): Illuminate\\Pipeline\\Pipeline->{closure:{closure:Illuminate\\Pipeline\\Pipeline::carry():194}:195}()
#12 /var/www/indonesia-luxe/vendor/laravel/framework/src/Illuminate/Pipeline/Pipeline.php(219): App\\Http\\Middleware\\SetLocale->handle()
#13 /var/www/indonesia-luxe/vendor/laravel/framework/src/Illuminate/Routing/Middleware/SubstituteBindings.php(50): Illuminate\\Pipeline\\Pipeline->{closure:{closure:Illuminate\\Pipeline\\Pipeline::carry():194}:195}()
#14 /var/www/indonesia-luxe/vendor/laravel/framework/src/Illuminate/Pipeline/Pipeline.php(219): Illuminate\\Routing\\Middleware\\SubstituteBindings->handle()
#15 /var/www/indonesia-luxe/vendor/laravel/framework/src/Illuminate/Foundation/Http/Middleware/VerifyCsrfToken.php(87): Illuminate\\Pipeline\\Pipeline->{closure:{closure:Illuminate\\Pipeline\\Pipeline::carry():194}:195}()
#16 /var/www/indonesia-luxe/vendor/laravel/framework/src/Illuminate/Pipeline/Pipeline.php(219): Illuminate\\Foundation\\Http\\Middleware\\VerifyCsrfToken->handle()
#17 /var/www/indonesia-luxe/vendor/laravel/framework/src/Illuminate/View/Middleware/ShareErrorsFromSession.php(48): Illuminate\\Pipeline\\Pipeline->{closure:{closure:Illuminate\\Pipeline\\Pipeline::carry():194}:195}()
#18 /var/www/indonesia-luxe/vendor/laravel/framework/src/Illuminate/Pipeline/Pipeline.php(219): Illuminate\\View\\Middleware\\ShareErrorsFromSession->handle()
#19 /var/www/indonesia-luxe/vendor/laravel/framework/src/Illuminate/Session/Middleware/StartSession.php(120): Illuminate\\Pipeline\\Pipeline->{closure:{closure:Illuminate\\Pipeline\\Pipeline::carry():194}:195}()
#20 /var/www/indonesia-luxe/vendor/laravel/framework/src/Illuminate/Session/Middleware/StartSession.php(63): Illuminate\\Session\\Middleware\\StartSession->handleStatefulRequest()
#21 /var/www/indonesia-luxe/vendor/laravel/framework/src/Illuminate/Pipeline/Pipeline.php(219): Illuminate\\Session\\Middleware\\StartSession->handle()
#22 /var/www/indonesia-luxe/vendor/laravel/framework/src/Illuminate/Cookie/Middleware/AddQueuedCookiesToResponse.php(36): Illuminate\\Pipeline\\Pipeline->{closure:{closure:Illuminate\\Pipeline\\Pipeline::carry():194}:195}()
#23 /var/www/indonesia-luxe/vendor/laravel/framework/src/Illuminate/Pipeline/Pipeline.php(219): Illuminate\\Cookie\\Middleware\\AddQueuedCookiesToResponse->handle()
#24 /var/www/indonesia-luxe/vendor/laravel/framework/src/Illuminate/Cookie/Middleware/EncryptCookies.php(74): Illuminate\\Pipeline\\Pipeline->{closure:{closure:Illuminate\\Pipeline\\Pipeline::carry():194}:195}()
#25 /var/www/indonesia-luxe/vendor/laravel/framework/src/Illuminate/Pipeline/Pipeline.php(219): Illuminate\\Cookie\\Middleware\\EncryptCookies->handle()
#26 /var/www/indonesia-luxe/vendor/laravel/framework/src/Illuminate/Pipeline/Pipeline.php(137): Illuminate\\Pipeline\\Pipeline->{closure:{closure:Illuminate\\Pipeline\\Pipeline::carry():194}:195}()
#27 /var/www/indonesia-luxe/vendor/laravel/framework/src/Illuminate/Routing/Router.php(821): Illuminate\\Pipeline\\Pipeline->then()
#28 /var/www/indonesia-luxe/vendor/laravel/framework/src/Illuminate/Routing/Router.php(800): Illuminate\\Routing\\Router->runRouteWithinStack()
#29 /var/www/indonesia-luxe/vendor/laravel/framework/src/Illuminate/Routing/Router.php(764): Illuminate\\Routing\\Router->runRoute()
#30 /var/www/indonesia-luxe/vendor/laravel/framework/src/Illuminate/Routing/Router.php(753): Illuminate\\Routing\\Router->dispatchToRoute()
#31 /var/www/indonesia-luxe/vendor/laravel/framework/src/Illuminate/Foundation/Http/Kernel.php(200): Illuminate\\Routing\\Router->dispatch()
#32 /var/www/indonesia-luxe/vendor/laravel/framework/src/Illuminate/Pipeline/Pipeline.php(180): Illuminate\\Foundation\\Http\\Kernel->{closure:Illuminate\\Foundation\\Http\\Kernel::dispatchToRouter():197}()
#33 /var/www/indonesia-luxe/vendor/livewire/livewire/src/Features/SupportDisablingBackButtonCache/DisableBackButtonCacheMiddleware.php(19): Illuminate\\Pipeline\\Pipeline->{closure:Illuminate\\Pipeline\\Pipeline::prepareDestination():178}()
#34 /var/www/indonesia-luxe/vendor/laravel/framework/src/Illuminate/Pipeline/Pipeline.php(219): Livewire\\Features\\SupportDisablingBackButtonCache\\DisableBackButtonCacheMiddleware->handle()
#35 /var/www/indonesia-luxe/vendor/laravel/framework/src/Illuminate/Foundation/Http/Middleware/ConvertEmptyStringsToNull.php(27): Illuminate\\Pipeline\\Pipeline->{closure:{closure:Illuminate\\Pipeline\\Pipeline::carry():194}:195}()
#36 /var/www/indonesia-luxe/vendor/laravel/framework/src/Illuminate/Pipeline/Pipeline.php(219): Illuminate\\Foundation\\Http\\Middleware\\ConvertEmptyStringsToNull->handle()
#37 /var/www/indonesia-luxe/vendor/laravel/framework/src/Illuminate/Foundation/Http/Middleware/TrimStrings.php(47): Illuminate\\Pipeline\\Pipeline->{closure:{closure:Illuminate\\Pipeline\\Pipeline::carry():194}:195}()
#38 /var/www/indonesia-luxe/vendor/laravel/framework/src/Illuminate/Pipeline/Pipeline.php(219): Illuminate\\Foundation\\Http\\Middleware\\TrimStrings->handle()
#39 /var/www/indonesia-luxe/vendor/laravel/framework/src/Illuminate/Http/Middleware/ValidatePostSize.php(27): Illuminate\\Pipeline\\Pipeline->{closure:{closure:Illuminate\\Pipeline\\Pipeline::carry():194}:195}()
#40 /var/www/indonesia-luxe/vendor/laravel/framework/src/Illuminate/Pipeline/Pipeline.php(219): Illuminate\\Http\\Middleware\\ValidatePostSize->handle()
#41 /var/www/indonesia-luxe/vendor/laravel/framework/src/Illuminate/Foundation/Http/Middleware/PreventRequestsDuringMaintenance.php(109): Illuminate\\Pipeline\\Pipeline->{closure:{closure:Illuminate\\Pipeline\\Pipeline::carry():194}:195}()
#42 /var/www/indonesia-luxe/vendor/laravel/framework/src/Illuminate/Pipeline/Pipeline.php(219): Illuminate\\Foundation\\Http\\Middleware\\PreventRequestsDuringMaintenance->handle()
#43 /var/www/indonesia-luxe/vendor/laravel/framework/src/Illuminate/Http/Middleware/HandleCors.php(61): Illuminate\\Pipeline\\Pipeline->{closure:{closure:Illuminate\\Pipeline\\Pipeline::carry():194}:195}()
#44 /var/www/indonesia-luxe/vendor/laravel/framework/src/Illuminate/Pipeline/Pipeline.php(219): Illuminate\\Http\\Middleware\\HandleCors->handle()
#45 /var/www/indonesia-luxe/vendor/laravel/framework/src/Illuminate/Http/Middleware/TrustProxies.php(58): Illuminate\\Pipeline\\Pipeline->{closure:{closure:Illuminate\\Pipeline\\Pipeline::carry():194}:195}()
#46 /var/www/indonesia-luxe/vendor/laravel/framework/src/Illuminate/Pipeline/Pipeline.php(219): Illuminate\\Http\\Middleware\\TrustProxies->handle()
#47 /var/www/indonesia-luxe/vendor/laravel/framework/src/Illuminate/Foundation/Http/Middleware/InvokeDeferredCallbacks.php(22): Illuminate\\Pipeline\\Pipeline->{closure:{closure:Illuminate\\Pipeline\\Pipeline::carry():194}:195}()
#48 /var/www/indonesia-luxe/vendor/laravel/framework/src/Illuminate/Pipeline/Pipeline.php(219): Illuminate\\Foundation\\Http\\Middleware\\InvokeDeferredCallbacks->handle()
#49 /var/www/indonesia-luxe/vendor/laravel/framework/src/Illuminate/Http/Middleware/ValidatePathEncoding.php(26): Illuminate\\Pipeline\\Pipeline->{closure:{closure:Illuminate\\Pipeline\\Pipeline::carry():194}:195}()
#50 /var/www/indonesia-luxe/vendor/laravel/framework/src/Illuminate/Pipeline/Pipeline.php(219): Illuminate\\Http\\Middleware\\ValidatePathEncoding->handle()
#51 /var/www/indonesia-luxe/vendor/laravel/framework/src/Illuminate/Pipeline/Pipeline.php(137): Illuminate\\Pipeline\\Pipeline->{closure:{closure:Illuminate\\Pipeline\\Pipeline::carry():194}:195}()
#52 /var/www/indonesia-luxe/vendor/laravel/framework/src/Illuminate/Foundation/Http/Kernel.php(175): Illuminate\\Pipeline\\Pipeline->then()
#53 /var/www/indonesia-luxe/vendor/laravel/framework/src/Illuminate/Foundation/Http/Kernel.php(144): Illuminate\\Foundation\\Http\\Kernel->sendRequestThroughRouter()
#54 /var/www/indonesia-luxe/vendor/laravel/framework/src/Illuminate/Foundation/Application.php(1220): Illuminate\\Foundation\\Http\\Kernel->handle()
#55 /var/www/indonesia-luxe/public/index.php(20): Illuminate\\Foundation\\Application->handleRequest()
#56 {main}
"} 
